FIPS,COUNTY,ST_ABBR,RPL_THEMES,RPL_THEME1,RPL_THEME2,RPL_THEME3,RPL_THEME4,EP_NOVEH,EP_AFAM,EP_UNINSUR,EP_LIMENG,EP_POV150,EP_UNEMP,EP_NOHSDP,EP_HISP,EP_MUNIT,EP_HBURD,EP_DISABL,EP_MINRTY,ANNUAL_CHECKUP,DEPRESSION_PREV,DIABETES_PREV,FOOD_INSECURITY,HIGH_CHOL_PREV,MAMMOGRAPHY,OBESITY_PREV,RURAL_CODE,REGION_Northeast,REGION_South,REGION_West,UNDERDIAGNOSIS_RISK
01001,Autauga County,AL,0.2663,0.2367,0.3675,0.6354,0.2358,4.0,19.6,7.4,0.4,20.2,2.8,9.6,3.2,3.9,19.7,16.4,27.4,79.4,25.9,11.4,17.0,36.3,80.7,39.5,3.0,0,1,0,0
01003,Baldwin County,AL,0.3487,0.3433,0.2883,0.489,0.4308,2.3,8.3,9.3,0.8,18.3,3.4,8.4,4.8,16.6,23.2,13.9,17.7,77.5,23.9,10.4,14.2,35.4,74.1,35.0,4.0,0,1,0,0
01005,Barbour County,AL,0.9927,0.9399,0.9399,0.8941,0.9959,11.7,46.9,10.7,2.0,37.7,5.8,23.5,4.8,1.4,25.1,18.1,55.4,79.3,22.9,16.5,32.1,36.5,74.8,47.1,5.0,0,1,0,1
01007,Bibb County,AL,0.8451,0.8893,0.4954,0.6185,0.8931,7.5,20.7,8.4,0.3,29.0,8.7,21.1,2.9,2.7,23.2,19.6,25.8,77.3,25.0,13.9,24.3,36.7,69.2,43.7,2.0,0,1,0,1
01009,Blount County,AL,0.6166,0.6866,0.7884,0.413,0.3532,4.8,1.2,10.2,2.2,22.9,6.0,18.2,9.7,0.9,19.4,17.0,14.3,77.0,26.0,11.3,17.7,35.7,69.6,36.0,2.0,0,1,0,0
01011,Bullock County,AL,0.8985,0.8654,0.5138,0.9809,0.9491,10.4,68.9,12.2,1.8,47.4,3.7,26.6,8.8,4.1,23.3,11.2,79.4,80.3,21.7,21.3,44.0,37.1,74.8,51.0,6.0,0,1,0,1
01013,Butler County,AL,0.6872,0.8441,0.6106,0.8661,0.217,5.0,44.6,11.0,0.1,33.8,6.8,12.4,1.7,0.8,22.5,16.2,49.1,80.1,23.8,15.2,28.6,36.0,76.4,40.7,6.0,0,1,0,0
01015,Calhoun County,AL,0.8145,0.854,0.65,0.658,0.7114,5.6,21.7,10.8,0.5,28.7,6.9,14.9,4.1,3.7,23.0,20.2,29.5,77.6,25.3,12.9,21.5,35.4,76.2,39.1,4.0,0,1,0,1
01017,Chambers County,AL,0.8295,0.7171,0.5317,0.8396,0.9469,7.0,40.8,10.8,0.3,28.8,3.6,16.5,3.3,7.2,23.1,20.8,45.7,78.9,23.9,14.5,26.1,34.8,76.1,41.6,5.0,0,1,0,1
01019,Cherokee County,AL,0.406,0.6077,0.6494,0.2628,0.1152,3.2,4.0,10.2,0.9,25.6,4.0,18.1,1.9,1.2,19.9,20.3,9.3,76.3,27.1,11.8,18.4,36.8,74.3,39.3,6.0,0,1,0,0
01021,Chilton County,AL,0.5336,0.5924,0.6837,0.5425,0.2698,3.3,9.4,11.5,2.1,22.8,5.3,17.8,8.1,0.5,16.0,19.4,20.9,77.1,25.3,12.0,19.4,37.7,73.5,39.8,2.0,0,1,0,0
01023,Choctaw County,AL,0.6548,0.6901,0.798,0.8151,0.2539,5.7,39.9,8.2,0.3,31.9,5.2,17.6,1.1,0.9,19.3,23.6,43.5,79.6,25.3,15.0,27.3,36.4,74.8,44.5,6.0,0,1,0,0
01025,Clarke County,AL,0.8365,0.8412,0.7264,0.8641,0.6462,10.6,45.4,9.5,0.1,29.7,12.5,18.6,1.5,1.4,20.0,19.6,48.8,79.9,23.9,14.9,27.4,35.0,75.6,44.2,6.0,0,1,0,1
01027,Clay County,AL,0.6223,0.7235,0.3688,0.5269,0.5851,6.4,12.6,8.1,0.0,29.1,5.7,16.7,3.1,0.7,20.6,19.6,19.9,77.4,26.0,12.9,21.6,36.6,73.0,42.4,6.0,0,1,0,0
01029,Cleburne County,AL,0.5196,0.4938,0.6739,0.1985,0.5482,6.8,2.7,10.1,0.4,27.7,2.6,17.5,2.6,0.3,17.8,21.4,7.8,76.3,26.9,11.7,17.9,36.2,74.2,37.1,6.0,0,1,0,0
01031,Coffee County,AL,0.6802,0.6497,0.9488,0.6806,0.2323,4.0,16.1,10.9,1.7,26.2,4.8,13.4,8.4,1.6,20.6,18.3,31.2,77.6,25.0,12.7,20.3,35.1,74.7,40.8,5.0,0,1,0,0
01033,Colbert County,AL,0.4467,0.4944,0.6984,0.5644,0.16,4.7,16.0,7.9,0.9,23.1,3.4,13.6,3.2,3.1,22.9,17.3,22.3,77.9,25.8,12.1,18.7,35.9,71.0,37.4,4.0,0,1,0,0
01035,Conecuh County,AL,0.5122,0.5272,0.5332,0.8727,0.2482,7.0,48.0,8.6,0.0,38.6,4.4,10.6,0.7,1.3,17.9,20.9,50.3,79.5,24.1,16.8,32.8,36.0,72.9,46.8,6.0,0,1,0,0
01037,Coosa County,AL,0.4808,0.3513,0.328,0.7321,0.6427,3.8,30.2,6.2,0.0,22.2,4.4,16.5,2.7,0.1,15.3,25.6,35.8,78.0,24.3,13.5,23.1,35.1,76.8,41.6,5.0,0,1,0,0
01039,Covington County,AL,0.7121,0.7509,0.7821,0.4839,0.5075,6.4,12.3,10.3,0.1,30.1,5.5,14.2,2.0,1.0,20.9,20.8,17.5,77.7,26.0,12.8,20.5,36.7,74.8,38.1,6.0,0,1,0,0
01041,Crenshaw County,AL,0.685,0.7588,0.6201,0.6656,0.4575,7.3,22.9,8.5,0.5,28.4,6.1,17.9,2.5,0.4,20.7,16.9,30.1,78.5,25.0,13.4,23.0,35.6,72.8,40.3,6.0,0,1,0,0
01043,Cullman County,AL,0.4909,0.5323,0.713,0.2587,0.3341,2.9,1.1,10.6,0.8,23.3,4.3,15.4,4.6,2.7,18.6,18.2,9.2,76.9,26.5,11.0,16.4,35.2,73.7,36.2,5.0,0,1,0,0
01045,Dale County,AL,0.7766,0.8648,0.9014,0.7003,0.2736,5.2,20.4,10.0,0.9,29.6,7.8,14.3,7.0,1.7,23.3,20.8,32.7,78.2,25.5,13.7,22.2,36.7,73.8,41.5,5.0,0,1,0,1
01047,Dallas County,AL,0.9189,0.9555,0.867,0.9698,0.594,14.6,68.7,9.5,0.2,40.8,9.1,14.7,1.1,1.7,28.4,19.8,73.0,81.8,21.4,18.1,35.9,36.7,78.5,46.5,5.0,0,1,0,1
01049,DeKalb County,AL,0.756,0.7996,0.8139,0.5425,0.5017,4.2,1.5,14.6,4.7,33.6,3.9,22.3,15.4,1.1,20.6,15.4,20.9,76.0,27.2,13.3,23.7,36.5,71.4,38.6,5.0,0,1,0,1
01051,Elmore County,AL,0.4397,0.3185,0.3869,0.6373,0.5667,4.3,20.8,8.2,0.7,18.7,4.2,11.5,3.1,3.2,18.5,15.2,27.6,78.9,23.6,11.4,17.9,35.7,76.3,38.7,3.0,0,1,0,0
01053,Escambia County,AL,0.8473,0.9462,0.7353,0.7814,0.4986,6.1,30.2,12.3,0.4,38.3,9.2,17.7,2.6,0.7,22.4,20.3,39.8,78.5,24.9,15.6,29.9,36.6,70.7,43.9,6.0,0,1,0,1
01055,Etowah County,AL,0.672,0.7961,0.7544,0.574,0.2911,4.2,15.0,11.7,0.9,27.2,6.0,13.9,4.4,3.1,22.1,17.4,22.9,77.7,26.1,13.4,20.8,36.0,74.3,43.6,4.0,0,1,0,0
01057,Fayette County,AL,0.7458,0.8514,0.4788,0.4556,0.6914,10.7,12.7,10.1,0.1,34.5,9.6,16.3,0.4,2.6,19.7,23.5,16.1,77.5,27.3,13.1,21.3,35.8,71.5,40.6,6.0,0,1,0,0
01059,Franklin County,AL,0.7576,0.6675,0.9491,0.6045,0.4846,9.2,4.2,12.5,4.2,33.3,3.8,19.9,18.4,2.2,16.6,17.0,24.8,76.3,25.9,13.9,25.0,37.7,72.1,42.2,5.0,0,1,0,1
01061,Geneva County,AL,0.5822,0.6729,0.6427,0.5161,0.3509,6.8,8.9,12.1,0.6,32.0,3.9,16.6,4.4,0.4,18.9,23.9,19.2,77.1,27.1,13.0,22.2,36.2,76.9,42.2,4.0,0,1,0,0
01063,Greene County,AL,0.9157,0.9211,0.8425,0.9857,0.7254,13.2,81.8,13.9,0.0,50.0,4.5,18.1,0.3,3.5,25.1,28.2,82.9,81.9,22.0,21.1,44.4,36.2,74.9,53.4,3.0,0,1,0,0
01065,Hale County,AL,0.8826,0.9341,0.5072,0.9259,0.8148,11.5,56.8,7.0,0.2,35.9,7.6,19.4,0.2,0.9,28.6,25.0,61.6,80.4,22.3,16.3,31.6,35.5,79.6,47.8,3.0,0,1,0,0
01067,Henry County,AL,0.6195,0.6519,0.5695,0.6726,0.4677,7.6,25.1,9.6,0.3,25.9,5.3,18.5,2.7,0.8,18.3,20.6,30.5,78.2,24.8,12.8,21.3,35.7,74.1,41.2,4.0,0,1,0,0
01069,Houston County,AL,0.7175,0.7703,0.7499,0.7251,0.3936,6.2,27.1,11.7,0.5,27.8,5.0,12.4,3.6,4.1,24.0,16.8,35.1,79.4,25.8,13.1,21.5,34.2,74.6,40.5,4.0,0,1,0,0
01071,Jackson County,AL,0.7194,0.8552,0.8136,0.328,0.3783,4.6,3.2,11.0,0.7,31.0,6.0,18.0,3.2,1.1,21.9,21.7,11.2,76.8,28.2,12.7,20.8,35.9,72.4,39.1,5.0,0,1,0,0
01073,Jefferson County,AL,0.7251,0.6802,0.6109,0.8766,0.6017,6.9,42.6,9.0,1.0,24.6,5.4,8.9,4.2,13.9,28.3,14.9,51.1,80.0,23.2,13.5,20.8,35.4,84.2,37.6,2.0,0,1,0,0
01075,Lamar County,AL,0.4731,0.5654,0.4718,0.413,0.3395,5.7,11.0,7.8,0.1,26.7,5.0,17.9,0.5,2.5,17.3,22.4,14.3,77.1,26.5,12.9,21.3,36.9,77.1,40.8,6.0,0,1,0,0
01077,Lauderdale County,AL,0.4919,0.4687,0.4219,0.4636,0.5568,6.1,9.7,9.5,0.9,24.4,3.6,11.2,3.0,7.1,20.8,15.3,16.6,77.7,25.2,11.0,16.1,35.0,74.6,36.7,4.0,0,1,0,0
01079,Lawrence County,AL,0.3624,0.4652,0.3878,0.5867,0.1833,5.1,10.2,9.1,0.6,27.2,3.0,17.3,2.5,1.0,16.9,21.4,23.7,77.2,26.1,12.5,20.6,35.9,75.2,39.2,4.0,0,1,0,0
01081,Lee County,AL,0.6446,0.5609,0.2046,0.7038,0.9023,4.8,22.1,8.6,1.3,27.0,3.8,8.3,3.9,12.7,27.3,13.2,33.1,79.3,23.4,12.7,17.5,35.1,78.6,39.9,4.0,0,1,0,0
01083,Limestone County,AL,0.3233,0.3,0.2574,0.6115,0.399,3.1,13.0,8.2,1.0,18.4,4.1,12.7,6.3,3.6,16.7,14.3,25.3,78.0,24.2,10.9,15.4,35.7,76.1,39.0,3.0,0,1,0,0
01085,Lowndes County,AL,0.9042,0.9679,0.7642,0.9755,0.5813,11.1,74.8,8.9,0.0,45.0,7.5,16.7,0.2,0.0,36.2,22.4,75.4,81.4,22.0,19.4,40.3,35.4,74.5,51.3,3.0,0,1,0,0
01087,Macon County,AL,0.9656,0.9618,0.6185,0.9866,0.9765,10.8,78.8,11.1,0.4,36.7,12.5,17.3,2.4,5.0,24.7,18.4,83.9,82.2,21.6,17.7,33.2,34.7,78.7,49.1,4.0,0,1,0,1
01089,Madison County,AL,0.3509,0.2813,0.3369,0.7423,0.3723,4.1,24.3,7.8,1.1,17.8,4.2,7.8,5.3,10.2,21.4,13.5,36.5,79.3,22.0,10.9,13.7,35.0,79.7,40.1,3.0,0,1,0,0
01091,Marengo County,AL,0.6691,0.5434,0.7741,0.8953,0.4932,8.6,50.8,9.3,0.0,32.5,2.8,10.9,2.8,2.1,22.1,22.6,55.5,80.6,23.5,16.1,28.9,37.3,75.7,43.2,6.0,0,1,0,0
01093,Marion County,AL,0.6946,0.8565,0.4368,0.2587,0.6507,5.0,3.8,11.0,0.3,30.1,6.5,19.4,2.7,1.4,21.0,25.7,9.2,76.5,27.3,12.3,20.3,36.7,71.7,42.5,6.0,0,1,0,0
01095,Marshall County,AL,0.6201,0.6223,0.9087,0.5425,0.2504,4.8,2.7,11.1,3.4,26.6,3.8,15.6,15.1,1.9,20.6,14.1,20.9,76.2,26.2,12.4,19.2,36.8,72.9,37.6,5.0,0,1,0,0
01097,Mobile County,AL,0.8304,0.8629,0.623,0.8212,0.7095,6.7,36.0,11.3,0.9,28.3,5.9,11.9,3.0,10.1,28.3,13.8,44.2,78.1,22.7,14.1,22.3,35.3,77.4,39.0,3.0,0,1,0,0
01099,Monroe County,AL,0.7416,0.9119,0.2997,0.8473,0.4871,6.3,42.3,11.0,0.1,34.2,12.2,16.3,0.2,1.4,21.6,16.4,46.3,79.6,24.2,15.6,29.6,35.4,75.8,43.9,6.0,0,1,0,0
01101,Montgomery County,AL,0.929,0.9036,0.8762,0.9542,0.8069,6.9,58.9,10.6,1.4,30.0,6.8,12.0,3.8,9.1,30.4,16.4,68.4,82.0,21.4,14.8,25.6,34.0,80.9,46.3,3.0,0,1,0,0
01103,Morgan County,AL,0.6787,0.5396,0.8142,0.6179,0.6258,5.1,12.9,11.0,2.5,23.4,4.2,14.8,8.8,5.1,19.1,16.7,25.7,77.0,24.9,12.3,18.8,35.9,74.9,38.5,4.0,0,1,0,0
01105,Perry County,AL,0.9214,0.9456,0.7976,0.9653,0.7324,10.4,70.1,6.6,0.0,49.2,15.7,20.4,1.0,0.5,26.4,25.2,71.6,81.9,23.4,20.5,41.9,36.4,75.4,54.0,6.0,0,1,0,1
01107,Pickens County,AL,0.8918,0.7646,0.9268,0.8482,0.8387,7.8,39.2,8.5,1.8,33.6,5.3,15.1,5.2,2.3,22.1,24.1,46.4,79.2,23.1,15.2,27.9,36.6,79.5,48.0,3.0,0,1,0,0
01109,Pike County,AL,0.8002,0.8218,0.2634,0.8279,0.8906,6.7,37.2,8.9,0.8,34.0,4.9,12.1,2.4,5.4,30.5,15.1,44.7,79.7,24.6,14.6,24.8,35.2,75.8,43.3,5.0,0,1,0,1
01111,Randolph County,AL,0.559,0.4998,0.6857,0.6128,0.4598,5.3,19.0,8.4,0.2,27.2,3.2,18.0,3.0,0.9,18.7,19.0,25.4,78.3,25.8,12.7,20.7,36.9,74.4,38.0,6.0,0,1,0,0
01113,Russell County,AL,0.8963,0.9504,0.8925,0.8976,0.4897,8.8,44.5,11.7,0.6,32.0,6.5,14.8,5.9,4.8,33.1,21.0,55.9,79.4,24.3,15.3,28.0,36.4,75.8,42.7,3.0,0,1,0,0
01115,St. Clair County,AL,0.2587,0.3048,0.1893,0.4378,0.3287,3.3,9.6,8.2,0.1,16.5,4.3,12.7,2.5,1.1,17.9,16.3,15.4,77.8,25.9,10.9,16.1,36.8,76.2,39.2,2.0,0,1,0,0
01117,Shelby County,AL,0.1238,0.0735,0.2453,0.5927,0.1842,2.6,13.0,6.4,1.3,11.6,3.1,6.2,5.9,7.1,18.9,12.0,24.1,78.0,22.3,9.6,11.6,35.6,80.3,31.6,2.0,0,1,0,0
01119,Sumter County,AL,0.9255,0.9185,0.6997,0.9736,0.9004,7.7,72.3,9.7,0.5,44.1,8.2,11.2,0.7,2.1,26.9,20.3,74.8,82.3,21.9,18.2,34.1,35.7,79.3,50.0,6.0,0,1,0,1
01121,Talladega County,AL,0.908,0.889,0.8291,0.7579,0.8689,7.7,31.8,9.4,0.6,29.7,8.4,16.8,2.5,1.9,23.4,21.5,37.7,79.5,23.7,14.2,23.6,35.7,76.6,45.4,5.0,0,1,0,1
01123,Tallapoosa County,AL,0.8692,0.8139,0.9526,0.6847,0.6637,6.9,26.5,9.5,1.0,27.4,10.4,18.1,2.4,3.9,19.9,20.8,31.4,79.0,25.2,12.7,21.0,36.5,73.9,39.6,5.0,0,1,0,1
01125,Tuscaloosa County,AL,0.651,0.6319,0.1371,0.776,0.8584,5.7,32.0,6.7,0.7,25.9,5.5,9.4,4.0,16.9,27.3,12.5,39.5,81.1,24.7,12.4,20.1,37.0,78.1,43.2,3.0,0,1,0,0
01127,Walker County,AL,0.6398,0.741,0.8352,0.3649,0.3166,4.7,6.0,12.1,0.5,28.0,5.7,17.3,2.9,0.8,18.1,24.3,12.4,77.3,27.8,12.2,20.1,35.1,69.2,35.7,2.0,0,1,0,0
01129,Washington County,AL,0.3217,0.5962,0.1158,0.72,0.1145,4.1,23.4,9.2,0.0,30.2,6.3,11.7,1.7,0.0,15.0,15.6,34.7,78.0,25.5,13.3,22.3,35.8,74.9,41.0,6.0,0,1,0,0
01131,Wilcox County,AL,0.9819,0.9609,0.9691,0.9685,0.8479,13.6,70.2,9.4,0.5,44.2,10.7,22.3,0.2,0.1,24.1,21.2,72.6,81.1,22.7,19.1,40.4,35.9,73.3,51.9,6.0,0,1,0,1
01133,Winston County,AL,0.6125,0.6946,0.8352,0.1928,0.4079,5.3,1.1,11.3,0.9,29.4,4.4,20.0,3.2,1.1,18.6,22.5,7.7,76.5,28.0,12.7,21.5,37.5,71.8,39.0,6.0,0,1,0,0
02013,Aleutians East Borough,AK,0.7754,0.651,0.1184,0.987,0.9898,25.0,5.0,39.7,14.5,23.7,4.4,19.0,11.9,3.6,15.7,10.4,84.3,64.6,12.3,12.9,21.0,32.5,62.8,29.8,6.0,0,0,1,1
02016,Aleutians West Census Area,AK,0.5033,0.2555,0.0159,0.9787,0.9955,9.9,3.9,17.2,10.0,15.4,3.0,10.5,15.4,19.0,12.6,7.5,76.6,64.9,13.1,11.4,16.4,32.2,64.3,30.5,6.0,0,0,1,0
02020,Anchorage Municipality,AK,0.6052,0.4044,0.3901,0.8291,0.8241,5.7,5.1,10.5,2.1,15.8,5.2,5.8,9.7,11.8,24.6,11.2,44.8,70.7,21.2,8.8,12.8,29.5,69.0,35.0,3.0,0,0,1,0
02050,Bethel Census Area,AK,0.9424,0.8963,0.6392,0.9949,0.9777,61.9,1.2,14.0,1.3,39.5,16.2,17.3,2.2,4.8,17.2,11.5,91.2,64.9,20.3,14.7,37.0,30.0,57.2,39.4,6.0,0,0,1,1
02060,Bristol Bay Borough,AK,0.2332,0.1171,0.0019,0.896,0.9516,10.2,0.4,19.1,0.0,10.5,2.7,5.0,8.7,2.3,7.4,14.9,55.6,64.8,19.8,9.1,14.4,29.3,65.3,34.5,6.0,0,0,1,0
02063,Chugach Census Area,AK,0.6876,0.4292,0.3627,0.658,0.9844,5.7,1.6,14.7,1.7,10.6,8.8,5.5,5.9,10.1,20.1,15.9,29.5,65.7,19.0,8.0,12.0,29.8,67.6,30.7,6.0,0,0,1,0
02066,Copper River Census Area,AK,0.5247,0.4881,0.6017,0.8571,0.3019,7.0,0.0,19.6,0.0,21.4,6.5,7.6,6.5,1.1,13.3,19.0,47.6,66.1,21.1,8.9,15.0,29.2,68.8,33.1,6.0,0,0,1,0
02068,Denali Borough,AK,0.0353,0.0013,0.0003,0.6045,0.7009,3.2,2.3,3.0,0.4,9.3,1.9,3.3,1.7,3.2,15.6,11.5,24.8,65.9,19.7,7.7,11.9,29.4,68.6,29.9,6.0,0,0,1,0
02070,Dillingham Census Area,AK,0.8931,0.7798,0.7436,0.9895,0.9278,36.2,1.6,18.1,1.7,27.3,11.3,11.9,3.3,3.0,16.9,11.3,85.7,63.5,20.0,12.5,27.4,29.4,62.7,38.5,6.0,0,0,1,1
02090,Fairbanks North Star Borough,AK,0.4925,0.3493,0.2319,0.6949,0.77,4.8,3.9,8.6,0.8,13.4,5.5,5.3,8.3,8.5,24.6,12.6,32.2,66.8,20.1,8.3,11.2,31.2,58.4,35.8,4.0,0,0,1,0
02100,Haines Borough,AK,0.4594,0.2717,0.2759,0.6332,0.7916,9.0,0.0,9.1,0.0,15.0,4.3,2.3,8.2,1.6,24.4,15.1,27.2,66.7,20.5,7.7,11.5,29.6,69.6,33.3,6.0,0,0,1,0
02105,Hoonah-Angoon Census Area,AK,0.6376,0.5698,0.2743,0.8727,0.7534,33.1,0.0,19.5,0.6,24.2,14.0,6.0,9.9,1.1,15.7,19.9,50.3,66.2,20.5,10.4,19.7,30.1,67.2,36.4,6.0,0,0,1,0
02110,Juneau City and Borough,AK,0.3528,0.1365,0.0531,0.7617,0.9313,9.6,1.0,6.9,1.0,12.3,4.5,4.6,7.2,14.0,20.0,11.5,38.2,66.7,21.5,7.8,11.8,30.7,68.5,34.5,5.0,0,0,1,0
02122,Kenai Peninsula Borough,AK,0.4725,0.5345,0.1985,0.5581,0.5307,4.8,0.6,12.7,0.4,19.1,7.2,5.8,4.4,2.5,22.3,15.5,22.0,62.4,20.7,7.9,13.4,31.4,61.3,32.0,6.0,0,0,1,0
02130,Ketchikan Gateway Borough,AK,0.5027,0.3331,0.1047,0.7607,0.908,11.8,0.6,9.4,0.7,16.6,4.1,5.3,5.6,11.6,25.6,14.1,38.1,66.9,19.5,8.6,13.5,29.5,67.0,37.4,5.0,0,0,1,0
02150,Kodiak Island Borough,AK,0.637,0.364,0.2529,0.8877,0.9644,8.9,0.8,12.9,7.2,15.0,5.7,8.8,8.8,10.0,16.6,9.2,54.0,67.1,17.2,9.3,14.8,31.7,69.0,31.4,6.0,0,0,1,0
02158,Kusilvak Census Area,AK,0.8568,0.9042,0.5679,0.9994,0.7035,85.9,0.8,14.1,0.3,53.1,20.9,18.6,0.9,0.4,16.1,13.7,96.9,66.0,22.7,18.0,45.8,30.5,48.5,47.0,6.0,0,0,1,1
02164,Lake and Peninsula Borough,AK,0.7926,0.6923,0.6246,0.9857,0.7623,42.0,2.2,31.5,0.7,26.9,14.0,9.2,0.1,0.1,8.9,13.7,82.9,66.5,20.5,12.6,26.1,29.7,62.4,38.6,6.0,0,0,1,1
02170,Matanuska-Susitna Borough,AK,0.4792,0.552,0.4082,0.5797,0.3474,3.7,1.3,13.3,0.7,16.6,7.0,5.8,5.6,2.2,24.3,13.9,23.3,69.9,22.1,8.3,13.1,32.0,64.4,37.0,3.0,0,0,1,0
02180,Nome Census Area,AK,0.8683,0.8785,0.3449,0.9898,0.9214,57.2,1.0,14.7,0.3,35.7,16.5,11.8,2.0,3.2,19.8,9.9,86.1,65.3,20.1,13.7,31.8,30.5,58.7,38.8,6.0,0,0,1,1
02185,North Slope Borough,AK,0.7747,0.4283,0.4604,0.9551,0.9946,36.5,1.8,15.0,1.4,12.7,6.8,9.3,3.9,12.1,16.4,11.4,68.7,65.3,17.7,11.0,18.3,29.9,65.9,41.2,6.0,0,0,1,1
02188,Northwest Arctic Borough,AK,0.8734,0.8304,0.3611,0.9943,0.9602,65.3,1.2,19.2,0.3,31.3,15.5,13.9,2.6,4.7,15.4,10.3,90.4,66.9,20.3,14.6,32.1,30.0,62.1,40.9,6.0,0,0,1,1
02195,Petersburg Borough,AK,0.6857,0.3929,0.7445,0.8352,0.8072,12.6,1.2,9.6,6.8,12.4,4.4,13.0,9.1,3.6,21.1,19.0,45.4,64.9,19.2,8.5,12.9,30.2,69.1,30.8,6.0,0,0,1,0
02198,Prince of Wales-Hyder Census Area,AK,0.818,0.5978,0.6341,0.9001,0.9523,8.3,0.4,18.9,0.3,25.6,7.5,7.5,4.1,3.4,15.8,21.3,56.3,66.4,21.4,11.0,21.8,29.3,64.4,37.7,6.0,0,0,1,1
02220,Sitka City and Borough,AK,0.4442,0.3029,0.0827,0.7843,0.8237,10.5,0.6,12.3,0.9,11.7,5.0,4.8,7.4,6.0,21.3,14.2,40.1,66.5,19.8,8.4,12.1,28.5,71.4,29.7,6.0,0,0,1,0
02230,Skagway Municipality,AK,0.3328,0.3042,0.0283,0.5829,0.7875,6.3,3.1,9.7,1.1,13.0,11.0,7.3,2.5,1.2,12.9,14.3,23.5,66.2,20.2,7.8,11.9,29.6,66.7,35.0,6.0,0,0,1,0
02240,Southeast Fairbanks Census Area,AK,0.6755,0.4906,0.6939,0.6449,0.7798,5.7,0.9,16.4,2.2,22.2,6.6,6.3,7.1,2.7,17.3,19.1,28.2,64.2,19.7,9.0,15.4,28.8,61.9,35.0,6.0,0,0,1,0
02275,Wrangell City and Borough,AK,0.5342,0.4187,0.6806,0.825,0.3939,6.3,0.0,16.5,0.1,16.6,3.4,12.9,5.8,1.7,19.0,23.1,44.4,65.2,20.2,9.1,15.9,30.7,63.4,35.0,6.0,0,0,1,0
02282,Yakutat City and Borough,AK,0.3723,0.1416,0.1079,0.9577,0.8116,12.6,2.1,23.2,1.5,15.5,1.8,6.0,6.6,1.0,6.1,9.6,69.3,65.0,19.3,10.6,19.8,30.6,63.0,34.6,6.0,0,0,1,0
02290,Yukon-Koyukuk Census Area,AK,0.8807,0.839,0.7394,0.98,0.8037,46.9,0.2,21.0,0.1,35.4,11.1,13.0,2.7,0.6,15.2,17.8,78.2,66.7,20.6,13.9,30.6,31.9,62.2,36.6,6.0,0,0,1,1
04001,Apache County,AZ,0.965,0.8902,0.9284,0.9841,0.9402,12.7,0.9,23.6,4.8,47.1,9.5,16.0,7.0,0.6,12.9,14.0,81.8,69.8,21.0,15.3,35.0,28.6,58.0,36.0,6.0,0,0,1,1
04003,Cochise County,AZ,0.9325,0.7121,0.9574,0.8473,0.9714,6.0,3.3,7.7,3.7,27.0,6.8,11.1,35.7,6.4,23.1,17.9,46.3,70.9,21.2,10.6,18.5,33.2,64.0,31.8,4.0,0,0,1,1
04005,Coconino County,AZ,0.8031,0.8097,0.0595,0.8533,0.9917,5.4,1.5,11.2,2.1,26.7,7.0,8.5,14.7,9.7,28.7,12.7,47.0,69.0,22.2,9.8,16.8,30.7,63.4,25.3,4.0,0,0,1,1
04007,Gila County,AZ,0.847,0.8466,0.6131,0.7668,0.8352,6.9,0.7,9.8,0.6,30.6,6.9,12.9,19.2,1.2,24.2,21.2,38.8,71.1,22.9,10.5,20.6,30.3,63.1,32.2,5.0,0,0,1,1
04009,Graham County,AZ,0.8486,0.7,0.6596,0.8702,0.9513,4.9,1.9,8.5,1.5,25.9,6.0,15.4,33.5,2.9,20.7,12.9,49.6,70.2,20.4,10.9,21.2,30.4,67.9,36.3,5.0,0,0,1,1
04011,Greenlee County,AZ,0.3598,0.0974,0.6726,0.8934,0.4407,2.7,1.8,2.3,0.9,16.5,3.0,14.1,48.3,2.8,10.8,12.5,55.3,70.6,19.3,10.1,16.5,32.1,70.9,33.0,6.0,0,0,1,0
04012,La Paz County,AZ,0.9195,0.9236,0.9701,0.818,0.5775,4.8,0.4,15.2,5.1,30.9,10.7,17.4,28.2,0.5,20.7,23.2,43.9,69.5,21.2,11.5,24.5,30.5,65.4,36.1,6.0,0,0,1,1
04013,Maricopa County,AZ,0.713,0.6201,0.5705,0.8521,0.6907,5.2,5.4,11.0,4.4,19.0,4.8,10.8,31.7,15.8,26.6,11.7,46.8,72.0,18.9,9.6,15.7,33.0,75.0,30.6,1.0,0,0,1,0
04015,Mohave County,AZ,0.8489,0.8285,0.8419,0.5994,0.762,4.4,1.1,9.1,1.5,27.1,7.5,12.2,17.4,4.2,25.9,22.3,24.5,67.7,21.5,9.7,18.4,31.2,61.5,33.3,4.0,0,0,1,1
04017,Navajo County,AZ,0.9806,0.8902,0.9863,0.9103,0.9446,8.5,0.9,14.5,2.4,38.8,9.7,14.4,11.9,1.4,18.8,17.9,58.1,68.1,23.3,12.3,26.2,29.7,63.0,37.9,5.0,0,0,1,1
04019,Pima County,AZ,0.888,0.7493,0.7356,0.8711,0.9663,7.2,3.1,9.1,3.5,24.1,5.9,10.5,38.1,14.1,28.5,15.0,49.9,73.3,23.6,9.5,15.7,32.8,72.7,32.2,1.0,0,0,1,0
04021,Pinal County,AZ,0.797,0.6347,0.8374,0.833,0.7521,3.5,4.4,9.6,2.8,20.0,6.4,11.5,31.2,2.2,22.8,16.1,45.2,72.7,20.6,10.9,18.3,34.5,70.4,38.7,2.0,0,0,1,1
04023,Santa Cruz County,AZ,0.9383,0.987,0.9395,0.9879,0.4092,6.0,0.2,14.0,21.6,33.4,9.8,22.0,83.1,2.0,27.5,12.9,84.9,70.2,16.6,13.2,27.4,33.3,70.9,34.8,5.0,0,0,1,1
04025,Yavapai County,AZ,0.5991,0.5752,0.5488,0.546,0.6026,3.9,0.6,10.9,1.5,21.4,4.9,7.9,15.2,4.0,25.9,18.1,21.2,69.6,21.6,8.0,13.8,30.2,61.4,27.6,4.0,0,0,1,0
04027,Yuma County,AZ,0.9978,0.9819,0.9736,0.9612,0.98,5.3,1.5,13.5,13.9,31.7,8.3,23.8,65.3,4.2,26.8,12.9,70.8,71.4,18.6,12.9,26.3,31.1,69.4,39.0,4.0,0,0,1,1
05001,Arkansas County,AR,0.7226,0.6787,0.5078,0.6901,0.7585,9.7,25.7,6.3,0.3,27.7,6.5,14.0,3.8,2.6,21.7,20.9,31.8,78.1,24.7,12.1,21.9,32.7,71.1,39.0,6.0,0,1,0,0
05003,Ashley County,AR,0.8237,0.8171,0.9262,0.6971,0.5062,8.9,24.8,8.4,1.3,37.6,6.0,14.1,6.1,2.2,22.9,22.9,32.4,78.2,27.4,14.2,26.5,34.4,67.6,45.2,6.0,0,1,0,1
05005,Baxter County,AR,0.4333,0.6131,0.3618,0.2109,0.3366,4.4,0.2,6.5,0.1,28.9,5.1,10.4,2.7,3.1,24.1,26.1,8.0,76.7,28.7,10.3,17.3,30.9,69.7,38.2,5.0,0,1,0,0
05007,Benton County,AR,0.3268,0.182,0.5892,0.7286,0.3115,2.8,1.8,9.4,3.7,14.9,2.9,9.9,17.4,8.0,17.2,10.0,35.4,78.0,23.8,9.8,13.2,30.3,72.2,35.1,3.0,0,1,0,0
05009,Boone County,AR,0.2647,0.4053,0.4563,0.1508,0.1674,5.5,0.3,7.4,0.2,22.9,4.4,9.4,2.9,2.7,21.6,20.0,7.0,76.2,26.9,10.4,16.0,33.2,70.1,40.8,5.0,0,1,0,0
05011,Bradley County,AR,0.8864,0.8778,0.895,0.8365,0.6901,8.6,26.0,12.5,1.1,33.0,5.6,14.2,16.0,1.0,23.7,20.0,45.5,78.0,24.3,14.3,27.8,35.0,71.5,42.6,6.0,0,1,0,1
05013,Calhoun County,AR,0.4967,0.5205,0.6545,0.6487,0.2307,3.3,20.8,8.1,1.2,21.1,9.1,14.7,4.9,0.4,9.9,24.5,28.6,77.1,24.6,11.3,18.2,33.5,72.2,39.1,5.0,0,1,0,0
05015,Carroll County,AR,0.6421,0.6618,0.6608,0.6287,0.4722,5.0,0.4,12.4,4.4,26.3,3.1,14.2,15.6,2.1,23.4,13.9,26.8,75.5,25.7,11.4,19.8,33.7,68.1,37.7,6.0,0,1,0,0
05017,Chicot County,AR,0.9987,0.98,0.9866,0.9243,0.9889,11.4,53.6,9.8,1.1,43.1,10.9,20.4,6.1,4.3,27.4,24.4,61.4,78.8,22.7,16.1,32.2,34.0,73.4,47.4,6.0,0,1,0,1
05019,Clark County,AR,0.8339,0.6583,0.5422,0.6971,0.9908,6.3,24.0,9.3,0.5,31.7,4.1,10.3,5.1,7.1,24.3,21.1,32.4,79.0,26.0,12.9,21.6,33.6,73.5,43.2,5.0,0,1,0,1
05021,Clay County,AR,0.3929,0.7168,0.5135,0.0932,0.1101,5.9,0.7,8.0,0.0,28.7,5.6,15.7,0.8,0.7,21.1,20.4,5.9,75.2,28.5,11.1,18.6,33.7,68.5,40.2,6.0,0,1,0,0
05023,Cleburne County,AR,0.3532,0.5406,0.4792,0.1861,0.1785,3.1,0.4,7.2,0.3,26.8,6.0,12.1,2.7,0.2,18.3,22.0,7.6,75.7,27.3,10.7,17.5,32.9,71.0,38.0,6.0,0,1,0,0
05025,Cleveland County,AR,0.286,0.1782,0.6888,0.4537,0.2574,7.0,13.1,3.5,0.0,31.8,0.8,8.1,0.0,0.1,19.0,22.4,16.0,76.6,26.3,11.6,18.8,33.1,69.2,42.2,5.0,0,1,0,0
05027,Columbia County,AR,0.7598,0.5192,0.6596,0.7929,0.9163,4.2,35.6,7.4,0.6,31.3,3.2,11.7,3.0,3.3,22.3,18.8,40.9,79.1,24.2,13.5,25.0,32.3,73.0,39.9,5.0,0,1,0,1
05029,Conway County,AR,0.7461,0.6879,0.9634,0.5218,0.427,7.5,11.0,7.3,0.9,33.8,7.1,10.8,4.4,1.7,20.3,24.4,19.5,76.6,26.3,12.4,21.6,34.3,69.8,41.1,6.0,0,1,0,0
05031,Craighead County,AR,0.8342,0.7369,0.8836,0.6316,0.7824,6.8,16.2,8.6,0.9,28.9,5.9,9.8,5.5,7.9,25.3,18.4,27.0,77.2,26.5,11.2,18.7,33.7,66.6,39.6,4.0,0,1,0,1
05033,Crawford County,AR,0.7531,0.6822,0.9532,0.5011,0.4944,4.8,1.2,8.9,1.4,28.1,5.3,14.5,8.5,3.0,20.6,19.1,18.4,76.1,27.1,10.9,18.7,35.0,68.1,38.7,4.0,0,1,0,1
05035,Crittenden County,AR,0.9205,0.9345,0.8368,0.9192,0.7461,9.6,50.1,8.6,0.4,32.5,10.4,14.4,3.0,6.1,29.6,17.5,59.8,80.2,24.4,14.8,29.6,34.7,73.9,46.8,2.0,0,1,0,0
05037,Cross County,AR,0.9227,0.9128,0.9504,0.6402,0.7801,9.3,19.5,7.4,0.6,34.3,8.1,16.5,2.1,1.5,26.9,19.1,27.9,77.3,26.4,13.4,24.8,34.1,70.2,44.8,6.0,0,1,0,1
05039,Dallas County,AR,0.6885,0.3366,0.6179,0.8603,0.9421,7.7,44.1,5.4,0.2,21.8,6.0,11.6,1.3,3.7,14.6,28.2,48.1,78.1,23.6,12.7,22.9,32.8,75.3,42.1,6.0,0,1,0,0
05041,Desha County,AR,0.9749,0.9173,0.999,0.9007,0.7369,14.6,47.6,8.9,2.0,44.7,5.2,21.0,6.8,2.9,26.7,20.4,56.4,78.8,24.5,17.1,36.6,34.6,69.4,46.6,6.0,0,1,0,1
05043,Drew County,AR,0.7668,0.4028,0.8263,0.7245,0.9548,7.6,26.7,4.7,0.9,33.0,3.2,12.6,4.0,5.0,20.5,19.0,35.0,78.4,25.0,13.5,24.6,33.9,72.1,45.0,6.0,0,1,0,1
05045,Faulkner County,AR,0.5326,0.4585,0.2071,0.5444,0.8266,4.8,11.3,7.8,0.7,25.8,3.3,7.0,4.4,11.0,27.7,14.1,21.1,77.5,26.3,10.9,15.3,34.1,73.9,41.1,3.0,0,1,0,0
05047,Franklin County,AR,0.6198,0.6688,0.6678,0.3446,0.5317,5.6,0.6,6.7,0.3,33.9,5.1,13.8,3.6,1.1,21.6,24.2,11.7,75.8,28.5,11.7,19.8,34.5,69.8,39.8,6.0,0,1,0,0
05049,Fulton County,AR,0.6535,0.72,0.7,0.1572,0.6262,5.4,0.2,10.6,0.1,39.9,1.7,13.1,0.6,0.6,26.2,23.7,7.1,76.3,28.8,12.4,21.9,34.1,69.0,39.7,6.0,0,1,0,0
05051,Garland County,AR,0.8661,0.713,0.9723,0.5161,0.8326,6.2,7.9,9.2,1.4,26.4,5.7,9.4,6.2,7.0,25.7,22.1,19.2,76.3,25.9,11.1,17.9,31.3,68.4,39.3,4.0,0,1,0,1
05053,Grant County,AR,0.1852,0.154,0.4588,0.2399,0.223,2.4,2.6,6.1,0.1,19.9,3.3,7.4,3.2,3.5,19.0,19.6,8.8,75.7,26.0,9.8,14.3,33.5,72.2,36.6,3.0,0,1,0,0
05055,Greene County,AR,0.6917,0.7932,0.6898,0.2692,0.5654,4.9,2.5,9.1,0.2,28.6,7.5,12.1,3.1,3.9,22.9,20.0,9.5,76.5,28.5,11.0,18.6,33.9,71.8,42.3,5.0,0,1,0,0
05057,Hempstead County,AR,0.8998,0.748,0.9914,0.8508,0.6927,7.8,30.9,11.3,3.7,32.8,4.4,16.1,13.6,1.6,20.8,20.1,46.7,77.2,23.2,13.6,25.9,32.9,73.1,45.8,6.0,0,1,0,1
05059,Hot Spring County,AR,0.6437,0.5278,0.4458,0.4998,0.868,5.9,11.4,7.7,0.1,30.0,4.6,11.5,3.8,1.2,19.6,24.7,18.2,76.0,24.7,11.6,19.9,34.4,64.8,36.9,5.0,0,1,0,0
05061,Howard County,AR,0.8797,0.8342,0.9949,0.7521,0.4423,4.4,21.7,12.4,2.8,28.6,6.4,11.6,13.4,0.8,24.0,18.4,37.4,77.2,25.5,12.5,22.3,33.1,71.7,39.7,6.0,0,1,0,1
05063,Independence County,AR,0.8241,0.7655,0.7843,0.4314,0.8912,6.1,1.9,10.1,1.1,30.1,5.2,13.2,7.1,2.5,23.2,19.6,15.1,76.6,27.0,11.4,19.2,34.7,67.0,42.0,5.0,0,1,0,1
05065,Izard County,AR,0.671,0.8043,0.3541,0.3592,0.6885,7.2,1.8,6.8,0.0,34.2,7.5,16.8,2.7,0.9,21.6,26.2,12.2,75.6,27.5,12.0,21.3,33.7,67.0,41.4,6.0,0,1,0,0
05067,Jackson County,AR,0.7101,0.8667,0.4534,0.5927,0.4874,8.0,12.2,8.4,0.1,36.0,10.9,13.7,3.2,0.9,22.5,23.2,24.1,76.5,26.9,13.7,26.5,34.6,66.8,43.9,6.0,0,1,0,0
05069,Jefferson County,AR,0.9096,0.7951,0.8015,0.931,0.9453,7.7,56.0,6.2,0.7,31.9,7.8,10.9,2.4,6.9,27.0,19.1,62.2,80.6,22.3,15.1,28.4,34.0,75.0,46.3,5.0,0,1,0,1
05071,Johnson County,AR,0.895,0.8769,0.98,0.5679,0.6478,5.2,1.4,8.2,3.6,37.7,4.8,19.5,14.4,1.8,27.2,20.6,22.6,75.5,26.2,12.4,22.1,34.8,68.4,37.5,6.0,0,1,0,1
05073,Lafayette County,AR,0.8075,0.8622,0.6408,0.8031,0.6064,7.4,33.3,9.3,1.2,36.6,8.7,18.9,3.5,0.7,19.6,21.7,42.2,77.4,26.0,15.3,31.5,34.2,69.8,46.3,6.0,0,1,0,1
05075,Lawrence County,AR,0.7003,0.763,0.7636,0.1572,0.6408,5.5,1.4,8.8,0.2,33.2,6.7,17.7,1.8,2.0,18.2,23.4,7.1,76.2,28.5,12.0,20.6,34.2,70.7,44.1,6.0,0,1,0,0
05077,Lee County,AR,0.9714,0.958,0.9144,0.917,0.8829,21.7,55.1,7.6,1.0,40.1,14.3,16.5,2.9,1.4,31.1,24.8,59.4,78.1,21.9,17.1,34.6,34.1,72.5,47.0,6.0,0,1,0,1
05079,Lincoln County,AR,0.5864,0.6058,0.1409,0.749,0.7372,4.8,29.8,8.2,0.4,28.7,4.0,16.5,4.5,1.1,20.7,17.8,37.2,76.0,21.9,13.5,24.7,34.4,70.8,42.8,6.0,0,1,0,0
05081,Little River County,AR,0.4197,0.3643,0.538,0.6468,0.3255,4.9,18.6,4.9,0.1,25.0,8.0,9.4,4.0,0.0,14.1,18.3,28.3,77.2,26.0,12.4,22.1,33.5,71.3,41.3,4.0,0,1,0,0
05083,Logan County,AR,0.5444,0.4967,0.6802,0.335,0.5603,5.2,1.6,6.7,0.4,29.0,5.5,11.8,3.2,1.5,17.2,22.1,11.4,76.2,27.3,11.3,18.4,33.9,70.9,37.7,6.0,0,1,0,0
05085,Lonoke County,AR,0.4063,0.3684,0.7063,0.4445,0.2536,4.9,5.5,7.5,0.6,19.7,4.5,10.1,4.8,2.0,20.9,16.2,15.7,77.3,26.2,10.1,15.5,35.0,71.6,35.7,3.0,0,1,0,0
05087,Madison County,AR,0.5272,0.6096,0.6411,0.5953,0.2405,3.2,0.0,10.4,0.0,30.1,4.8,15.0,6.3,1.1,16.5,19.8,24.2,75.5,26.9,11.3,20.1,33.8,66.0,40.6,3.0,0,1,0,0
05089,Marion County,AR,0.4588,0.6726,0.5495,0.182,0.2246,4.2,0.5,7.3,0.3,30.1,7.0,12.3,2.5,1.2,19.9,25.0,7.5,74.9,27.7,11.1,18.7,33.0,70.4,37.8,6.0,0,1,0,0
05091,Miller County,AR,0.9354,0.908,0.7136,0.7028,0.9812,8.9,25.2,10.2,0.1,33.4,7.7,13.3,3.8,5.7,25.3,19.3,33.0,78.0,25.3,13.1,24.7,32.9,68.8,38.0,4.0,0,1,0,1
05093,Mississippi County,AR,0.9335,0.9007,0.9456,0.8151,0.7878,10.4,34.7,8.3,0.8,33.8,9.8,17.2,4.7,3.3,23.3,20.8,43.5,78.4,25.4,13.4,26.0,32.9,75.5,46.7,5.0,0,1,0,1
05095,Monroe County,AR,0.9341,0.9147,0.7773,0.8447,0.9275,15.6,43.5,8.7,0.0,34.7,11.0,19.8,0.0,3.3,22.4,24.6,46.1,78.3,24.8,14.3,27.5,34.0,71.2,43.7,6.0,0,1,0,1
05097,Montgomery County,AR,0.5765,0.7455,0.8314,0.2959,0.1954,4.6,0.7,11.7,1.2,31.7,7.3,13.3,4.9,0.8,16.2,26.9,10.2,76.2,27.8,11.4,19.4,34.9,64.0,41.1,6.0,0,1,0,0
05099,Nevada County,AR,0.8527,0.7913,0.8731,0.7502,0.7448,4.6,33.7,4.9,0.1,37.0,7.8,10.4,1.5,2.4,29.0,22.4,37.3,77.8,25.8,14.2,27.6,34.6,72.9,44.1,6.0,0,1,0,1
05101,Newton County,AR,0.1985,0.4359,0.2275,0.2109,0.0961,2.2,0.1,6.1,0.0,23.5,3.8,15.1,1.8,1.6,20.8,19.4,8.0,75.7,27.2,10.9,17.4,33.8,70.4,38.7,5.0,0,1,0,0
05103,Ouachita County,AR,0.7464,0.6767,0.8912,0.8377,0.4298,12.4,41.0,6.5,0.1,32.1,6.5,11.8,2.7,0.8,21.2,26.9,45.6,79.0,24.6,13.9,25.6,33.4,72.0,43.4,5.0,0,1,0,0
05105,Perry County,AR,0.4292,0.286,0.6284,0.2692,0.5991,6.1,2.3,5.3,0.3,29.4,4.6,9.0,3.3,0.2,14.3,23.5,9.5,75.6,26.7,10.8,17.6,34.0,70.4,38.6,3.0,0,1,0,0
05107,Phillips County,AR,0.9628,0.9526,0.9402,0.9453,0.7633,13.9,61.9,7.6,0.0,44.4,13.3,18.0,2.2,4.2,27.3,22.5,66.2,80.6,24.0,17.2,36.0,33.5,69.9,48.6,6.0,0,1,0,1
05109,Pike County,AR,0.5972,0.4706,0.7598,0.4248,0.6449,4.9,4.2,10.2,1.4,29.1,3.1,11.3,6.8,0.9,19.1,24.0,14.8,76.4,27.1,11.4,19.2,34.6,69.1,38.2,6.0,0,1,0,0
05111,Poinsett County,AR,0.7381,0.8234,0.8546,0.4273,0.4127,8.7,4.3,9.3,0.1,35.2,5.1,18.2,3.6,1.4,22.7,23.6,14.9,76.1,27.9,12.1,22.6,34.6,66.5,41.3,4.0,0,1,0,0
05113,Polk County,AR,0.6863,0.7506,0.8447,0.377,0.4174,5.3,0.1,9.5,0.9,30.9,9.0,12.0,6.6,2.4,19.3,21.9,12.9,76.0,26.8,11.8,20.1,34.2,71.6,40.2,6.0,0,1,0,0
05115,Pope County,AR,0.8171,0.7817,0.8727,0.489,0.727,4.5,2.4,8.5,1.8,31.5,4.8,14.7,9.9,3.4,25.1,18.9,17.7,75.2,25.1,11.4,19.1,33.9,71.5,45.3,5.0,0,1,0,1
05117,Prairie County,AR,0.4601,0.4178,0.7674,0.4496,0.2844,4.6,10.5,7.2,0.7,26.3,4.1,14.4,2.1,2.2,16.4,23.3,15.8,76.8,25.8,11.3,18.9,33.4,71.1,40.5,6.0,0,1,0,0
05119,Pulaski County,AR,0.7811,0.6573,0.8011,0.8702,0.6844,7.4,37.2,8.8,1.5,26.6,5.2,7.9,6.4,15.3,28.2,15.6,49.6,79.5,23.6,11.5,19.1,32.3,74.6,40.6,3.0,0,1,0,0
05121,Randolph County,AR,0.7051,0.7696,0.7941,0.2816,0.5336,6.0,1.4,7.5,0.9,35.1,7.5,12.6,2.4,1.3,21.2,22.3,9.8,75.9,28.1,12.2,21.1,33.9,69.1,41.4,6.0,0,1,0,0
05123,St. Francis County,AR,0.9777,0.9421,0.943,0.924,0.9284,12.9,53.3,8.7,2.2,42.9,6.6,15.8,5.5,3.0,30.3,20.9,61.3,78.8,22.2,16.6,33.1,32.1,72.2,47.9,5.0,0,1,0,1
05125,Saline County,AR,0.2864,0.1502,0.6459,0.5011,0.3312,3.7,8.3,5.8,0.9,17.3,3.8,8.1,5.4,4.7,18.7,15.8,18.4,77.3,25.6,9.5,14.4,33.1,73.2,34.4,3.0,0,1,0,0
05127,Scott County,AR,0.7537,0.7146,0.9001,0.4658,0.5759,9.3,1.2,10.5,1.8,28.0,5.7,16.2,8.3,1.3,18.7,20.3,16.7,75.6,26.7,11.7,20.0,33.8,64.8,37.2,6.0,0,1,0,1
05129,Searcy County,AR,0.517,0.6847,0.5011,0.3484,0.3086,7.7,0.4,5.7,0.3,38.4,5.2,18.0,3.0,1.9,20.5,26.5,11.8,75.6,28.5,12.5,22.2,34.9,66.2,39.7,6.0,0,1,0,0
05131,Sebastian County,AR,0.8696,0.7957,0.9675,0.6962,0.6491,6.3,5.9,11.2,3.4,28.7,5.2,15.0,15.1,8.7,22.9,20.9,32.3,76.1,25.5,11.5,19.2,35.3,72.0,36.4,4.0,0,1,0,1
05133,Sevier County,AR,0.825,0.8256,0.8864,0.833,0.4804,4.7,4.5,18.4,8.8,32.0,4.6,26.5,34.3,0.8,19.3,14.0,45.2,75.4,24.5,13.7,27.7,34.7,65.4,41.5,6.0,0,1,0,1
05135,Sharp County,AR,0.5838,0.728,0.7808,0.2364,0.2959,4.8,1.0,5.8,0.1,31.3,6.2,15.4,2.6,1.5,22.4,24.3,8.7,76.6,28.4,11.7,20.3,34.1,64.7,39.5,6.0,0,1,0,0
05137,Stone County,AR,0.7709,0.7731,0.8336,0.2733,0.7299,7.6,0.1,8.6,0.0,39.1,5.4,13.9,2.0,1.4,21.8,27.9,9.6,75.8,28.0,12.0,21.4,34.2,68.5,40.1,6.0,0,1,0,1
05139,Union County,AR,0.6682,0.5485,0.7668,0.7798,0.5479,5.2,32.4,6.2,0.8,28.8,3.7,12.8,4.1,1.2,23.8,16.3,39.6,78.3,24.7,13.0,23.6,33.9,69.0,39.4,5.0,0,1,0,0
05141,Van Buren County,AR,0.7763,0.8101,0.8661,0.2164,0.6678,6.4,0.7,9.4,0.5,34.6,4.7,15.6,3.5,3.1,24.3,26.4,8.1,75.7,27.3,11.5,20.4,33.6,68.1,39.5,6.0,0,1,0,1
05143,Washington County,AR,0.7658,0.7407,0.4871,0.7178,0.8094,4.6,3.4,12.2,4.6,25.6,4.3,13.0,17.3,14.5,25.4,11.0,34.5,75.8,24.2,10.7,17.1,32.6,65.4,36.7,3.0,0,1,0,1
05145,White County,AR,0.8482,0.7716,0.7878,0.4057,0.9488,6.3,4.3,9.6,0.5,29.6,5.2,13.7,4.7,5.5,23.7,18.7,14.0,75.7,27.1,10.9,19.4,34.2,68.6,40.0,5.0,0,1,0,1
05147,Woodruff County,AR,0.7671,0.7859,0.6767,0.6752,0.6303,10.9,27.5,6.9,0.3,33.4,6.7,15.6,0.5,2.0,22.1,18.1,30.7,77.3,26.6,13.7,26.4,33.8,69.8,39.3,6.0,0,1,0,1
05149,Yell County,AR,0.7738,0.5714,0.8276,0.6211,0.8591,5.8,1.9,8.2,5.8,30.9,3.9,22.6,21.1,4.7,16.8,18.2,26.1,75.1,26.1,12.2,21.3,35.0,68.6,41.9,5.0,0,1,0,1
06001,Alameda County,CA,0.5129,0.2962,0.0862,0.9605,0.9205,9.3,9.9,4.0,7.4,14.1,4.9,10.8,22.2,23.0,23.5,9.5,70.7,71.4,18.9,10.1,14.2,30.3,73.9,22.5,1.0,0,0,1,0
06003,Alpine County,CA,0.4044,0.1429,0.6402,0.8008,0.5352,3.4,0.0,6.4,1.7,18.3,4.9,6.7,14.1,21.5,11.5,13.5,41.9,70.3,23.5,8.5,12.4,30.1,73.3,28.7,5.0,0,0,1,0
06005,Amador County,CA,0.5647,0.4477,0.398,0.6096,0.7725,5.4,1.6,4.8,1.1,14.8,6.0,9.5,15.1,3.7,29.5,18.1,25.1,68.3,23.2,8.6,13.3,30.4,74.1,29.5,6.0,0,0,1,0
06007,Butte County,CA,0.8225,0.7706,0.4843,0.6806,0.9437,6.1,1.7,6.6,2.5,28.2,7.1,9.7,18.0,8.9,32.3,16.4,31.2,70.8,26.0,9.9,16.9,30.6,73.1,30.6,4.0,0,0,1,1
06009,Calaveras County,CA,0.3357,0.5425,0.4706,0.552,0.0614,2.1,1.0,5.8,0.6,21.4,6.2,7.4,13.6,1.4,32.2,21.3,21.7,70.4,25.6,9.1,14.9,31.0,73.6,29.8,6.0,0,0,1,0
06011,Colusa County,CA,0.84,0.8931,0.9026,0.9465,0.3315,4.6,1.4,9.1,14.6,22.6,7.4,26.7,60.9,2.2,27.6,13.1,66.5,68.1,21.9,12.2,25.0,31.0,74.6,35.3,6.0,0,0,1,1
06013,Contra Costa County,CA,0.4785,0.3223,0.4343,0.917,0.5113,5.1,8.4,4.7,5.9,13.5,5.8,10.3,26.4,13.1,22.4,11.2,59.4,70.2,19.7,9.6,13.8,31.4,76.0,27.8,2.0,0,0,1,0
06015,Del Norte County,CA,0.9004,0.7814,0.6395,0.7735,0.9927,7.3,2.7,6.1,1.6,25.3,6.3,16.8,20.4,4.7,27.6,19.3,39.3,69.4,24.3,10.2,18.9,30.9,73.2,30.9,5.0,0,0,1,1
06017,El Dorado County,CA,0.1896,0.1836,0.2008,0.5994,0.2186,3.8,0.7,4.2,1.2,13.7,4.6,5.3,13.5,4.4,25.1,12.3,24.5,70.5,23.9,8.0,11.3,28.8,75.7,27.4,2.0,0,0,1,0
06019,Fresno County,CA,0.9618,0.943,0.8772,0.9685,0.875,7.4,4.2,7.2,10.2,30.8,8.6,21.7,54.2,9.7,33.6,12.9,72.6,70.7,21.3,12.4,25.1,30.6,70.8,37.9,1.0,0,0,1,1
06021,Glenn County,CA,0.8622,0.945,0.6443,0.8734,0.5937,3.6,0.3,10.9,8.0,25.9,7.7,22.2,43.3,9.8,28.7,12.7,50.4,69.2,23.2,11.1,21.8,30.7,71.5,32.4,6.0,0,0,1,1
06023,Humboldt County,CA,0.8269,0.7805,0.6538,0.6475,0.8851,7.0,1.2,6.1,1.7,29.8,9.2,8.7,12.6,4.5,37.2,17.9,28.4,69.9,26.8,10.0,17.5,31.1,72.2,32.1,5.0,0,0,1,1
06025,Imperial County,CA,0.9936,0.9682,0.9392,0.9943,0.979,6.3,2.3,6.8,19.8,35.5,13.2,28.7,85.4,7.5,34.8,14.2,90.4,68.4,20.0,14.6,31.3,32.3,71.3,35.2,4.0,0,0,1,1
06027,Inyo County,CA,0.6147,0.4162,0.5234,0.7881,0.7716,5.2,0.6,6.7,0.9,19.7,4.9,6.9,23.9,2.1,27.2,16.7,40.4,70.2,23.8,9.4,15.0,29.8,75.3,28.5,5.0,0,0,1,0
06029,Kern County,CA,0.9685,0.957,0.8339,0.9545,0.9265,6.4,4.9,7.8,10.0,32.2,8.4,23.4,55.3,6.3,34.1,11.4,68.5,70.9,22.6,13.3,26.8,31.1,72.9,36.2,3.0,0,0,1,1
06031,Kings County,CA,0.9507,0.9354,0.839,0.9593,0.8753,4.8,6.0,7.4,10.2,27.8,9.2,25.5,56.1,6.6,31.1,12.4,69.9,68.9,20.7,12.9,26.5,31.0,72.7,34.9,4.0,0,0,1,1
06033,Lake County,CA,0.9055,0.8696,0.9236,0.7089,0.7999,5.6,2.2,6.5,3.1,28.5,10.4,13.4,23.0,3.3,32.4,19.8,33.5,69.5,25.6,10.7,20.1,31.0,72.1,32.8,5.0,0,0,1,1
06035,Lassen County,CA,0.8231,0.861,0.3748,0.7464,0.8769,5.1,7.9,7.4,2.3,23.6,7.9,19.5,20.4,3.4,28.1,17.9,37.0,68.6,23.1,10.6,19.9,30.7,72.9,34.3,5.0,0,0,1,1
06037,Los Angeles County,CA,0.8629,0.895,0.2825,0.9736,0.9176,8.7,7.6,9.0,12.5,22.7,7.0,19.7,48.7,27.7,33.9,10.6,74.8,70.7,19.3,11.6,21.0,33.5,74.1,26.4,1.0,0,0,1,1
06039,Madera County,CA,0.9593,0.9567,0.9036,0.9532,0.7859,4.3,2.5,7.6,12.4,30.9,11.1,27.9,59.7,4.6,30.3,13.9,68.3,69.0,21.9,12.8,28.5,31.3,73.0,36.7,2.0,0,0,1,1
06041,Marin County,CA,0.37,0.1616,0.3637,0.6764,0.6682,4.6,2.2,3.7,4.3,10.4,5.8,6.6,16.6,13.0,20.9,9.6,30.8,69.3,22.1,7.5,9.8,29.6,77.4,21.3,2.0,0,0,1,0
06043,Mariposa County,CA,0.8613,0.6542,0.922,0.5711,0.9465,5.2,0.8,7.2,2.4,24.4,6.2,8.1,13.0,3.3,29.2,18.9,22.7,69.7,25.0,9.4,15.0,30.9,67.8,30.9,6.0,0,0,1,1
06045,Mendocino County,CA,0.9726,0.8934,0.9803,0.749,0.9418,8.0,0.6,9.2,4.4,25.4,9.1,13.2,26.8,4.4,33.4,18.7,37.2,69.5,24.5,10.4,19.9,31.2,73.2,29.5,5.0,0,0,1,1
06047,Merced County,CA,0.973,0.973,0.888,0.9736,0.8517,7.2,2.7,9.0,13.7,30.0,10.7,28.6,61.9,4.6,31.8,12.8,74.8,69.3,21.3,13.3,28.7,33.3,69.0,34.3,3.0,0,0,1,1
06049,Modoc County,CA,0.8186,0.693,0.8998,0.5927,0.7852,5.7,1.9,8.7,2.6,27.2,7.6,11.7,15.3,2.8,20.1,17.4,24.1,70.0,26.5,10.3,18.7,31.1,72.5,32.3,6.0,0,0,1,1
06051,Mono County,CA,0.3891,0.4143,0.02,0.7321,0.7375,2.4,0.2,14.7,4.0,15.6,1.9,12.8,27.1,18.1,22.1,8.0,35.8,70.2,23.4,8.9,13.9,30.3,76.6,30.9,6.0,0,0,1,0
06053,Monterey County,CA,0.8686,0.8272,0.581,0.964,0.8724,4.8,2.1,9.9,16.9,21.5,5.3,26.6,59.9,11.3,28.8,9.2,71.4,70.5,19.4,11.6,22.6,31.9,72.0,31.4,3.0,0,0,1,1
06055,Napa County,CA,0.6831,0.4983,0.4127,0.8702,0.8692,4.9,1.8,6.1,7.5,14.1,5.2,15.6,35.1,10.4,25.0,12.2,49.6,70.4,21.8,9.3,15.0,30.6,73.4,28.2,4.0,0,0,1,0
06057,Nevada County,CA,0.2148,0.3013,0.2444,0.4699,0.1632,4.1,0.4,5.6,1.2,17.4,4.4,4.9,10.0,4.0,31.9,13.7,16.9,70.4,25.3,8.0,11.6,29.4,75.7,27.6,5.0,0,0,1,0
06059,Orange County,CA,0.5692,0.5412,0.1791,0.9252,0.6605,4.6,1.5,6.9,8.8,16.1,5.4,13.2,33.9,20.0,25.8,9.1,61.5,71.7,19.4,10.1,15.5,32.6,79.4,23.9,1.0,0,0,1,0
06061,Placer County,CA,0.1992,0.1212,0.3182,0.6793,0.2469,3.8,1.6,3.3,1.7,11.0,4.3,5.1,14.9,7.7,23.6,11.2,31.1,71.2,22.5,7.9,10.7,30.6,79.2,27.2,2.0,0,0,1,0
06063,Plumas County,CA,0.4088,0.3659,0.3672,0.4948,0.4903,4.5,1.1,5.0,0.6,18.0,8.0,5.9,10.0,2.2,23.8,18.2,18.0,70.2,26.3,9.0,14.1,30.7,78.2,30.1,6.0,0,0,1,0
06065,Riverside County,CA,0.8199,0.7948,0.6736,0.9504,0.6822,4.0,6.1,8.1,7.5,19.7,6.7,16.9,50.8,7.7,30.2,11.6,67.6,70.6,22.0,11.3,21.0,33.2,79.2,37.0,1.0,0,0,1,1
06067,Sacramento County,CA,0.7509,0.6255,0.636,0.9084,0.7343,6.2,9.2,5.2,6.3,20.9,6.3,11.6,24.0,13.2,30.8,12.3,57.8,69.2,22.7,10.3,16.6,30.5,71.4,29.5,1.0,0,0,1,1
06069,San Benito County,CA,0.5094,0.5072,0.6685,0.9564,0.1639,3.2,0.8,6.2,9.1,14.4,6.2,16.3,61.4,2.4,22.3,10.7,69.0,68.5,20.3,10.5,19.2,31.2,74.4,31.3,2.0,0,0,1,0
06071,San Bernardino County,CA,0.8858,0.8896,0.7563,0.9726,0.7464,4.5,7.5,8.6,7.5,23.5,7.2,18.6,55.0,10.5,32.3,11.4,74.1,69.4,19.5,11.8,23.1,31.9,73.7,33.3,2.0,0,0,1,1
06073,San Diego County,CA,0.7057,0.6281,0.2202,0.9007,0.8759,5.4,4.5,7.3,6.0,17.5,6.3,11.3,34.5,22.3,29.3,10.4,56.4,71.9,21.2,9.4,15.2,30.7,75.8,25.4,1.0,0,0,1,0
06075,San Francisco County,CA,0.482,0.2876,0.0302,0.9284,0.9561,29.9,4.9,3.6,10.8,16.2,5.4,11.2,15.5,39.2,21.1,10.8,61.7,71.7,19.8,9.3,12.3,32.0,78.2,17.1,1.0,0,0,1,0
06077,San Joaquin County,CA,0.8718,0.8075,0.8174,0.9637,0.7509,5.2,6.7,6.5,9.3,21.8,7.2,19.8,42.5,8.6,29.3,12.2,71.3,70.0,19.7,11.7,21.4,31.0,76.6,30.6,3.0,0,0,1,1
06079,San Luis Obispo County,CA,0.5227,0.4254,0.2256,0.7038,0.7553,3.8,1.2,5.9,3.0,18.2,5.0,7.9,23.4,5.9,29.1,13.0,33.1,69.4,23.7,8.6,13.8,29.4,75.8,27.6,3.0,0,0,1,0
06081,San Mateo County,CA,0.2899,0.1292,0.0655,0.9351,0.7121,5.6,2.1,3.8,6.6,10.3,4.5,9.4,23.9,22.1,19.2,8.7,63.0,69.2,18.7,9.0,12.0,32.7,79.1,22.0,2.0,0,0,1,0
06083,Santa Barbara County,CA,0.8667,0.8419,0.3401,0.9065,0.9599,6.3,1.7,9.6,10.2,22.6,6.0,17.9,46.6,14.2,29.3,10.9,57.4,69.6,21.8,10.3,18.6,29.8,69.8,27.6,3.0,0,0,1,1
06085,Santa Clara County,CA,0.3614,0.1349,0.0859,0.9612,0.8206,5.8,2.3,4.0,8.7,11.0,4.4,10.7,24.9,23.2,18.3,8.6,70.8,70.4,17.9,9.8,11.8,31.5,78.7,21.9,1.0,0,0,1,0
06087,Santa Cruz County,CA,0.6131,0.4948,0.1327,0.8225,0.9182,5.2,0.8,5.4,6.3,17.9,5.9,11.3,34.2,8.3,25.2,11.7,44.3,69.3,23.3,9.0,14.5,30.8,77.6,26.8,3.0,0,0,1,0
06089,Shasta County,CA,0.7649,0.6096,0.833,0.5679,0.7919,6.1,1.0,6.6,1.0,21.6,6.6,8.1,11.0,5.0,30.9,18.1,22.6,70.3,25.6,9.4,15.0,32.6,72.4,29.3,4.0,0,0,1,1
06091,Sierra County,CA,0.3522,0.5994,0.2599,0.3888,0.1654,3.0,0.2,10.9,0.8,19.8,5.6,6.4,11.4,1.3,30.6,14.8,13.4,69.5,26.0,10.1,17.4,31.0,77.3,32.4,6.0,0,0,1,0
06093,Siskiyou County,CA,0.7884,0.7649,0.7458,0.6185,0.7206,5.6,1.5,7.1,1.3,26.9,7.4,9.4,13.5,3.3,30.7,18.0,25.8,70.0,26.2,9.9,17.2,30.9,73.9,32.0,6.0,0,0,1,1
06095,Solano County,CA,0.6201,0.4499,0.5186,0.9415,0.6787,4.6,12.9,4.9,4.9,14.8,5.9,11.1,28.0,9.9,26.1,12.4,64.5,70.6,19.9,10.5,17.1,31.2,76.2,31.2,3.0,0,0,1,0
06097,Sonoma County,CA,0.5562,0.4108,0.4025,0.7706,0.7146,4.8,1.4,5.6,5.5,14.4,5.2,10.8,28.0,10.4,25.7,11.8,39.1,69.7,23.9,8.6,13.5,29.0,76.4,26.1,3.0,0,0,1,0
06099,Stanislaus County,CA,0.8511,0.8482,0.8323,0.9252,0.5889,5.4,2.7,6.1,9.1,23.7,8.2,19.7,48.6,7.1,31.7,12.7,61.5,70.3,21.0,11.2,21.4,31.7,77.1,36.6,3.0,0,0,1,1
06101,Sutter County,CA,0.8641,0.8444,0.8874,0.9036,0.5883,5.4,1.8,6.2,9.6,23.6,7.6,20.4,32.3,8.7,31.1,13.8,56.9,69.7,22.0,11.4,21.5,31.8,72.0,29.7,4.0,0,0,1,1
06103,Tehama County,CA,0.9271,0.8253,0.9892,0.7213,0.7728,6.2,0.9,6.6,3.5,28.0,7.4,12.9,26.9,2.9,30.4,18.7,34.8,68.9,25.2,10.6,20.1,30.3,72.0,31.8,5.0,0,0,1,1
06105,Trinity County,CA,0.7206,0.769,0.7388,0.5444,0.5107,4.4,1.4,13.2,2.8,34.0,7.4,4.7,7.5,0.6,24.2,15.7,21.1,69.9,27.7,10.7,19.4,31.6,71.6,33.2,6.0,0,0,1,0
06107,Tulare County,CA,0.9147,0.9602,0.8524,0.9707,0.5705,4.7,1.3,7.9,12.7,31.5,9.0,26.5,66.1,4.9,32.7,11.8,73.5,68.0,22.1,13.1,27.5,32.1,73.3,35.3,3.0,0,0,1,1
06109,Tuolumne County,CA,0.6319,0.5501,0.622,0.5415,0.6876,5.5,1.5,6.0,0.6,17.9,8.3,7.5,12.9,3.0,32.6,21.3,20.8,70.9,25.5,8.9,13.8,30.6,77.0,29.2,5.0,0,0,1,0
06111,Ventura County,CA,0.6249,0.5921,0.3312,0.9017,0.6293,4.2,1.7,8.2,8.9,15.6,5.3,14.6,43.6,11.0,25.6,11.3,56.5,71.6,21.1,9.9,16.0,31.4,74.3,25.7,3.0,0,0,1,0
06113,Yolo County,CA,0.7366,0.6198,0.1572,0.8966,0.9653,7.8,2.5,4.7,6.3,24.7,5.3,12.1,32.2,16.1,30.0,10.4,55.7,71.3,23.3,10.1,16.8,31.1,71.6,27.9,2.0,0,0,1,0
06115,Yuba County,CA,0.9268,0.8651,0.9109,0.8616,0.8651,6.4,3.4,6.9,4.4,25.5,7.4,17.3,29.8,7.4,32.3,16.0,48.4,69.8,23.6,11.0,20.3,31.2,76.1,30.9,4.0,0,0,1,1
08001,Adams County,CO,0.7264,0.6825,0.6758,0.8832,0.545,4.6,3.4,10.8,5.5,16.9,4.6,15.2,41.4,15.0,29.1,11.1,52.5,70.7,20.3,9.9,15.8,29.9,64.9,33.0,2.0,0,0,1,0
08003,Alamosa County,CO,0.8253,0.5721,0.7658,0.889,0.9411,6.2,1.0,8.4,2.3,28.5,3.4,10.2,48.0,8.0,25.2,15.8,54.3,69.2,22.6,11.2,15.8,29.9,68.1,32.1,5.0,0,0,1,1
08005,Arapahoe County,CO,0.4661,0.4101,0.4038,0.8031,0.4117,5.0,10.6,8.7,4.0,13.8,4.6,7.8,20.2,23.1,27.8,10.5,42.2,69.5,21.8,8.0,15.8,27.8,72.4,25.9,1.0,0,0,1,0
08007,Archuleta County,CO,0.3484,0.5237,0.1473,0.5969,0.2304,2.5,0.3,11.0,0.3,19.8,4.8,5.5,18.5,3.0,30.7,15.6,24.3,68.8,23.1,8.0,15.8,28.7,67.5,27.2,6.0,0,0,1,0
08009,Baca County,CO,0.5472,0.5463,0.4566,0.4839,0.5832,5.1,0.3,6.6,0.2,33.6,1.7,14.2,12.1,4.1,23.8,17.4,17.5,68.9,26.3,10.0,15.8,29.6,64.2,30.3,6.0,0,0,1,0
08011,Bent County,CO,0.8804,0.8937,0.2692,0.8377,0.9838,7.9,4.2,7.0,1.3,40.0,5.5,16.6,32.8,3.1,31.0,21.0,45.6,67.4,22.5,13.1,15.8,30.4,63.9,34.0,6.0,0,0,1,1
08013,Boulder County,CO,0.209,0.2202,0.0169,0.5892,0.5962,5.2,0.8,4.4,1.3,16.3,4.4,4.3,13.9,19.2,28.0,8.5,23.8,68.4,23.5,6.7,15.8,27.6,72.1,17.4,3.0,0,0,1,0
08014,Broomfield County,CO,0.0436,0.0353,0.0557,0.6128,0.1088,3.6,1.2,5.2,1.3,7.6,3.2,3.7,13.2,24.7,19.1,7.9,25.4,70.5,21.6,6.5,15.8,28.8,75.5,22.1,2.0,0,0,1,0
08015,Chaffee County,CO,0.6096,0.5657,0.693,0.4378,0.5915,4.0,1.1,8.2,1.6,20.3,6.0,7.0,10.1,1.4,28.7,13.0,15.4,69.4,22.9,7.8,15.8,28.5,68.2,25.4,6.0,0,0,1,0
08017,Cheyenne County,CO,0.0837,0.0843,0.4197,0.5294,0.0334,0.8,0.9,7.2,2.1,18.5,2.1,7.0,11.9,0.3,14.2,11.2,20.0,69.5,24.4,8.7,15.8,29.4,70.7,28.7,6.0,0,0,1,0
08019,Clear Creek County,CO,0.1394,0.3245,0.0356,0.4018,0.1677,4.0,1.8,9.2,0.9,13.4,4.7,3.4,7.9,4.6,26.3,12.1,13.9,70.1,22.7,6.8,15.8,27.7,74.2,23.2,2.0,0,0,1,0
08021,Conejos County,CO,0.8377,0.8062,0.8311,0.8931,0.608,6.5,0.1,14.4,1.3,31.4,7.2,10.2,51.2,1.0,20.9,18.5,55.2,69.1,21.7,11.0,15.8,29.4,66.8,30.5,5.0,0,0,1,1
08023,Costilla County,CO,0.8727,0.8511,0.9965,0.9462,0.2466,5.3,1.1,8.0,3.6,38.5,6.6,11.7,59.9,0.3,26.1,26.4,66.4,69.1,21.4,12.1,15.8,29.7,65.6,31.7,5.0,0,0,1,1
08025,Crowley County,CO,0.86,0.8823,0.5864,0.8571,0.8059,5.7,4.1,6.6,1.2,32.4,7.2,19.0,32.8,2.7,25.6,21.3,47.6,66.9,20.3,11.3,15.8,29.9,64.6,31.5,6.0,0,0,1,1
08027,Custer County,CO,0.1012,0.2905,0.0404,0.377,0.083,2.5,1.4,10.9,0.1,21.5,4.9,3.1,6.4,0.7,18.2,14.2,12.9,69.9,24.9,7.8,15.8,28.8,70.1,26.3,6.0,0,0,1,0
08029,Delta County,CO,0.581,0.6312,0.7086,0.5383,0.3344,4.2,0.6,11.0,1.3,23.9,4.4,10.0,15.5,1.1,25.4,19.4,20.6,68.0,25.8,8.8,15.8,29.2,65.5,26.9,6.0,0,0,1,0
08031,Denver County,CO,0.5603,0.546,0.057,0.8447,0.8486,9.9,8.5,9.1,4.2,18.0,4.7,9.5,29.2,38.9,29.4,9.9,46.1,71.1,21.9,7.8,15.8,28.4,73.1,21.6,1.0,0,0,1,0
08033,Dolores County,CO,0.1858,0.0923,0.2673,0.5819,0.3439,5.0,0.0,8.3,7.4,19.1,3.1,4.7,13.7,1.6,12.6,8.0,23.4,69.2,24.2,8.8,15.8,29.1,68.0,27.1,6.0,0,0,1,0
08035,Douglas County,CO,0.022,0.0083,0.078,0.5383,0.064,2.1,1.3,3.6,0.8,5.1,3.4,2.1,9.5,14.0,16.3,7.5,20.6,73.2,21.5,6.0,15.8,28.2,77.2,24.6,2.0,0,0,1,0
08037,Eagle County,CO,0.3497,0.4219,0.0719,0.7321,0.4445,4.0,1.0,10.4,5.3,13.3,4.4,7.6,29.4,27.5,27.4,6.2,35.8,70.0,20.6,7.5,15.8,27.8,70.4,23.6,5.0,0,0,1,0
08039,Elbert County,CO,0.0006,0.0038,0.0127,0.4445,0.001,1.1,0.3,5.0,0.6,9.1,2.3,3.3,8.2,0.1,14.9,8.1,15.7,70.0,22.9,6.9,15.8,28.1,71.0,24.1,2.0,0,0,1,0
08041,El Paso County,CO,0.4604,0.4168,0.3153,0.7038,0.5052,3.6,5.6,7.5,1.1,16.2,5.7,5.2,18.2,13.0,28.5,12.5,33.1,73.6,25.3,8.4,15.8,31.1,70.0,28.5,3.0,0,0,1,0
08043,Fremont County,CO,0.6688,0.5889,0.4286,0.5542,0.8511,5.2,3.6,6.9,0.7,24.3,4.8,10.2,13.7,4.7,27.2,18.9,21.8,68.4,24.0,9.3,15.8,28.7,69.1,30.4,5.0,0,0,1,0
08045,Garfield County,CO,0.6058,0.5002,0.5247,0.7191,0.6634,4.5,0.5,17.5,6.2,14.5,3.2,10.7,29.5,7.3,25.1,9.1,34.6,69.6,21.2,8.1,15.8,28.6,73.5,23.8,5.0,0,0,1,0
08047,Gilpin County,CO,0.0967,0.2491,0.0064,0.4416,0.2727,5.2,0.2,8.7,0.0,14.2,2.1,5.6,9.6,2.9,29.9,12.0,15.6,69.8,23.1,7.3,15.8,27.8,70.0,24.1,2.0,0,0,1,0
08049,Grand County,CO,0.1565,0.3891,0.0089,0.4932,0.2456,2.5,0.8,12.3,0.7,14.3,4.6,5.3,9.8,16.6,25.2,6.7,17.9,69.6,23.5,7.2,15.8,28.6,69.0,23.8,6.0,0,0,1,0
08051,Gunnison County,CO,0.1222,0.2116,0.0022,0.4273,0.5997,2.1,0.5,7.2,0.7,16.0,3.6,1.7,10.0,9.3,25.1,7.4,14.9,70.3,23.1,7.1,15.8,28.3,69.5,24.7,6.0,0,0,1,0
08053,Hinsdale County,CO,0.0869,0.2335,0.4419,0.2984,0.0054,1.5,1.0,12.6,0.0,10.5,1.9,1.5,2.4,0.3,25.9,17.2,10.3,70.3,23.2,6.4,15.8,27.8,73.0,23.9,6.0,0,0,1,0
08055,Huerfano County,CO,0.5383,0.5778,0.5075,0.7636,0.3236,5.3,0.0,6.1,0.7,24.6,6.4,7.1,33.1,1.7,27.9,20.6,38.5,68.7,22.9,9.4,15.8,29.8,69.0,27.9,6.0,0,0,1,0
08057,Jackson County,CO,0.3751,0.8781,0.049,0.3824,0.1085,5.9,0.6,10.0,0.2,32.9,8.2,14.3,11.5,0.0,22.6,12.7,13.2,68.4,25.0,9.8,15.8,29.5,68.6,29.5,6.0,0,0,1,0
08059,Jefferson County,CO,0.0948,0.1193,0.0337,0.5829,0.2164,3.9,1.1,5.2,1.1,11.1,3.9,4.8,15.8,16.5,22.7,10.5,23.5,71.4,23.6,7.2,15.8,29.5,72.6,22.9,2.0,0,0,1,0
08061,Kiowa County,CO,0.3312,0.5024,0.4785,0.2214,0.1724,2.7,0.6,8.4,2.7,28.9,0.0,8.8,6.1,3.2,28.7,9.6,8.2,69.2,25.6,8.3,15.8,28.8,62.3,27.6,6.0,0,0,1,0
08063,Kit Carson County,CO,0.6825,0.5756,0.9211,0.5829,0.4604,5.7,0.0,12.1,1.2,22.6,2.6,12.3,18.9,2.9,25.1,15.9,23.5,68.0,24.7,9.1,15.8,29.0,67.4,29.7,6.0,0,0,1,0
08065,Lake County,CO,0.1152,0.2342,0.0165,0.776,0.1368,3.5,0.1,16.4,4.7,13.0,2.4,5.7,30.6,1.6,21.6,11.0,39.5,69.3,21.6,7.8,15.8,28.6,70.9,23.7,5.0,0,0,1,0
08067,La Plata County,CO,0.258,0.2965,0.0108,0.5797,0.7031,2.0,0.2,9.5,0.3,18.8,3.2,4.2,13.0,8.8,25.4,10.1,23.3,70.0,22.9,7.5,15.8,27.8,71.3,20.8,5.0,0,0,1,0
08069,Larimer County,CO,0.1524,0.2676,0.0105,0.5161,0.3824,3.8,0.9,5.9,1.0,16.6,4.6,3.7,12.2,12.7,27.1,10.0,19.2,69.0,25.0,6.9,15.8,27.9,68.3,24.4,3.0,0,0,1,0
08071,Las Animas County,CO,0.9068,0.8645,0.9065,0.8571,0.7706,8.4,1.0,8.9,1.6,28.7,7.4,11.5,40.8,2.0,29.4,23.3,47.6,68.0,23.1,10.4,15.8,28.7,68.2,32.9,6.0,0,0,1,1
08073,Lincoln County,CO,0.385,0.4197,0.0528,0.6045,0.6612,5.3,6.6,8.1,1.1,22.3,2.3,11.3,14.8,5.1,23.8,15.0,24.8,67.9,22.3,9.4,15.8,29.1,67.4,29.9,6.0,0,0,1,0
08075,Logan County,CO,0.6004,0.4327,0.2135,0.5867,0.9593,5.8,1.1,7.2,1.2,26.6,3.2,8.9,16.8,6.4,23.6,14.9,23.7,68.3,24.3,9.8,15.8,29.3,68.1,30.3,5.0,0,0,1,0
08077,Mesa County,CO,0.6462,0.5772,0.6497,0.5371,0.6691,5.3,0.7,9.9,1.0,19.8,5.3,7.7,15.1,5.8,28.4,15.3,20.4,68.9,24.5,8.1,15.8,26.6,66.6,30.1,4.0,0,0,1,0
08079,Mineral County,CO,0.056,0.4878,0.0083,0.1654,0.0185,2.9,0.0,14.5,0.0,15.2,4.8,2.2,2.6,0.0,31.6,11.3,7.2,70.1,23.4,7.3,15.8,28.7,75.2,25.1,6.0,0,0,1,0
08081,Moffat County,CO,0.8164,0.7003,0.8944,0.5501,0.7913,6.2,0.2,10.1,2.3,25.1,5.4,8.7,16.5,7.2,27.6,15.0,21.6,68.3,24.8,9.2,15.8,29.8,66.3,28.3,5.0,0,0,1,1
08083,Montezuma County,CO,0.6061,0.567,0.6382,0.6516,0.5164,4.5,1.3,11.2,0.8,22.7,4.4,8.7,13.0,2.1,24.8,15.0,28.9,68.8,25.2,8.9,15.8,27.7,66.2,28.5,6.0,0,0,1,0
08085,Montrose County,CO,0.5164,0.6013,0.7337,0.6102,0.1591,2.8,0.4,13.3,4.0,19.4,4.3,10.7,20.9,2.6,25.2,13.3,25.2,67.9,24.1,8.5,15.8,28.5,71.3,27.7,5.0,0,0,1,0
08087,Morgan County,CO,0.8371,0.706,0.8075,0.8116,0.8346,5.4,3.2,11.6,6.8,21.1,3.7,17.3,36.8,6.6,26.7,10.1,43.2,68.7,22.0,9.9,15.8,29.6,67.6,32.3,5.0,0,0,1,1
08089,Otero County,CO,0.9535,0.8479,0.9551,0.8651,0.9211,8.6,1.2,8.0,1.8,38.8,5.9,12.0,42.9,5.8,27.5,20.4,48.9,69.0,23.8,11.7,15.8,30.4,63.9,35.1,6.0,0,0,1,1
08091,Ouray County,CO,0.0834,0.307,0.064,0.2587,0.0423,1.8,0.8,14.6,0.2,11.6,4.2,2.5,4.2,1.6,23.2,15.1,9.2,70.8,23.6,6.6,15.8,28.5,71.2,22.8,6.0,0,0,1,0
08093,Park County,CO,0.0032,0.1374,0.0092,0.3592,0.0013,1.4,0.5,8.8,0.2,13.8,3.9,2.4,6.7,0.0,19.5,11.3,12.2,69.6,22.7,7.2,15.8,28.7,72.0,22.5,2.0,0,0,1,0
08095,Phillips County,CO,0.4203,0.4868,0.5348,0.6624,0.1775,5.3,0.0,8.0,5.1,26.3,1.4,10.9,28.2,1.6,25.5,13.3,29.8,68.6,24.0,9.6,15.8,29.2,68.0,29.4,6.0,0,0,1,0
08097,Pitkin County,CO,0.0617,0.0897,0.0124,0.5119,0.266,2.4,0.4,4.4,0.4,10.5,2.1,1.8,10.8,24.5,27.0,8.9,19.0,70.3,21.7,6.5,15.8,28.2,75.1,20.3,5.0,0,0,1,0
08099,Prowers County,CO,0.9615,0.8183,0.965,0.8151,0.966,6.6,1.3,10.5,2.9,30.9,4.4,14.5,39.5,5.5,27.7,17.5,43.5,67.7,23.1,10.8,15.8,29.2,65.3,29.8,6.0,0,0,1,1
08101,Pueblo County,CO,0.8533,0.6914,0.8826,0.8686,0.8314,7.9,1.7,6.3,1.1,26.0,5.9,10.0,43.6,7.9,30.1,18.5,49.5,70.3,23.4,10.4,15.8,27.2,68.1,32.3,4.0,0,0,1,1
08103,Rio Blanco County,CO,0.5167,0.5177,0.5937,0.4871,0.4184,2.1,0.3,9.3,0.9,22.1,6.1,7.8,11.1,4.5,21.7,16.5,17.6,69.4,24.6,8.0,15.8,28.2,68.4,26.7,6.0,0,0,1,0
08105,Rio Grande County,CO,0.7868,0.5463,0.9214,0.8616,0.721,6.9,0.4,14.2,1.6,20.2,6.0,9.9,44.5,2.4,18.6,17.0,48.4,69.6,22.2,9.6,15.8,29.2,71.5,27.9,6.0,0,0,1,1
08107,Routt County,CO,0.1314,0.1985,0.0395,0.4613,0.2596,2.0,0.2,8.5,1.0,12.8,2.9,3.0,7.2,22.5,25.8,6.8,16.5,69.9,22.7,6.8,15.8,28.5,72.0,23.0,5.0,0,0,1,0
08109,Saguache County,CO,0.6608,0.8791,0.8177,0.7989,0.0652,1.5,1.3,11.1,2.5,32.5,10.0,11.5,35.5,0.6,23.1,15.3,41.7,69.0,22.7,10.7,15.8,30.0,68.3,28.8,6.0,0,0,1,0
08111,San Juan County,CO,0.4276,0.7595,0.2179,0.5501,0.1168,3.9,0.0,16.5,5.2,26.4,7.3,4.3,18.3,15.9,26.1,6.2,21.6,70.0,23.2,7.8,15.8,28.5,69.7,25.8,6.0,0,0,1,0
08113,San Miguel County,CO,0.2911,0.3758,0.0509,0.4378,0.5425,6.3,0.5,10.3,2.9,20.2,3.7,1.8,11.4,27.9,27.0,5.3,15.4,70.8,22.6,7.1,15.8,28.6,71.6,25.3,6.0,0,0,1,0
08115,Sedgwick County,CO,0.6729,0.5059,0.9831,0.5978,0.3296,6.5,0.5,7.8,1.5,26.0,3.3,8.7,19.4,4.4,27.6,19.3,24.4,69.1,24.5,9.0,15.8,28.7,66.5,28.5,6.0,0,0,1,0
08117,Summit County,CO,0.1696,0.2533,0.0095,0.5597,0.4725,3.0,0.3,11.0,2.8,14.3,3.7,5.8,14.8,37.5,22.2,6.2,22.1,70.6,22.2,7.2,15.8,26.8,71.0,23.7,5.0,0,0,1,0
08119,Teller County,CO,0.0496,0.2256,0.0223,0.4416,0.0369,1.1,0.9,7.0,0.1,13.2,3.8,3.0,7.9,2.8,27.5,13.8,15.6,69.8,23.8,7.1,15.8,28.4,74.3,23.4,3.0,0,0,1,0
08121,Washington County,CO,0.2848,0.2004,0.4928,0.4146,0.3805,3.8,1.0,4.6,1.4,19.4,3.5,9.5,10.9,1.4,20.8,11.9,14.4,68.4,24.2,8.2,15.8,29.0,69.6,26.6,6.0,0,0,1,0
08123,Weld County,CO,0.5889,0.5269,0.5367,0.7391,0.5457,3.5,1.2,8.5,3.9,16.6,4.9,11.7,30.3,7.5,25.3,11.2,36.3,67.4,22.0,9.3,15.8,29.1,72.5,33.6,3.0,0,0,1,0
08125,Yuma County,CO,0.6783,0.8202,0.601,0.6475,0.3411,2.7,0.2,15.4,7.4,21.6,5.7,15.2,25.7,1.0,24.9,8.3,28.4,68.5,23.2,9.2,15.8,28.9,66.7,28.7,6.0,0,0,1,0
09110,Capitol Planning Region,CT,0.5877,0.3952,0.427,0.7735,0.7891,9.5,11.7,4.0,3.6,16.9,5.6,9.0,17.9,14.2,27.7,11.8,39.3,79.6,21.8,9.2,16.9,34.1,80.6,32.4,1.0,1,0,0,0
09120,Greater Bridgeport Planning Region,CT,0.8142,0.7391,0.5924,0.791,0.8673,10.0,10.9,7.6,6.8,19.3,7.7,11.7,20.4,13.4,33.4,12.6,40.6,76.6,18.2,9.2,20.9,33.7,77.7,28.4,3.0,1,0,0,0
09130,Lower Connecticut River Valley Planning Region,CT,0.1534,0.1145,0.1467,0.5065,0.3229,4.8,4.4,3.2,1.5,11.1,4.1,4.7,7.0,9.3,24.0,10.9,18.7,79.7,23.8,7.3,10.4,31.6,79.4,29.8,2.0,1,0,0,0
09140,Naugatuck Valley Planning Region,CT,0.5641,0.4836,0.5746,0.7636,0.5142,9.5,10.5,4.6,3.8,16.8,6.4,9.6,19.1,9.7,29.3,13.5,38.5,77.9,21.8,8.8,16.6,33.8,78.2,30.7,3.0,1,0,0,0
09150,Northeastern Connecticut Planning Region,CT,0.2409,0.3894,0.2953,0.5065,0.0955,5.0,1.4,4.3,1.5,14.4,7.4,8.7,11.8,3.3,25.0,13.2,18.7,77.7,24.8,8.0,12.5,32.2,77.0,32.4,5.0,1,0,0,0
09160,Northwest Hills Planning Region,CT,0.2727,0.2558,0.3608,0.5597,0.2606,6.1,4.4,4.1,2.2,14.1,5.4,6.8,10.9,4.9,25.1,11.9,22.1,78.7,23.9,7.9,12.2,33.5,78.7,29.2,5.0,1,0,0,0
09170,South Central Connecticut Planning Region,CT,0.6637,0.4884,0.3681,0.7655,0.9039,11.1,12.4,5.1,3.7,18.1,6.1,8.6,18.8,16.1,30.6,11.3,38.7,78.7,20.9,9.2,16.7,34.0,79.3,33.9,3.0,1,0,0,0
09180,Southeastern Connecticut Planning Region,CT,0.4865,0.3541,0.4734,0.6128,0.6055,7.3,5.1,4.4,2.5,16.7,5.3,7.6,11.4,9.8,28.6,13.5,25.4,78.5,23.5,8.8,15.3,31.7,77.2,33.1,3.0,1,0,0,0
09190,Western Connecticut Planning Region,CT,0.4664,0.4034,0.3102,0.7751,0.5008,5.8,9.6,7.4,5.6,12.8,5.6,8.4,20.1,17.5,24.9,8.9,39.4,77.3,19.3,7.4,12.4,33.0,78.9,25.6,3.0,1,0,0,0
10001,Kent County,DE,0.8151,0.6306,0.8676,0.7964,0.7881,6.8,25.5,6.9,1.7,20.1,6.0,11.1,7.8,7.8,28.6,16.6,41.4,80.8,23.3,12.4,16.6,34.4,73.0,43.9,4.0,0,1,0,1
10003,New Castle County,DE,0.5132,0.3376,0.4018,0.8352,0.6561,7.0,24.7,5.3,2.1,16.5,5.4,7.5,10.8,14.1,25.1,12.4,45.4,77.6,21.5,10.7,14.6,34.0,78.1,33.4,2.0,0,1,0,0
10005,Sussex County,DE,0.5183,0.4483,0.6904,0.6166,0.3948,3.6,10.7,6.9,2.6,18.5,5.0,9.9,9.5,4.6,24.0,14.5,25.6,78.6,22.4,9.8,14.5,37.4,80.4,34.2,5.0,0,1,0,0
11001,District of Columbia,DC,0.6262,0.4394,0.1056,0.9386,0.9631,35.7,43.5,3.4,2.1,20.6,7.1,7.3,11.5,48.2,26.3,11.0,63.7,77.0,21.0,8.5,13.8,33.3,77.0,25.1,1.0,0,1,0,0
12001,Alachua County,FL,0.6099,0.629,0.0309,0.7881,0.9357,7.1,19.1,7.9,1.1,28.4,5.1,6.4,10.9,20.4,32.6,11.5,40.4,77.9,19.8,11.2,15.8,34.2,74.2,33.4,3.0,0,1,0,0
12003,Baker County,FL,0.6188,0.6118,0.4073,0.5558,0.7051,4.0,11.5,11.3,0.3,21.5,4.9,14.9,3.2,0.6,20.5,15.4,21.9,74.8,20.0,11.0,15.8,34.6,76.2,35.1,2.0,0,1,0,0
12005,Bay County,FL,0.7407,0.6405,0.8126,0.6083,0.6952,4.0,10.2,13.7,1.8,20.9,4.0,9.6,7.2,20.9,29.5,19.5,25.0,74.0,21.5,10.0,15.8,34.0,73.5,33.2,4.0,0,1,0,0
12007,Bradford County,FL,0.8867,0.9144,0.3198,0.6354,0.9901,7.0,17.3,10.9,0.1,28.4,5.8,17.9,4.7,4.9,28.4,18.1,27.4,74.8,20.9,12.4,15.8,32.6,69.8,35.0,6.0,0,1,0,1
12009,Brevard County,FL,0.4817,0.4833,0.4913,0.6424,0.3659,4.7,9.2,10.0,1.3,18.0,4.9,7.3,11.4,12.8,26.3,16.3,28.0,75.8,20.0,10.0,15.8,32.7,77.6,34.2,3.0,0,1,0,0
12011,Broward County,FL,0.7814,0.791,0.4935,0.9481,0.6777,6.9,27.6,13.9,7.4,20.9,5.8,10.0,31.5,35.8,36.6,11.1,67.0,77.4,16.2,11.4,15.8,32.9,76.0,30.4,2.0,0,1,0,0
12013,Calhoun County,FL,0.8756,0.7989,0.7124,0.6045,0.9628,6.8,12.4,19.6,0.7,33.6,3.7,20.7,6.4,0.7,20.1,24.1,24.8,74.9,20.7,12.8,15.8,34.7,69.7,39.9,6.0,0,1,0,1
12015,Charlotte County,FL,0.5953,0.5908,0.6554,0.489,0.5145,4.5,5.1,10.2,1.3,18.9,5.7,8.1,8.0,9.4,27.0,21.7,17.7,75.4,19.0,9.8,15.8,33.2,74.7,31.6,4.0,0,1,0,0
12017,Citrus County,FL,0.5698,0.7321,0.5857,0.3977,0.3264,4.7,2.1,10.8,0.8,24.4,7.2,9.6,6.4,1.4,23.5,21.7,13.8,74.8,21.2,10.2,15.8,33.9,74.5,32.9,4.0,0,1,0,0
12019,Clay County,FL,0.3649,0.2978,0.5087,0.6647,0.2857,3.6,11.2,8.7,1.4,16.7,4.3,7.5,10.8,4.6,21.8,13.4,30.0,76.0,19.6,10.3,15.8,33.3,70.1,34.5,2.0,0,1,0,0
12021,Collier County,FL,0.6141,0.588,0.4362,0.7636,0.5953,4.6,6.4,11.8,7.4,17.3,4.3,10.5,28.6,27.4,28.7,11.4,38.5,73.9,16.9,9.5,15.8,31.8,71.6,28.0,3.0,0,1,0,0
12023,Columbia County,FL,0.9138,0.8311,0.818,0.6487,0.9701,4.5,16.6,13.2,0.7,28.2,6.9,14.2,6.8,4.3,21.2,20.2,28.6,75.2,21.0,12.4,15.8,34.2,67.7,39.7,5.0,0,1,0,1
12027,DeSoto County,FL,0.9981,0.992,0.9656,0.8447,0.9876,6.2,12.2,19.6,5.8,40.1,9.7,26.9,32.0,2.1,24.0,19.0,46.1,73.4,19.4,14.7,15.8,37.4,68.9,41.8,5.0,0,1,0,1
12029,Dixie County,FL,0.7719,0.7681,0.4884,0.4699,0.8944,5.1,8.0,16.0,0.7,32.7,5.1,19.2,4.5,0.2,15.6,25.7,16.9,72.7,21.3,12.3,15.8,32.4,70.1,34.8,6.0,0,1,0,1
12031,Duval County,FL,0.7935,0.7105,0.6144,0.8711,0.8062,7.1,28.9,11.7,2.7,23.3,4.7,9.3,11.0,19.3,31.5,13.0,49.9,75.5,19.8,11.8,15.8,30.9,77.4,34.3,1.0,0,1,0,0
12033,Escambia County,FL,0.839,0.783,0.644,0.7474,0.8801,6.9,21.5,11.6,1.3,23.9,6.2,9.2,6.1,11.2,29.3,16.8,37.1,75.6,21.0,11.4,15.8,33.2,73.7,36.4,3.0,0,1,0,0
12035,Flagler County,FL,0.3121,0.4559,0.5597,0.6277,0.0554,3.6,9.2,11.3,2.3,17.4,3.8,7.7,11.2,6.9,27.1,15.4,26.7,75.6,20.5,9.3,15.8,33.9,76.1,30.9,3.0,0,1,0,0
12037,Franklin County,FL,0.9017,0.9644,0.6176,0.5711,0.8902,6.6,10.8,17.7,1.4,33.5,8.9,19.6,5.5,2.2,22.3,23.3,22.7,74.7,19.6,11.2,15.8,32.1,66.5,32.4,6.0,0,1,0,1
12039,Gadsden County,FL,0.9742,0.8855,0.971,0.9532,0.9405,9.8,54.5,14.2,2.5,35.5,4.3,19.7,11.1,1.1,23.6,19.9,68.3,77.9,17.4,15.6,15.8,32.0,72.8,44.5,3.0,0,1,0,0
12041,Gilchrist County,FL,0.7337,0.455,0.896,0.3697,0.9141,7.5,3.1,13.5,1.7,23.7,3.1,14.0,6.2,0.2,16.4,20.2,12.6,74.1,21.8,10.2,15.8,34.4,71.1,34.7,3.0,0,1,0,0
12043,Glades County,FL,0.9058,0.9516,0.7735,0.8088,0.7229,2.0,15.2,20.9,5.7,36.9,5.4,26.9,22.2,0.0,22.8,19.2,43.0,73.6,18.6,14.4,15.8,35.1,65.9,37.9,5.0,0,1,0,1
12045,Gulf County,FL,0.7082,0.6125,0.6252,0.5667,0.7856,4.0,14.8,9.3,0.5,23.4,4.3,14.3,3.9,2.5,23.0,23.0,22.5,74.0,20.4,10.9,15.8,32.8,73.6,35.1,6.0,0,1,0,0
12047,Hamilton County,FL,0.9803,0.9777,0.8622,0.8317,0.9574,6.0,31.3,15.1,1.6,37.2,9.2,22.9,10.7,1.2,22.9,19.4,45.0,75.3,19.8,14.7,15.8,36.5,63.2,42.0,6.0,0,1,0,1
12049,Hardee County,FL,0.993,0.9876,0.8979,0.8899,0.9685,4.9,6.4,14.5,7.1,41.6,8.7,22.1,44.3,2.9,25.7,14.3,54.5,73.6,18.3,14.4,15.8,34.5,66.3,40.6,6.0,0,1,0,1
12051,Hendry County,FL,0.9946,0.993,0.8575,0.9625,0.9761,7.3,10.3,21.7,13.6,37.7,5.8,30.5,57.1,1.5,30.5,12.2,71.1,73.9,16.6,16.1,15.8,33.2,64.2,37.7,5.0,0,1,0,1
12053,Hernando County,FL,0.6602,0.7537,0.7623,0.6185,0.3048,5.1,4.9,12.6,1.4,23.0,5.9,10.6,15.6,2.8,24.9,19.0,25.8,74.7,21.3,11.2,15.8,33.5,74.5,36.4,2.0,0,1,0,0
12055,Highlands County,FL,0.8673,0.818,0.8664,0.7286,0.7607,5.2,9.0,13.1,3.6,27.2,6.8,13.8,21.5,2.9,21.3,20.3,35.4,75.4,19.2,12.6,15.8,35.0,72.6,38.4,4.0,0,1,0,1
12057,Hillsborough County,FL,0.7789,0.7327,0.49,0.8871,0.7897,5.9,15.5,11.9,6.5,22.1,4.8,10.7,29.9,17.7,31.0,11.8,53.7,75.7,16.7,11.5,15.8,36.3,78.2,31.5,1.0,0,1,0,0
12059,Holmes County,FL,0.8081,0.7786,0.77,0.4248,0.833,5.1,6.5,16.3,0.7,29.6,4.7,17.3,3.2,0.6,19.7,18.8,14.8,73.9,21.8,11.9,15.8,36.4,71.2,36.5,6.0,0,1,0,1
12061,Indian River County,FL,0.5145,0.5975,0.5803,0.6249,0.2434,4.3,8.2,11.1,1.7,18.5,5.9,8.6,13.2,14.2,24.9,16.2,26.5,75.7,18.8,9.5,15.8,31.5,73.0,27.5,4.0,0,1,0,0
12063,Jackson County,FL,0.8085,0.7362,0.8947,0.7213,0.6223,5.2,25.6,9.8,1.2,31.2,4.7,15.8,5.2,0.7,21.5,20.1,34.8,74.8,20.1,13.1,15.8,32.6,77.5,38.9,6.0,0,1,0,1
12065,Jefferson County,FL,0.7439,0.7143,0.6325,0.776,0.6666,7.0,32.0,10.0,0.6,26.7,6.7,14.9,4.5,0.4,18.8,20.2,39.5,75.3,18.7,12.2,15.8,34.7,71.3,34.9,3.0,0,1,0,0
12067,Lafayette County,FL,0.8409,0.9214,0.4626,0.6726,0.7906,1.8,15.6,15.1,2.0,35.4,8.6,21.5,13.3,0.8,18.7,21.0,30.5,73.3,19.9,12.8,15.8,35.5,69.2,35.2,6.0,0,1,0,1
12069,Lake County,FL,0.6214,0.6128,0.6481,0.7086,0.4512,4.1,9.7,10.4,2.3,18.3,5.5,9.6,17.4,6.7,26.8,16.3,33.4,75.6,18.6,10.9,15.8,32.4,74.2,35.8,2.0,0,1,0,0
12071,Lee County,FL,0.7086,0.6507,0.6067,0.7299,0.671,5.1,7.7,12.8,5.7,19.6,4.5,9.9,23.1,16.6,29.3,13.8,35.6,75.8,18.4,10.8,15.8,32.2,75.3,31.2,3.0,0,1,0,0
12073,Leon County,FL,0.6952,0.6659,0.1021,0.8323,0.937,6.9,30.7,8.2,0.9,26.4,5.7,6.7,6.9,20.9,33.3,11.9,45.1,76.5,17.9,11.3,15.8,34.2,76.6,35.6,3.0,0,1,0,0
12075,Levy County,FL,0.7582,0.7184,0.9119,0.5616,0.5224,4.7,8.4,15.6,2.1,27.8,4.4,12.4,9.2,1.2,21.6,19.9,22.2,74.5,20.6,11.9,15.8,33.3,69.5,33.8,3.0,0,1,0,1
12077,Liberty County,FL,0.8266,0.8454,0.6077,0.636,0.8132,7.7,14.8,10.8,0.6,30.5,8.2,19.0,7.8,0.2,19.4,24.2,27.5,74.1,19.3,13.0,15.8,33.9,73.0,44.2,6.0,0,1,0,1
12079,Madison County,FL,0.8638,0.8011,0.5822,0.8403,0.9338,9.5,35.8,12.8,0.9,33.8,2.7,19.8,6.3,0.9,24.5,15.7,45.8,76.6,19.5,13.3,15.8,34.2,77.7,37.9,6.0,0,1,0,1
12081,Manatee County,FL,0.6332,0.6516,0.4906,0.6685,0.5622,4.0,8.0,12.1,3.0,19.6,5.2,9.3,16.9,14.3,27.6,14.6,30.2,75.6,19.1,10.1,15.8,33.5,74.6,32.7,3.0,0,1,0,0
12083,Marion County,FL,0.8196,0.7926,0.7891,0.6936,0.7143,4.9,12.0,12.4,2.1,25.0,5.9,10.8,15.0,3.4,25.5,16.4,32.1,76.5,20.7,10.9,15.8,32.3,73.9,37.1,3.0,0,1,0,0
12085,Martin County,FL,0.4642,0.4022,0.384,0.5797,0.5415,4.9,5.0,9.6,2.3,17.2,4.4,7.6,14.3,14.6,24.7,14.2,23.3,73.9,19.2,9.4,15.8,34.2,74.7,27.9,3.0,0,1,0,0
12086,Miami-Dade County,FL,0.881,0.9049,0.4365,0.9901,0.8909,9.7,14.9,15.0,20.6,26.3,4.6,17.3,68.8,39.3,39.7,10.2,87.0,74.0,14.0,13.3,15.8,31.3,75.5,29.3,1.0,0,1,0,0
12087,Monroe County,FL,0.6822,0.5247,0.3143,0.7378,0.9294,6.7,6.2,15.4,6.1,18.0,3.4,7.8,25.7,12.9,30.3,10.8,36.2,74.9,17.4,9.7,15.8,32.5,72.8,25.5,5.0,0,1,0,0
12089,Nassau County,FL,0.2539,0.2278,0.4076,0.4273,0.2724,3.0,5.5,7.9,0.4,13.7,4.1,8.2,5.0,6.5,20.7,17.4,14.9,75.3,19.7,8.6,15.8,33.8,76.3,33.4,2.0,0,1,0,0
12091,Okaloosa County,FL,0.5266,0.4238,0.573,0.6503,0.5358,3.7,9.3,11.4,1.8,18.1,3.3,7.0,10.1,17.0,27.9,15.6,28.7,74.8,19.5,9.6,15.8,30.7,72.4,30.8,3.0,0,1,0,0
12093,Okeechobee County,FL,0.9637,0.9481,0.9322,0.7617,0.8934,3.2,7.7,17.9,4.1,30.0,6.1,20.1,26.7,2.3,24.2,17.9,38.2,74.6,20.3,12.8,15.8,34.5,76.3,44.1,5.0,0,1,0,1
12095,Orange County,FL,0.7951,0.8018,0.3767,0.9332,0.7862,5.2,19.3,12.6,7.2,23.2,5.5,10.6,32.9,23.1,33.8,11.2,62.5,76.1,16.5,11.5,15.8,33.7,75.3,33.5,1.0,0,1,0,0
12097,Osceola County,FL,0.8307,0.8244,0.8043,0.9644,0.5399,4.5,9.3,11.8,10.0,24.1,5.3,12.3,56.1,13.7,37.6,13.9,71.5,75.1,17.3,12.7,15.8,35.0,77.2,39.4,2.0,0,1,0,0
12099,Palm Beach County,FL,0.8008,0.7779,0.6354,0.8613,0.7222,6.0,18.1,13.5,7.5,19.3,5.8,11.0,23.5,25.0,31.9,12.4,48.3,76.1,16.5,10.6,15.8,30.9,76.9,27.3,2.0,0,1,0,0
12101,Pasco County,FL,0.7041,0.6561,0.7811,0.6599,0.5387,4.8,5.6,11.2,2.3,20.2,5.3,9.3,17.4,6.4,27.6,16.4,29.6,74.1,20.2,10.3,15.8,33.9,76.1,31.8,2.0,0,1,0,0
12103,Pinellas County,FL,0.7095,0.5546,0.5851,0.6373,0.8568,6.9,9.8,10.8,2.3,19.5,4.6,7.5,10.4,24.4,30.4,15.5,27.6,75.2,20.9,9.8,15.8,33.5,74.7,31.7,1.0,0,1,0,0
12105,Polk County,FL,0.8912,0.8078,0.8062,0.8377,0.903,5.2,14.4,13.0,4.9,25.7,4.6,13.1,26.2,6.0,28.6,14.1,45.6,75.3,19.8,11.8,15.8,35.0,71.1,40.6,3.0,0,1,0,0
12107,Putnam County,FL,0.9835,0.9838,0.966,0.6599,0.9036,7.5,15.6,16.6,3.0,39.0,8.9,17.6,10.5,2.4,25.1,18.4,29.6,74.4,20.9,13.4,15.8,33.5,72.6,33.3,5.0,0,1,0,1
12109,St. Johns County,FL,0.1266,0.1677,0.1925,0.5294,0.104,2.4,5.2,7.2,1.0,11.8,4.4,5.0,8.0,8.8,21.3,10.5,20.0,77.3,18.6,8.2,15.8,31.4,76.1,28.7,2.0,0,1,0,0
12111,St. Lucie County,FL,0.7906,0.8136,0.8734,0.8466,0.3812,4.5,19.8,12.6,3.1,22.1,6.0,11.4,20.6,10.7,30.0,15.2,46.2,74.1,18.1,11.2,15.8,32.6,74.4,31.9,3.0,0,1,0,0
12113,Santa Rosa County,FL,0.3213,0.3379,0.189,0.5294,0.4353,3.5,5.7,10.9,0.7,15.9,4.7,7.4,6.2,4.4,20.9,15.0,20.0,76.9,19.8,9.3,15.8,32.3,72.3,31.7,3.0,0,1,0,0
12115,Sarasota County,FL,0.3653,0.2927,0.413,0.504,0.4566,4.4,4.1,10.2,1.8,14.2,3.4,5.9,9.9,16.7,25.6,15.1,18.6,75.8,20.7,8.4,15.8,32.5,76.9,30.3,3.0,0,1,0,0
12117,Seminole County,FL,0.3996,0.4111,0.3051,0.8075,0.2829,3.9,11.0,10.1,3.0,15.9,4.3,6.1,22.9,15.2,29.5,11.3,42.9,76.7,16.7,9.8,15.8,31.7,75.3,29.3,2.0,0,1,0,0
12119,Sumter County,FL,0.3026,0.2109,0.3945,0.4445,0.4744,3.5,6.8,6.0,0.9,14.8,5.1,7.5,6.1,3.6,20.1,18.5,15.7,76.9,17.0,9.1,15.8,34.3,75.8,32.0,4.0,0,1,0,0
12121,Suwannee County,FL,0.8457,0.7598,0.7518,0.615,0.9243,5.9,11.2,13.0,1.2,27.4,5.5,15.7,10.4,2.0,19.8,20.6,25.5,74.1,20.4,11.9,15.8,34.0,72.0,38.6,6.0,0,1,0,1
12123,Taylor County,FL,0.8062,0.6911,0.8132,0.6402,0.8177,5.5,20.2,8.2,1.0,28.0,5.8,16.7,4.1,0.7,19.6,20.8,27.9,74.1,20.3,12.8,15.8,33.7,75.2,40.9,6.0,0,1,0,1
12125,Union County,FL,0.6669,0.5081,0.4798,0.6548,0.8696,3.7,16.6,11.4,0.3,24.3,3.6,22.1,5.7,0.6,13.1,17.9,29.2,73.3,20.7,12.9,15.8,35.1,68.4,41.5,6.0,0,1,0,0
12127,Volusia County,FL,0.6987,0.5966,0.6914,0.678,0.6863,5.6,10.3,11.6,1.3,21.0,4.2,8.4,15.6,14.2,30.6,17.3,31.0,75.4,20.4,10.3,15.8,32.8,73.0,33.2,3.0,0,1,0,0
12129,Wakulla County,FL,0.3058,0.3198,0.0423,0.5616,0.6459,3.4,14.5,7.0,0.7,15.8,3.6,11.6,4.3,0.1,22.6,13.2,22.2,74.4,18.5,10.8,15.8,33.6,77.6,38.2,3.0,0,1,0,0
12131,Walton County,FL,0.6287,0.553,0.5208,0.4699,0.7703,3.9,3.7,13.5,1.2,18.0,5.3,8.1,6.6,19.2,23.8,16.1,16.9,73.7,19.7,9.7,15.8,33.1,72.9,29.6,3.0,0,1,0,0
12133,Washington County,FL,0.8043,0.8486,0.7665,0.5867,0.6188,2.9,14.0,14.4,0.9,35.8,4.8,16.9,4.4,0.8,21.6,20.4,23.7,73.8,21.1,12.6,15.8,35.3,65.8,39.8,4.0,0,1,0,1
13001,Appling County,GA,0.9122,0.8546,0.8578,0.6911,0.9268,7.4,18.1,14.3,3.0,37.9,3.3,21.6,10.3,1.4,23.8,13.5,31.9,74.9,22.9,14.6,25.7,35.5,70.1,40.7,6.0,0,1,0,1
13003,Atkinson County,GA,0.8444,0.9026,0.8081,0.8403,0.5199,4.4,15.2,23.3,12.1,46.1,4.6,29.6,27.3,1.4,20.2,12.9,45.8,74.7,22.2,16.5,32.0,35.4,68.5,43.9,5.0,0,1,0,1
13005,Bacon County,GA,0.889,0.7362,0.9755,0.6332,0.8463,7.4,15.1,15.4,0.8,33.7,4.3,15.3,8.7,0.5,19.0,22.3,27.2,75.4,22.7,13.0,21.7,34.6,71.3,36.9,6.0,0,1,0,1
13007,Baker County,GA,0.7162,0.922,0.4394,0.8584,0.2564,7.2,33.9,16.6,0.9,39.3,12.2,14.3,0.8,0.1,19.7,15.8,47.7,78.0,21.1,16.9,30.8,34.6,72.0,43.3,6.0,0,1,0,0
13009,Baldwin County,GA,0.923,0.9357,0.3363,0.86,0.9908,6.8,41.5,12.3,0.5,31.0,7.0,14.5,2.7,4.8,26.9,15.6,48.0,78.3,20.5,14.5,23.7,34.3,77.4,40.9,5.0,0,1,0,1
13011,Banks County,GA,0.3373,0.6207,0.3096,0.3961,0.1015,2.5,2.9,13.7,1.1,22.6,2.5,20.6,7.7,1.2,21.8,18.9,13.7,74.6,23.7,11.5,17.1,34.0,72.1,34.2,6.0,0,1,0,0
13013,Barrow County,GA,0.4887,0.5956,0.7738,0.7066,0.0799,3.4,12.4,16.1,2.6,19.1,4.0,12.4,13.2,1.6,23.0,13.1,33.3,75.8,19.7,11.6,17.4,34.3,75.0,34.8,2.0,0,1,0,0
13015,Bartow County,GA,0.454,0.6529,0.3964,0.6045,0.1623,3.1,10.5,13.9,1.4,19.5,5.5,12.1,9.6,3.9,21.9,11.9,24.8,76.0,21.5,10.8,15.2,32.3,75.1,38.4,2.0,0,1,0,0
13017,Ben Hill County,GA,0.9265,0.8918,0.7378,0.8365,0.9535,10.0,37.3,18.6,0.8,38.7,5.0,16.3,6.5,2.9,21.6,12.0,45.5,77.4,21.7,16.0,29.9,34.8,71.6,41.5,5.0,0,1,0,1
13019,Berrien County,GA,0.6748,0.8406,0.8406,0.5269,0.1769,3.8,10.3,21.8,0.6,35.9,4.6,18.7,5.7,0.1,19.7,17.3,19.9,75.1,23.8,13.5,22.9,33.9,67.4,38.0,6.0,0,1,0,0
13021,Bibb County,GA,0.9644,0.9739,0.8619,0.9399,0.8422,11.5,54.1,13.9,1.0,34.6,7.5,13.5,3.7,11.6,34.4,15.9,64.0,79.8,19.9,15.2,26.7,33.5,72.4,45.0,4.0,0,1,0,1
13023,Bleckley County,GA,0.7063,0.686,0.6363,0.686,0.6134,4.0,26.2,9.2,0.5,27.0,6.1,12.1,3.4,1.1,20.9,19.9,31.5,77.5,22.7,12.8,20.4,34.7,73.6,38.3,6.0,0,1,0,0
13025,Brantley County,GA,0.3974,0.7763,0.0738,0.2485,0.2733,6.5,3.7,15.9,0.2,31.7,3.3,20.4,2.6,0.0,21.2,16.2,9.0,74.5,25.0,11.9,19.3,34.9,68.3,38.7,4.0,0,1,0,0
13027,Brooks County,GA,0.9275,0.9704,0.7611,0.8492,0.7741,7.2,34.5,18.5,0.6,42.2,4.9,17.5,7.6,4.0,29.8,17.0,46.5,77.6,21.5,15.7,28.4,34.9,69.0,40.2,4.0,0,1,0,1
13029,Bryan County,GA,0.3115,0.28,0.7101,0.6618,0.1104,3.0,13.5,8.6,1.5,11.8,5.5,7.6,8.2,2.6,19.9,12.6,29.7,77.5,20.4,9.8,12.0,32.6,78.8,32.8,3.0,0,1,0,0
13031,Bulloch County,GA,0.8374,0.9297,0.2326,0.7521,0.8781,5.4,27.6,11.9,0.7,32.2,8.3,11.3,4.4,9.4,28.3,14.5,37.4,77.4,20.9,12.9,19.6,35.2,72.2,41.7,5.0,0,1,0,1
13033,Burke County,GA,0.7483,0.8148,0.552,0.881,0.4967,10.2,45.3,10.4,0.3,30.4,5.2,15.3,3.5,1.0,23.7,14.8,52.2,77.7,21.2,15.2,27.0,33.8,74.6,39.8,3.0,0,1,0,0
13035,Butts County,GA,0.5565,0.5896,0.392,0.72,0.4766,3.5,27.7,11.2,0.7,24.1,4.0,16.3,3.7,1.2,19.9,14.6,34.7,76.4,20.6,12.6,20.2,33.3,76.8,38.2,2.0,0,1,0,0
13037,Calhoun County,GA,0.9688,0.9924,0.6344,0.9526,0.917,7.7,61.9,15.7,2.2,39.7,11.4,23.8,5.6,0.5,25.2,16.9,68.1,77.5,17.5,17.1,31.0,33.8,72.9,43.6,6.0,0,1,0,1
13039,Camden County,GA,0.6618,0.587,0.6316,0.6793,0.6433,5.9,17.1,9.2,0.4,25.0,4.7,7.5,7.5,4.6,27.4,15.7,31.1,76.1,21.1,11.7,16.5,33.6,79.0,37.9,5.0,0,1,0,0
13043,Candler County,GA,0.916,0.8508,0.9281,0.7798,0.8381,6.0,22.2,20.4,3.0,36.2,3.9,22.5,12.2,0.3,21.0,18.3,39.6,76.3,22.0,13.9,24.8,34.3,71.9,42.3,6.0,0,1,0,1
13045,Carroll County,GA,0.8428,0.8794,0.8171,0.6885,0.6176,4.3,19.9,12.2,2.1,25.8,5.9,15.5,7.5,5.0,26.1,15.2,31.7,75.6,21.4,12.2,18.5,33.9,73.1,34.7,2.0,0,1,0,0
13047,Catoosa County,GA,0.3086,0.3519,0.5733,0.3217,0.1979,4.2,2.2,10.8,0.7,17.8,3.7,10.5,3.4,2.9,20.0,17.3,11.0,75.2,22.2,10.3,13.0,33.6,74.1,33.9,3.0,0,1,0,0
13049,Charlton County,GA,0.8855,0.9889,0.2262,0.776,0.8559,5.6,28.6,18.0,1.7,36.9,8.3,15.9,6.0,0.5,29.7,18.6,39.5,74.9,20.2,15.4,26.2,34.9,70.5,41.4,6.0,0,1,0,1
13051,Chatham County,GA,0.805,0.8056,0.5647,0.8858,0.7181,7.3,39.5,13.6,1.5,23.8,6.3,8.6,6.8,12.1,31.6,15.1,53.2,78.9,19.2,12.1,18.1,32.2,77.6,33.4,3.0,0,1,0,0
13053,Chattahoochee County,GA,0.6554,0.6675,0.1629,0.8377,0.776,0.7,16.1,5.0,0.7,40.0,8.4,4.0,17.6,3.6,29.7,7.8,45.6,76.1,19.6,14.2,20.5,34.5,73.5,40.6,3.0,0,1,0,0
13055,Chattooga County,GA,0.9481,0.91,0.9246,0.4948,0.9625,5.6,9.5,13.0,1.9,35.2,4.7,26.8,5.7,2.9,23.7,18.1,18.0,74.2,24.0,13.5,23.6,34.6,67.9,35.1,5.0,0,1,0,1
13057,Cherokee County,GA,0.1969,0.2787,0.4263,0.5892,0.0503,2.2,6.9,11.1,2.7,12.9,3.7,7.8,11.2,8.6,21.5,10.5,23.8,75.3,20.7,9.5,11.2,33.1,74.3,33.1,2.0,0,1,0,0
13059,Clarke County,GA,0.7502,0.8972,0.1069,0.833,0.7547,6.6,26.4,12.4,2.3,37.9,5.3,10.1,11.0,21.3,40.3,12.4,45.2,77.4,21.0,13.3,19.3,33.4,77.5,33.7,4.0,0,1,0,1
13061,Clay County,GA,0.9061,0.8387,0.9558,0.937,0.6685,8.3,61.2,10.3,0.4,39.0,3.5,16.8,0.4,2.7,29.0,17.5,63.6,79.7,19.9,16.1,29.2,33.8,74.9,42.3,6.0,0,1,0,1
13063,Clayton County,GA,0.9488,0.9765,0.8151,0.9952,0.7334,7.4,69.0,18.1,4.4,30.7,6.8,14.5,13.4,12.3,37.7,11.4,91.4,80.2,16.8,16.1,30.5,32.2,75.6,44.8,2.0,0,1,0,0
13065,Clinch County,GA,0.9348,0.7668,0.9265,0.7366,0.9819,10.7,26.5,21.1,4.2,46.2,2.6,26.0,5.7,1.3,18.6,16.5,36.1,76.0,22.6,14.8,27.1,34.2,68.4,41.7,6.0,0,1,0,1
13067,Cobb County,GA,0.3993,0.4114,0.3525,0.8743,0.2227,3.5,26.9,12.4,3.8,14.3,4.6,7.0,13.5,17.1,24.1,9.1,50.7,77.0,18.3,10.1,12.6,32.7,74.1,29.6,2.0,0,1,0,0
13069,Coffee County,GA,0.9609,0.9004,0.95,0.8116,0.9166,6.4,28.7,17.8,3.4,36.2,4.3,21.7,12.3,1.5,22.9,16.9,43.2,76.5,21.8,15.0,28.1,34.8,72.8,39.4,5.0,0,1,0,1
13071,Colquitt County,GA,0.9847,0.964,0.9726,0.8377,0.8976,6.9,22.7,22.1,6.0,36.8,6.1,22.3,20.1,1.8,22.7,16.6,45.6,76.2,22.1,14.8,26.5,34.8,72.8,35.8,5.0,0,1,0,1
13073,Columbia County,GA,0.23,0.2494,0.6901,0.7165,0.0302,2.7,16.9,8.7,1.4,14.6,5.1,6.8,7.3,3.8,19.5,13.0,34.4,78.1,19.8,10.7,12.5,33.6,79.4,32.8,3.0,0,1,0,0
13075,Cook County,GA,0.9338,0.9742,0.8228,0.7521,0.7687,7.5,27.0,19.0,2.0,36.3,5.5,18.1,6.6,3.3,28.1,16.2,37.4,76.4,22.9,14.4,25.8,34.3,71.3,37.6,6.0,0,1,0,1
13077,Coweta County,GA,0.2402,0.2479,0.4607,0.6742,0.1082,3.5,17.8,8.9,1.5,14.8,2.8,9.2,7.6,7.1,21.8,12.3,30.6,76.7,19.7,10.8,13.3,33.3,75.0,35.2,2.0,0,1,0,0
13079,Crawford County,GA,0.6837,0.7782,0.3773,0.636,0.6128,6.2,22.0,15.0,0.2,24.3,8.1,19.0,3.9,1.1,16.0,22.8,27.5,75.6,21.9,12.1,18.9,33.5,72.0,36.9,4.0,0,1,0,0
13081,Crisp County,GA,0.978,0.9908,0.952,0.8775,0.7458,13.0,44.8,16.5,0.5,36.4,8.2,17.8,4.0,4.0,29.3,21.3,51.4,77.9,21.4,16.0,29.5,33.5,75.0,44.9,5.0,0,1,0,1
13083,Dade County,GA,0.4388,0.4932,0.1543,0.1985,0.7191,2.5,1.0,11.9,0.7,19.0,5.5,13.6,2.6,2.8,16.0,16.2,7.8,75.3,23.8,10.2,13.6,33.9,73.3,35.2,3.0,0,1,0,0
13085,Dawson County,GA,0.1861,0.4276,0.1359,0.3166,0.0926,2.4,1.3,13.9,1.0,16.0,4.6,12.0,5.8,2.4,18.1,13.0,10.9,75.8,21.8,9.6,11.8,33.1,76.3,31.5,2.0,0,1,0,0
13087,Decatur County,GA,0.9679,0.9726,0.7547,0.8743,0.9539,8.2,40.0,15.6,0.4,35.6,6.4,17.7,6.7,1.5,26.2,16.1,50.7,78.0,21.0,15.3,27.6,34.5,70.2,42.4,5.0,0,1,0,1
13089,DeKalb County,GA,0.7903,0.7843,0.5453,0.9618,0.678,7.7,52.4,13.2,3.9,21.7,6.4,8.9,8.5,23.3,31.7,11.5,71.0,78.7,16.9,12.3,17.4,33.1,79.4,31.5,2.0,0,1,0,0
13091,Dodge County,GA,0.8559,0.7741,0.7859,0.741,0.8734,6.9,30.3,14.7,0.6,34.3,2.9,13.4,4.1,0.8,25.0,21.7,36.4,76.6,21.5,13.9,24.0,34.6,73.7,40.4,6.0,0,1,0,1
13093,Dooly County,GA,0.9313,0.8864,0.588,0.9115,0.9857,9.3,47.7,17.7,0.8,31.4,7.5,17.2,7.4,0.6,18.9,18.9,58.5,77.1,18.5,15.2,26.2,33.7,75.1,41.1,6.0,0,1,0,1
13095,Dougherty County,GA,0.9761,0.9955,0.8826,0.9765,0.7674,10.9,69.5,15.3,0.7,39.3,10.0,16.1,3.2,5.0,36.7,17.7,76.2,80.8,19.1,17.1,31.9,32.3,77.2,42.7,4.0,0,1,0,1
13097,Douglas County,GA,0.7012,0.7181,0.7235,0.943,0.3404,3.8,48.1,12.3,1.9,19.5,6.6,9.7,10.7,9.3,25.8,11.8,64.9,78.8,18.3,12.7,20.1,33.4,77.8,35.9,2.0,0,1,0,0
13099,Early County,GA,0.9357,0.9672,0.6818,0.8982,0.853,11.2,52.6,15.6,0.1,34.0,6.0,20.2,2.1,1.3,25.8,14.3,56.1,78.4,20.9,15.4,29.0,33.4,71.7,41.1,6.0,0,1,0,1
13101,Echols County,GA,0.4623,0.4935,0.5151,0.818,0.203,1.1,4.1,24.9,2.4,23.1,2.0,17.6,31.0,0.0,15.6,10.0,43.9,73.9,20.9,12.3,19.7,33.7,71.8,37.8,4.0,0,1,0,0
13103,Effingham County,GA,0.2851,0.3688,0.2727,0.5994,0.1874,2.4,13.6,9.5,0.7,15.2,5.3,9.9,5.5,3.4,19.6,11.0,24.5,76.1,20.6,10.6,13.5,32.9,72.1,37.2,3.0,0,1,0,0
13105,Elbert County,GA,0.9224,0.9373,0.8466,0.7474,0.8158,8.7,27.2,12.0,2.1,28.8,7.5,18.3,6.2,1.8,25.1,19.4,37.1,76.8,21.6,13.3,22.4,33.6,76.0,38.3,6.0,0,1,0,1
13107,Emanuel County,GA,0.9494,0.9192,0.9586,0.7961,0.8101,8.7,31.7,16.7,1.3,31.9,8.9,20.9,4.8,0.4,19.0,21.3,41.3,76.6,21.2,14.7,26.3,35.4,75.3,42.8,6.0,0,1,0,1
13109,Evans County,GA,0.9784,0.9634,0.9796,0.8225,0.8317,4.1,27.4,16.4,3.4,34.4,6.8,21.0,12.1,1.4,23.3,16.3,44.3,77.0,21.4,14.8,26.2,33.9,71.9,42.6,5.0,0,1,0,1
13111,Fannin County,GA,0.6172,0.8641,0.6745,0.1457,0.2838,3.8,0.3,16.0,0.2,26.4,5.4,12.2,2.8,3.7,27.3,20.8,6.9,74.8,23.4,11.1,15.6,34.6,67.8,38.2,6.0,0,1,0,0
13113,Fayette County,GA,0.1686,0.1317,0.5539,0.7989,0.0471,3.0,24.6,8.0,1.5,9.9,3.9,4.7,7.7,5.4,20.2,11.7,41.7,78.1,18.7,10.0,11.4,31.6,79.8,30.6,2.0,0,1,0,0
13115,Floyd County,GA,0.9284,0.8336,0.8842,0.6685,0.964,8.4,13.8,14.5,3.3,28.9,4.1,15.8,11.8,7.4,25.9,16.3,30.2,76.1,22.8,12.6,19.2,35.1,74.8,37.7,4.0,0,1,0,1
13117,Forsyth County,GA,0.07,0.0687,0.3067,0.7127,0.0251,1.8,4.0,7.8,2.5,7.4,3.7,6.1,9.6,4.4,13.8,8.1,33.9,77.9,17.8,8.8,8.6,33.9,79.4,26.8,2.0,0,1,0,0
13119,Franklin County,GA,0.8314,0.931,0.7696,0.4948,0.5886,4.2,9.2,17.3,1.7,30.5,6.2,19.1,5.3,0.9,22.6,17.8,18.0,75.4,23.4,12.4,19.7,34.4,73.7,39.4,6.0,0,1,0,1
13121,Fulton County,GA,0.6599,0.5571,0.2278,0.9259,0.8501,10.7,43.0,10.2,1.8,20.1,5.4,6.4,7.3,33.6,28.4,10.3,61.6,77.8,16.8,10.7,14.7,32.1,79.1,28.1,1.0,0,1,0,0
13123,Gilmer County,GA,0.545,0.5218,0.8307,0.4445,0.3245,3.7,0.5,16.3,2.4,23.3,2.4,14.0,12.4,1.5,19.9,18.6,15.7,74.7,22.6,10.8,15.3,34.5,73.9,34.1,6.0,0,1,0,0
13125,Glascock County,GA,0.6621,0.6211,0.2017,0.377,0.9615,10.4,10.6,10.2,0.0,25.5,1.6,17.8,1.3,0.7,24.5,16.1,12.9,74.9,23.6,11.8,17.9,34.2,73.4,37.2,6.0,0,1,0,0
13127,Glynn County,GA,0.7744,0.7191,0.7095,0.7448,0.714,5.7,24.5,14.2,1.6,23.7,4.3,11.8,6.8,7.9,25.4,12.9,36.8,77.5,20.5,12.0,17.8,34.1,76.5,35.5,4.0,0,1,0,1
13129,Gordon County,GA,0.7318,0.7875,0.7477,0.5924,0.482,4.6,3.3,16.5,4.0,27.3,3.0,22.1,16.8,6.7,23.5,13.8,24.0,74.2,23.0,12.2,18.9,34.4,71.1,35.0,5.0,0,1,0,0
13131,Grady County,GA,0.944,0.9443,0.9933,0.805,0.5157,5.0,29.1,20.5,3.4,32.0,4.4,19.1,11.9,1.1,30.3,18.4,42.5,76.8,21.3,14.0,24.4,33.2,66.8,38.5,5.0,0,1,0,1
13133,Greene County,GA,0.5081,0.7086,0.4251,0.7964,0.1425,3.7,31.3,17.9,0.3,21.8,5.4,11.9,6.6,3.0,21.6,13.5,41.4,78.4,19.3,10.9,15.8,33.2,75.5,34.5,6.0,0,1,0,0
13135,Gwinnett County,GA,0.6433,0.6834,0.6965,0.9453,0.2485,3.3,27.9,14.9,8.2,18.7,4.1,11.8,21.8,13.7,29.9,7.9,66.2,76.5,15.7,12.0,17.6,33.9,72.9,34.5,2.0,0,1,0,0
13137,Habersham County,GA,0.728,0.7136,0.6376,0.6029,0.6853,3.9,3.4,15.3,4.6,24.2,2.3,19.3,16.3,1.7,24.0,16.3,24.7,75.4,22.2,11.1,16.9,34.4,73.8,32.7,5.0,0,1,0,0
13139,Hall County,GA,0.8136,0.7897,0.664,0.7941,0.7416,6.2,6.6,17.4,8.1,21.6,3.9,18.9,29.3,8.3,26.0,11.8,41.1,75.2,20.6,11.8,18.4,34.6,75.4,32.5,4.0,0,1,0,1
13141,Hancock County,GA,0.9666,0.9806,0.6828,0.9733,0.9345,12.1,71.7,11.1,0.5,36.3,6.2,24.9,0.7,3.3,39.6,21.5,74.6,78.5,18.2,18.3,36.0,34.3,74.2,45.1,6.0,0,1,0,1
13143,Haralson County,GA,0.3089,0.5708,0.2332,0.2914,0.1718,3.4,4.7,11.5,0.4,19.0,4.4,15.9,2.2,1.5,21.2,16.9,10.1,75.4,24.4,11.0,15.7,33.2,70.9,35.8,2.0,0,1,0,0
13145,Harris County,GA,0.0675,0.1982,0.0878,0.5969,0.0197,1.8,15.5,6.7,0.2,12.5,5.8,6.6,4.4,0.4,18.8,16.0,24.3,77.2,19.9,9.9,11.7,33.2,79.0,32.4,3.0,0,1,0,0
13147,Hart County,GA,0.7681,0.6748,0.5323,0.6166,0.9119,6.6,17.6,11.4,0.7,23.2,4.8,17.1,3.9,1.9,20.9,19.3,25.6,76.1,21.7,11.9,18.0,34.4,73.5,35.2,6.0,0,1,0,1
13149,Heard County,GA,0.6459,0.7709,0.9357,0.4496,0.1444,4.9,8.5,14.1,2.5,24.2,5.4,15.9,3.2,0.4,21.4,23.9,15.8,75.2,23.5,11.9,18.2,33.7,71.3,35.3,2.0,0,1,0,0
13151,Henry County,GA,0.4018,0.4817,0.5536,0.9348,0.071,2.1,47.9,10.3,1.4,15.4,5.3,7.5,7.6,7.8,26.0,10.0,62.9,79.3,17.7,12.4,18.4,32.9,78.1,44.7,2.0,0,1,0,0
13153,Houston County,GA,0.4887,0.4139,0.6277,0.8447,0.286,4.2,31.3,10.4,1.0,17.7,4.8,7.0,6.8,5.5,23.4,12.6,46.1,79.0,20.7,12.2,16.1,34.6,76.5,39.5,4.0,0,1,0,0
13155,Irwin County,GA,0.8282,0.9456,0.231,0.6949,0.8342,6.8,26.2,20.9,0.2,34.7,6.2,18.3,4.1,0.5,22.4,9.1,32.2,76.5,22.5,13.5,22.5,34.5,70.7,40.4,6.0,0,1,0,1
13157,Jackson County,GA,0.3264,0.3996,0.5017,0.5476,0.1438,2.9,7.1,11.7,1.5,17.3,3.6,12.2,9.2,2.0,20.1,14.0,21.4,75.9,20.9,10.4,14.6,33.1,73.2,32.5,5.0,0,1,0,0
13159,Jasper County,GA,0.5492,0.7432,0.6618,0.6115,0.1397,3.1,18.5,12.4,0.8,24.9,6.1,10.4,4.1,0.0,23.0,15.9,25.3,76.1,22.6,12.1,18.4,34.2,73.0,36.6,2.0,0,1,0,0
13161,Jeff Davis County,GA,0.8785,0.8603,0.9672,0.672,0.602,7.7,15.6,22.4,1.3,37.1,4.1,19.4,13.2,0.5,21.1,20.6,30.4,74.7,22.9,14.4,26.2,34.0,67.8,40.4,6.0,0,1,0,1
13163,Jefferson County,GA,0.9583,0.8985,0.93,0.9115,0.902,9.1,52.2,16.5,1.9,33.6,4.5,19.6,4.0,1.1,23.6,15.3,58.5,78.1,20.7,15.5,29.7,34.2,74.8,41.3,6.0,0,1,0,1
13165,Jenkins County,GA,0.8352,0.9109,0.5791,0.8151,0.6532,6.6,34.9,18.0,2.2,47.7,4.9,18.5,7.5,1.2,21.8,21.9,43.5,77.1,20.8,16.3,31.0,34.3,70.2,42.6,6.0,0,1,0,1
13167,Johnson County,GA,0.9322,0.9201,0.657,0.7693,0.9723,5.3,32.8,12.1,0.5,38.0,8.3,23.8,2.9,2.9,19.5,19.9,39.0,76.2,20.9,15.3,27.0,34.4,71.7,43.5,5.0,0,1,0,1
13169,Jones County,GA,0.3675,0.3802,0.2494,0.6624,0.3729,4.7,24.6,8.6,0.2,23.4,4.3,8.4,2.0,0.5,20.3,14.4,29.8,77.0,21.7,12.0,17.9,33.3,76.9,39.4,4.0,0,1,0,0
13171,Lamar County,GA,0.4092,0.5931,0.063,0.7146,0.3703,3.0,26.9,10.7,0.0,23.7,5.4,10.6,2.9,3.9,20.8,16.2,34.2,77.2,21.3,12.1,18.4,33.5,75.2,37.1,6.0,0,1,0,0
13173,Lanier County,GA,0.8011,0.8457,0.4623,0.7127,0.7805,5.5,23.1,16.7,1.8,44.8,2.3,13.2,7.3,0.0,30.3,14.3,33.9,76.3,22.3,14.6,24.9,34.8,70.2,40.9,4.0,0,1,0,1
13175,Laurens County,GA,0.9014,0.9284,0.9147,0.8066,0.6332,6.4,37.4,13.5,0.8,35.3,5.5,13.5,2.9,0.8,28.1,16.2,42.7,78.0,21.2,13.9,24.5,32.5,75.8,44.1,5.0,0,1,0,1
13177,Lee County,GA,0.2606,0.1575,0.5046,0.6847,0.2415,3.0,23.5,7.2,0.7,15.1,4.4,8.1,3.3,1.5,16.3,11.9,31.4,77.3,20.4,10.7,14.0,33.2,77.1,38.6,4.0,0,1,0,0
13179,Liberty County,GA,0.9007,0.8167,0.8431,0.9322,0.86,5.5,40.2,11.4,1.1,25.6,8.7,7.8,12.7,7.4,30.6,15.5,62.3,78.7,18.9,13.9,21.6,33.9,78.1,33.9,4.0,0,1,0,1
13181,Lincoln County,GA,0.5488,0.6227,0.6529,0.6993,0.2272,7.3,28.2,13.7,0.1,25.5,3.6,12.8,2.2,0.2,21.8,18.8,32.6,76.9,22.2,13.2,21.9,34.1,73.6,38.0,3.0,0,1,0,0
13183,Long County,GA,0.8851,0.8298,0.9233,0.8225,0.7267,7.9,23.0,13.0,0.8,24.4,4.5,16.2,11.7,0.6,29.5,21.7,44.3,76.9,20.8,13.0,21.1,33.3,72.7,37.9,4.0,0,1,0,1
13185,Lowndes County,GA,0.8702,0.8753,0.4655,0.8591,0.9192,7.5,36.8,15.2,0.8,31.0,5.1,10.4,6.2,6.8,30.0,11.5,47.9,78.1,20.3,13.4,22.0,32.8,69.7,40.2,4.0,0,1,0,1
13187,Lumpkin County,GA,0.3608,0.7728,0.0121,0.2914,0.4057,2.6,1.1,10.5,0.7,25.9,5.1,12.4,5.2,2.6,26.7,12.7,10.1,76.0,22.9,10.8,14.1,33.6,70.8,31.0,2.0,0,1,0,0
13189,McDuffie County,GA,0.6567,0.7353,0.5002,0.854,0.4076,4.8,41.2,11.1,0.1,28.8,3.8,14.5,3.5,5.1,24.2,12.3,47.1,77.6,21.4,13.8,24.0,32.9,73.2,39.1,3.0,0,1,0,0
13191,McIntosh County,GA,0.7098,0.9112,0.3287,0.756,0.3952,6.6,31.7,14.1,0.1,34.5,4.4,17.5,2.6,2.9,27.4,23.2,37.6,76.9,22.5,14.5,25.7,34.6,72.8,40.9,4.0,0,1,0,0
13193,Macon County,GA,0.9866,0.9994,0.7305,0.9494,0.9147,13.6,60.1,23.9,1.0,44.5,9.2,27.4,4.7,0.9,29.4,19.6,67.3,78.2,18.5,18.5,36.2,33.5,72.2,43.9,6.0,0,1,0,1
13195,Madison County,GA,0.7423,0.9338,0.7251,0.5383,0.2622,4.0,8.8,17.4,0.9,30.1,5.8,16.9,6.5,0.2,24.9,18.1,20.6,75.5,23.1,12.4,19.8,34.3,70.1,37.8,4.0,0,1,0,0
13197,Marion County,GA,0.8877,0.8072,0.9548,0.8008,0.7203,6.3,29.4,16.9,1.6,28.8,5.4,24.1,8.3,4.5,17.7,21.1,41.9,76.4,21.9,14.3,24.8,34.7,71.7,38.5,3.0,0,1,0,0
13199,Meriwether County,GA,0.9074,0.9434,0.706,0.8139,0.8002,7.3,38.2,15.0,0.0,30.3,7.1,17.1,2.7,4.0,24.3,20.9,43.4,76.8,21.6,14.0,24.3,33.0,75.8,41.3,2.0,0,1,0,0
13201,Miller County,GA,0.945,0.9462,0.8285,0.7105,0.9189,11.4,27.3,16.5,0.5,36.9,5.0,17.3,2.9,0.3,26.9,16.6,33.7,77.2,22.9,13.9,23.5,34.4,72.0,42.4,6.0,0,1,0,1
13205,Mitchell County,GA,0.9914,0.9914,0.9316,0.8883,0.924,13.3,44.7,19.4,0.7,40.7,9.5,16.5,5.0,0.6,27.1,21.1,54.2,77.9,20.8,15.6,28.0,33.6,69.1,45.1,6.0,0,1,0,1
13207,Monroe County,GA,0.329,0.3964,0.1031,0.6389,0.4168,2.0,21.6,12.4,0.4,20.6,3.8,11.6,2.5,2.0,17.4,15.4,27.7,76.8,20.8,10.9,15.4,33.4,76.5,34.7,4.0,0,1,0,0
13209,Montgomery County,GA,0.7547,0.8858,0.5756,0.7191,0.4518,4.3,23.5,14.6,2.3,33.3,6.5,16.1,7.4,0.1,20.5,13.8,34.6,77.0,21.7,13.5,21.8,34.3,71.6,40.0,5.0,0,1,0,1
13211,Morgan County,GA,0.266,0.231,0.3131,0.6332,0.2813,4.0,21.4,8.6,0.3,13.3,2.9,10.6,3.2,1.4,20.4,13.3,27.2,76.2,20.8,10.1,13.3,33.3,78.8,31.6,2.0,0,1,0,0
13213,Murray County,GA,0.6847,0.7852,0.6061,0.525,0.4909,4.6,0.4,14.2,2.2,23.6,6.7,23.8,15.9,2.5,18.1,13.7,19.8,74.3,22.9,11.6,17.6,34.2,72.2,41.2,4.0,0,1,0,0
13215,Muscogee County,GA,0.9446,0.9227,0.8705,0.9259,0.8581,10.3,45.8,12.0,0.9,29.0,7.3,11.5,8.0,12.8,32.7,17.2,61.6,78.6,19.8,14.1,22.4,32.9,75.7,40.4,3.0,0,1,0,0
13217,Newton County,GA,0.6577,0.8059,0.7483,0.9084,0.1311,4.2,46.4,13.6,1.1,22.4,6.6,10.3,6.3,3.4,27.4,14.3,57.8,79.1,18.9,13.3,21.4,33.2,75.2,42.3,2.0,0,1,0,0
13219,Oconee County,GA,0.0137,0.0299,0.2475,0.4741,0.0035,1.1,3.4,7.2,0.8,6.0,2.9,4.5,5.7,0.6,12.9,9.4,17.1,77.2,20.6,8.3,7.9,32.3,79.1,28.5,4.0,0,1,0,0
13221,Oglethorpe County,GA,0.4645,0.4846,0.3936,0.615,0.3993,3.2,16.7,12.4,0.3,21.0,4.5,12.6,5.9,2.3,18.0,13.6,25.5,76.2,21.8,11.4,16.5,34.1,69.9,36.0,4.0,0,1,0,0
13223,Paulding County,GA,0.1429,0.2603,0.3385,0.7165,0.0118,2.2,20.6,10.9,0.8,12.5,4.1,9.0,7.6,1.9,19.0,11.3,34.4,77.2,20.5,10.9,14.4,33.7,73.3,37.7,2.0,0,1,0,0
13225,Peach County,GA,0.8772,0.8584,0.7171,0.8925,0.8202,6.2,43.6,11.1,1.2,25.7,6.6,14.0,8.2,4.6,25.7,17.0,55.0,78.6,20.0,13.4,21.4,34.3,75.9,40.4,4.0,0,1,0,1
13227,Pickens County,GA,0.3392,0.489,0.4505,0.1753,0.2256,3.1,0.5,12.4,0.5,21.9,4.5,9.9,3.3,1.4,19.9,18.7,7.4,75.4,23.3,10.3,13.8,33.9,72.8,34.7,2.0,0,1,0,0
13229,Pierce County,GA,0.3051,0.5062,0.2374,0.4588,0.1651,3.3,9.7,14.0,0.4,30.1,2.3,13.3,5.1,0.8,16.8,13.2,16.3,75.2,23.3,12.1,18.6,34.3,70.9,36.1,5.0,0,1,0,0
13231,Pike County,GA,0.0665,0.3484,0.0204,0.3847,0.0293,2.5,8.6,13.6,0.1,14.3,4.5,11.9,1.9,0.3,15.6,11.6,13.3,75.8,22.4,10.2,13.5,33.5,76.6,35.5,2.0,0,1,0,0
13233,Polk County,GA,0.8285,0.9023,0.931,0.6567,0.3688,5.8,12.1,14.2,2.8,28.4,4.8,17.1,13.8,2.1,28.2,16.9,29.4,74.9,22.9,12.5,20.5,34.0,75.2,40.3,5.0,0,1,0,1
13235,Pulaski County,GA,0.9376,0.8126,0.7127,0.8164,0.9971,6.7,36.2,9.8,0.1,30.7,3.9,19.2,4.2,3.2,26.4,19.5,43.7,77.9,23.1,13.8,25.8,33.9,73.4,41.1,6.0,0,1,0,1
13237,Putnam County,GA,0.5679,0.538,0.6211,0.7191,0.4248,3.2,25.5,12.3,0.8,25.2,3.2,12.4,6.4,2.7,20.8,20.5,34.6,77.4,21.3,12.7,20.0,33.2,72.9,39.6,6.0,0,1,0,0
13239,Quitman County,GA,0.8202,0.9125,0.5466,0.9084,0.5625,14.3,52.6,23.3,0.8,30.4,23.5,20.9,3.8,0.0,17.2,26.7,57.8,78.3,21.0,16.0,30.4,33.8,76.8,43.3,5.0,0,1,0,1
13241,Rabun County,GA,0.441,0.5784,0.3735,0.3503,0.328,4.3,1.1,13.6,0.1,25.7,2.6,10.8,8.0,1.8,23.4,20.4,11.9,75.4,22.6,10.9,14.8,34.5,71.8,34.3,6.0,0,1,0,0
13243,Randolph County,GA,0.9882,0.9863,0.853,0.9577,0.9532,18.7,64.7,11.0,0.0,54.1,7.5,18.9,3.3,6.6,34.1,17.1,69.3,79.6,21.5,18.9,37.3,34.1,71.4,46.5,6.0,0,1,0,1
13245,Richmond County,GA,0.9513,0.9513,0.7324,0.9494,0.9061,10.0,55.2,12.0,0.5,32.0,8.3,12.4,5.3,11.3,34.8,18.3,67.3,79.4,20.5,15.9,26.2,35.0,76.5,37.2,3.0,0,1,0,0
13247,Rockdale County,GA,0.777,0.8536,0.7751,0.9695,0.3,3.6,56.6,14.8,2.7,24.6,6.0,10.5,10.5,6.5,30.8,12.4,72.9,79.3,18.1,14.7,23.5,32.8,80.7,38.9,2.0,0,1,0,0
13249,Schley County,GA,0.4973,0.8081,0.2459,0.6013,0.1626,5.3,17.8,14.5,0.0,26.5,3.5,14.9,5.7,1.0,29.8,16.0,24.6,76.1,22.2,12.1,18.0,33.7,76.3,37.2,5.0,0,1,0,0
13251,Screven County,GA,0.699,0.7471,0.4321,0.8279,0.5781,5.4,40.1,11.3,0.3,28.6,7.2,15.1,2.6,0.6,17.0,15.4,44.7,77.8,21.0,14.1,24.3,33.8,73.8,39.7,6.0,0,1,0,0
13253,Seminole County,GA,0.8813,0.903,0.8552,0.7626,0.693,10.7,33.0,18.4,0.5,31.2,5.8,12.1,3.6,0.2,25.0,20.7,38.3,77.4,21.2,13.4,23.1,33.8,74.7,40.0,6.0,0,1,0,1
13255,Spalding County,GA,0.8206,0.9278,0.7553,0.818,0.4085,7.3,34.5,13.0,0.7,28.3,5.6,16.4,5.1,3.0,29.6,14.2,43.9,77.0,20.7,13.6,23.4,33.5,74.2,39.9,2.0,0,1,0,0
13257,Stephens County,GA,0.7836,0.8708,0.826,0.5094,0.4855,4.8,10.7,15.4,1.0,26.2,5.8,16.3,4.2,1.7,23.3,17.9,18.9,75.3,23.4,12.1,18.7,33.9,70.7,38.8,5.0,0,1,0,1
13259,Stewart County,GA,0.9736,0.9395,0.8126,0.9803,0.9717,12.4,61.0,16.5,11.1,33.0,5.1,27.4,12.8,5.1,24.2,24.1,78.7,75.6,17.2,18.4,34.5,34.9,74.1,42.0,3.0,0,1,0,0
13261,Sumter County,GA,0.9631,0.9647,0.6713,0.923,0.9596,10.6,51.0,11.8,1.1,34.5,6.5,16.3,6.1,1.7,31.5,13.4,61.0,78.7,19.6,15.1,26.9,34.3,75.0,40.9,5.0,0,1,0,1
13263,Talbot County,GA,0.6923,0.8731,0.2463,0.9176,0.4324,11.6,56.5,13.4,0.0,33.2,4.3,16.6,0.9,1.1,25.7,23.3,59.5,78.4,20.4,16.0,29.4,33.5,73.6,43.3,3.0,0,1,0,0
13265,Taliaferro County,GA,0.692,0.7098,0.6892,0.9418,0.3732,8.6,50.3,12.5,0.0,27.3,4.0,15.7,6.0,0.8,21.6,22.6,64.6,78.0,19.4,15.7,28.2,33.4,74.5,41.8,6.0,0,1,0,0
13267,Tattnall County,GA,0.9287,0.9313,0.7219,0.819,0.9217,6.2,28.0,15.2,2.6,34.0,8.0,21.7,12.5,0.2,20.0,18.0,44.0,76.1,20.3,15.0,26.4,35.5,73.3,40.8,6.0,0,1,0,1
13269,Taylor County,GA,0.9555,0.9873,0.7381,0.8021,0.8339,10.1,38.5,11.6,0.3,44.5,6.6,26.0,0.7,0.9,38.0,19.6,42.0,76.9,22.4,16.0,30.3,34.2,66.8,42.5,6.0,0,1,0,1
13271,Telfair County,GA,0.9765,0.7273,0.9978,0.8867,0.9841,11.1,35.1,12.0,5.4,45.2,2.1,24.5,17.4,0.5,20.3,23.4,53.4,75.5,20.4,17.6,33.6,35.3,68.7,42.9,6.0,0,1,0,1
13273,Terrell County,GA,0.9809,0.9885,0.6853,0.9399,0.9704,11.8,58.4,18.2,0.2,39.7,8.7,18.1,3.0,2.9,26.2,15.1,64.0,78.6,20.4,17.3,33.7,34.2,73.4,44.1,4.0,0,1,0,1
13275,Thomas County,GA,0.8158,0.8966,0.9408,0.805,0.2243,4.4,35.9,12.6,0.9,28.0,6.2,13.7,3.9,1.5,26.4,18.3,42.5,78.3,20.7,13.1,20.8,34.0,75.6,39.3,5.0,0,1,0,1
13277,Tift County,GA,0.8759,0.8193,0.7388,0.8428,0.8727,8.2,28.9,16.8,2.0,32.0,2.9,16.1,12.6,3.2,25.7,10.8,45.9,77.3,21.4,14.3,24.1,34.3,74.8,39.7,5.0,0,1,0,1
13279,Toombs County,GA,0.9857,0.9752,0.9777,0.7989,0.8743,10.3,23.8,17.0,2.7,34.5,6.2,17.0,12.1,1.6,28.2,17.8,41.7,76.8,21.4,13.6,23.6,34.3,71.4,40.9,5.0,0,1,0,1
13281,Towns County,GA,0.5622,0.7607,0.2141,0.119,0.6911,3.4,1.3,14.5,0.2,26.8,5.5,7.8,2.9,3.6,26.5,18.6,6.4,75.8,23.4,10.3,12.9,33.5,71.1,33.0,6.0,0,1,0,0
13283,Treutlen County,GA,0.9389,0.9943,0.8161,0.714,0.685,9.9,28.5,14.5,0.0,43.8,10.9,26.4,0.9,0.2,25.6,22.2,34.1,76.2,22.5,16.1,30.3,35.5,68.0,41.6,6.0,0,1,0,1
13285,Troup County,GA,0.9023,0.8145,0.8613,0.8304,0.896,9.2,36.1,10.2,1.0,29.7,4.8,11.7,3.9,10.2,32.5,16.9,44.9,77.5,21.1,13.3,22.3,32.3,74.8,35.9,5.0,0,1,0,1
13287,Turner County,GA,0.9675,0.9911,0.9768,0.8428,0.5581,9.5,38.3,13.8,2.8,41.4,7.0,20.5,5.1,0.2,30.9,19.5,45.9,77.3,21.7,15.6,29.5,34.8,72.1,44.9,5.0,0,1,0,1
13289,Twiggs County,GA,0.6538,0.5625,0.6395,0.8304,0.566,7.8,41.5,10.4,0.9,23.6,3.4,20.7,1.0,0.5,19.8,21.2,44.9,77.0,20.8,13.7,24.0,34.0,72.3,39.5,4.0,0,1,0,0
13291,Union County,GA,0.4932,0.448,0.3506,0.1572,0.7986,5.0,0.6,11.4,0.6,21.9,2.7,11.8,3.8,3.1,21.0,19.2,7.1,75.2,23.4,10.2,13.5,33.3,72.6,34.8,6.0,0,1,0,0
13293,Upson County,GA,0.6468,0.7938,0.4642,0.7066,0.378,11.9,27.1,12.3,0.1,31.4,3.1,15.6,2.4,1.1,26.9,16.6,33.3,76.4,22.1,13.5,22.1,33.3,75.4,39.1,5.0,0,1,0,0
13295,Walker County,GA,0.6796,0.8215,0.6624,0.2914,0.4776,5.3,3.9,13.4,0.2,25.8,5.5,15.0,2.7,2.4,23.5,19.6,10.1,75.3,22.6,11.1,15.8,34.0,76.0,37.8,3.0,0,1,0,0
13297,Walton County,GA,0.4095,0.6656,0.4432,0.6503,0.0598,2.6,19.3,12.2,0.9,20.5,5.2,12.9,5.4,0.9,22.9,13.1,28.7,76.2,21.0,11.3,17.3,33.0,74.5,38.1,2.0,0,1,0,0
13299,Ware County,GA,0.9596,0.9198,0.804,0.756,0.9825,10.9,29.9,17.5,0.9,35.5,4.3,18.4,4.5,3.2,25.5,13.7,37.6,77.1,22.5,14.7,25.5,34.4,73.1,41.5,5.0,0,1,0,1
13301,Warren County,GA,0.8123,0.7836,0.8158,0.9259,0.5418,7.1,59.7,8.6,0.4,29.9,9.0,27.9,0.0,0.7,16.8,18.2,61.6,78.3,20.3,15.5,28.8,33.0,76.3,43.8,6.0,0,1,0,1
13303,Washington County,GA,0.9115,0.8734,0.6573,0.9103,0.9485,8.5,50.8,13.7,0.4,35.6,4.5,15.8,2.8,0.6,24.3,17.1,58.1,78.3,20.0,15.9,28.5,34.1,74.3,43.0,6.0,0,1,0,1
13305,Wayne County,GA,0.9434,0.9558,0.8473,0.658,0.8896,6.8,19.9,19.2,0.7,35.7,6.2,14.5,6.5,0.8,25.4,17.3,29.5,76.5,22.0,14.1,24.1,34.7,69.9,43.0,5.0,0,1,0,1
13307,Webster County,GA,0.8447,0.9984,0.4305,0.9259,0.3035,4.9,44.5,24.6,3.3,36.7,8.9,18.8,14.7,5.0,37.9,14.6,61.6,78.1,21.3,15.5,27.6,33.9,72.0,42.5,6.0,0,1,0,1
13309,Wheeler County,GA,0.7716,0.9653,0.0038,0.8263,0.9796,7.1,38.3,24.1,0.2,39.1,6.4,23.5,5.7,1.3,21.8,9.8,44.5,75.8,19.1,15.1,27.3,34.9,71.6,41.6,6.0,0,1,0,1
13311,White County,GA,0.3455,0.4009,0.2195,0.2692,0.5049,4.3,2.1,12.0,0.2,18.7,3.5,14.4,3.4,1.7,17.9,16.3,9.5,74.8,22.6,10.1,13.6,33.5,72.1,35.2,6.0,0,1,0,0
13313,Whitfield County,GA,0.8836,0.8766,0.8266,0.8139,0.7668,5.1,3.2,18.0,7.8,24.4,5.7,25.7,36.8,6.5,21.9,11.7,43.4,75.3,20.5,13.0,21.4,35.5,73.4,38.1,4.0,0,1,0,1
13315,Wilcox County,GA,0.8212,0.8501,0.6262,0.7894,0.7044,6.5,33.6,16.9,3.1,34.5,5.3,19.6,4.7,0.5,19.2,12.9,40.5,76.3,19.8,15.2,26.0,34.5,72.1,43.0,6.0,0,1,0,1
13317,Wilkes County,GA,0.6083,0.7954,0.5606,0.8632,0.1594,4.6,40.1,19.6,1.3,28.5,2.9,17.4,5.7,0.9,24.3,15.4,48.6,77.4,20.7,14.4,25.1,34.3,73.7,40.9,6.0,0,1,0,0
13319,Wilkinson County,GA,0.784,0.8228,0.8234,0.8279,0.412,5.0,38.3,12.8,0.7,33.7,5.8,10.6,3.1,0.1,23.3,15.4,44.7,77.4,21.4,14.1,23.9,33.9,74.5,41.1,6.0,0,1,0,1
13321,Worth County,GA,0.8571,0.938,0.8816,0.7019,0.4585,7.8,25.6,16.8,0.8,28.7,7.0,14.5,2.5,0.9,25.4,17.1,32.9,76.7,22.9,13.6,23.2,33.7,72.1,38.8,4.0,0,1,0,1
15001,Hawaii County,HI,0.636,0.4502,0.7894,0.9602,0.4881,5.0,0.7,4.8,2.8,21.6,6.5,7.1,13.6,9.3,25.2,15.3,70.4,71.2,21.7,9.6,21.7,27.4,69.8,27.5,5.0,0,0,1,0
15003,Honolulu County,HI,0.5708,0.2307,0.2638,0.9854,0.957,9.6,2.3,3.5,4.7,14.2,4.8,7.3,10.2,30.0,25.4,11.7,82.6,76.2,15.9,10.5,17.7,31.0,79.5,26.0,3.0,0,0,1,0
15005,Kalawao County,HI,0.1871,0.0983,0.0614,0.9723,0.4044,9.4,2.0,6.4,0.0,21.3,0.0,8.0,12.0,2.1,15.6,21.3,74.0,60.2,14.2,12.9,22.6,26.8,78.7,33.0,4.0,0,0,1,0
15007,Kauai County,HI,0.3964,0.2367,0.3446,0.9625,0.4566,4.3,0.5,5.0,3.0,15.4,4.1,7.5,11.6,14.2,25.4,11.1,71.1,71.2,17.9,9.3,17.9,29.4,73.4,24.1,5.0,0,0,1,0
15009,Maui County,HI,0.4938,0.2918,0.4003,0.9605,0.6032,4.4,0.7,4.7,2.6,15.0,5.4,7.5,11.9,19.8,24.7,10.4,70.7,70.4,16.9,9.6,18.3,28.5,76.6,26.2,4.0,0,0,1,0
16001,Ada County,ID,0.1931,0.1559,0.161,0.4779,0.3767,3.5,1.2,7.0,1.1,14.7,3.2,4.7,8.9,8.3,23.1,11.1,17.3,75.1,25.5,8.0,10.2,29.1,74.4,28.9,3.0,0,0,1,0
16003,Adams County,ID,0.2017,0.6268,0.1549,0.2959,0.0175,1.1,0.3,12.5,0.2,23.9,8.7,6.0,4.3,0.4,21.7,18.4,10.2,70.8,24.0,9.3,14.7,27.8,64.6,33.9,6.0,0,0,1,0
16005,Bannock County,ID,0.4995,0.4403,0.4337,0.489,0.6125,5.0,0.9,7.9,0.5,23.8,5.1,6.6,9.4,5.8,22.5,15.1,17.7,73.6,25.2,9.1,14.7,28.7,69.9,33.4,4.0,0,0,1,0
16007,Bear Lake County,ID,0.2024,0.2361,0.7105,0.182,0.0821,3.7,0.1,5.9,0.5,21.8,4.3,6.9,4.3,1.8,20.3,15.6,7.5,71.1,23.7,9.0,13.3,28.7,72.4,31.2,6.0,0,0,1,0
16009,Benewah County,ID,0.6717,0.8123,0.6955,0.4588,0.3618,2.1,0.8,13.9,0.3,27.9,3.8,14.9,4.4,1.7,27.2,22.0,16.3,70.4,24.2,10.0,18.2,28.5,65.8,36.0,6.0,0,0,1,0
16011,Bingham County,ID,0.5469,0.5517,0.7423,0.6249,0.2841,4.1,0.2,9.8,2.2,22.1,6.1,11.6,18.2,1.1,18.8,16.6,26.5,72.2,23.5,10.1,16.0,28.1,65.5,39.2,5.0,0,0,1,0
16013,Blaine County,ID,0.4025,0.2523,0.6462,0.6516,0.385,1.9,0.4,12.3,7.7,12.7,2.3,8.2,23.5,8.9,21.6,10.1,28.9,72.0,20.1,7.7,11.2,28.0,72.1,23.1,5.0,0,0,1,0
16015,Boise County,ID,0.1075,0.1578,0.1292,0.3961,0.1346,2.9,0.4,13.4,0.8,17.1,3.4,4.6,5.8,0.2,15.0,13.8,13.7,71.9,23.7,8.2,11.2,29.0,64.8,31.3,3.0,0,0,1,0
16017,Bonner County,ID,0.412,0.4655,0.3318,0.2692,0.4954,4.3,0.3,9.8,0.3,21.1,3.5,8.7,3.7,4.1,25.5,17.3,9.5,70.1,23.3,8.4,12.2,28.4,67.6,31.8,5.0,0,0,1,0
16019,Bonneville County,ID,0.4473,0.4101,0.5915,0.504,0.3703,4.1,0.3,8.9,1.1,19.3,4.6,8.0,13.8,6.2,23.1,14.2,18.6,74.0,25.5,8.9,12.8,29.8,67.5,33.5,4.0,0,0,1,0
16021,Boundary County,ID,0.5037,0.657,0.5199,0.3388,0.3067,1.7,0.4,12.0,0.4,25.7,3.8,13.1,5.4,2.7,23.0,16.9,11.5,70.7,23.6,9.4,16.0,28.5,63.5,33.2,6.0,0,0,1,0
16023,Butte County,ID,0.7009,0.5186,0.9959,0.328,0.4267,6.0,0.0,7.5,1.6,35.0,2.0,9.6,5.5,3.3,25.1,19.1,11.2,70.3,26.1,11.1,20.4,29.8,63.2,35.7,4.0,0,0,1,0
16025,Camas County,ID,0.3271,0.5348,0.3824,0.5406,0.0907,1.5,0.0,10.6,1.6,13.4,5.0,12.8,14.8,0.0,23.5,15.5,20.7,71.0,23.0,8.4,12.5,28.2,70.5,29.3,5.0,0,0,1,0
16027,Canyon County,ID,0.6217,0.5647,0.7311,0.6885,0.4623,3.3,0.6,12.0,2.9,19.9,3.5,13.0,25.7,3.1,24.0,14.9,31.7,71.6,23.3,10.5,15.0,30.8,60.7,35.5,3.0,0,0,1,0
16029,Caribou County,ID,0.1231,0.2332,0.0512,0.3118,0.2039,3.0,0.0,9.6,0.1,14.3,2.8,9.6,7.2,3.5,20.4,12.2,10.7,70.9,23.0,8.7,12.7,28.4,66.1,34.8,6.0,0,0,1,0
16031,Cassia County,ID,0.56,0.5103,0.5367,0.6971,0.5208,4.0,0.1,11.2,3.9,23.9,3.0,14.3,28.0,2.9,20.3,13.2,32.4,70.4,22.4,10.2,17.6,29.4,66.0,37.9,5.0,0,0,1,0
16033,Clark County,ID,0.5412,0.8206,0.2068,0.8829,0.1607,0.0,0.5,23.6,21.7,23.8,1.9,38.4,42.3,0.0,29.8,14.9,52.4,71.1,21.7,11.5,21.9,29.4,67.4,36.7,6.0,0,0,1,0
16035,Clearwater County,ID,0.5912,0.4709,0.5272,0.3388,0.8349,5.4,0.2,13.3,0.8,21.7,4.4,8.2,4.2,2.3,20.9,22.6,11.5,71.1,22.9,9.2,14.5,28.4,66.0,31.8,6.0,0,0,1,0
16037,Custer County,ID,0.3713,0.4556,0.434,0.3166,0.3016,3.7,0.1,13.9,0.5,20.8,1.7,8.7,3.9,0.9,24.9,26.9,10.9,71.7,23.3,9.0,13.0,30.1,70.1,31.4,6.0,0,0,1,0
16039,Elmore County,ID,0.8155,0.8804,0.6745,0.6538,0.6503,4.8,2.2,12.4,3.1,27.1,6.4,12.0,17.9,1.2,27.5,16.5,29.1,70.1,22.8,10.2,16.8,29.3,67.8,35.1,5.0,0,0,1,1
16041,Franklin County,ID,0.1101,0.3035,0.1002,0.2879,0.0627,1.8,0.0,11.0,0.4,18.7,1.1,7.9,6.9,0.5,23.1,13.6,10.0,70.6,23.3,8.5,12.7,27.3,65.0,35.9,4.0,0,0,1,0
16043,Fremont County,ID,0.5504,0.475,0.8002,0.4658,0.4333,2.1,0.3,13.4,3.1,19.5,4.5,10.2,12.3,0.2,20.1,18.0,16.7,71.2,22.8,9.0,13.7,27.9,62.2,32.7,5.0,0,0,1,0
16045,Gem County,ID,0.6153,0.3054,0.9815,0.4356,0.5657,4.8,0.1,12.1,2.2,16.7,2.8,9.8,9.0,2.9,20.1,18.6,15.3,71.9,23.4,8.7,13.2,27.7,68.3,33.0,3.0,0,0,1,0
16047,Gooding County,ID,0.8059,0.7477,0.8686,0.7165,0.6408,5.6,0.1,19.1,5.5,24.4,3.5,21.0,29.8,3.5,21.8,16.4,34.4,71.0,21.7,11.0,20.0,28.6,66.1,34.5,6.0,0,0,1,1
16049,Idaho County,ID,0.5199,0.5915,0.5593,0.2816,0.4489,1.4,0.1,16.3,1.0,25.1,4.3,7.8,3.7,1.0,22.9,18.0,9.8,69.9,23.2,8.8,13.6,26.8,63.6,32.1,6.0,0,0,1,0
16051,Jefferson County,ID,0.1212,0.1699,0.2313,0.4085,0.098,1.2,0.1,9.6,1.8,19.5,2.4,7.4,10.8,0.9,17.3,10.7,14.1,71.5,22.6,8.7,12.0,29.6,71.1,33.0,4.0,0,0,1,0
16053,Jerome County,ID,0.5826,0.7057,0.6666,0.8005,0.1801,3.4,0.0,14.4,11.3,26.9,3.5,24.7,37.9,0.5,19.8,11.9,41.8,70.8,21.8,11.7,22.4,30.2,67.4,35.8,4.0,0,0,1,0
16055,Kootenai County,ID,0.2746,0.3544,0.2071,0.3675,0.322,4.3,0.3,10.0,0.3,18.3,3.1,6.4,5.2,6.8,27.2,14.8,12.5,70.7,24.9,8.0,11.7,28.1,62.7,31.5,4.0,0,0,1,0
16057,Latah County,ID,0.2825,0.4518,0.0035,0.3847,0.8097,4.1,1.2,7.0,0.2,22.7,5.3,3.1,4.6,14.2,27.6,12.3,13.3,72.8,23.1,8.4,11.8,28.2,75.4,31.6,5.0,0,0,1,0
16059,Lemhi County,ID,0.4073,0.3579,0.5555,0.1985,0.5212,5.0,0.0,6.9,0.6,19.1,3.1,8.3,3.6,0.5,28.9,20.7,7.8,70.5,24.6,8.6,13.3,29.2,67.8,30.6,6.0,0,0,1,0
16061,Lewis County,ID,0.7146,0.7261,0.9217,0.5183,0.3557,4.6,1.8,10.5,1.7,30.8,4.2,10.1,5.3,0.9,27.2,24.5,19.3,71.3,24.5,10.5,17.9,30.0,67.8,35.5,6.0,0,0,1,0
16063,Lincoln County,ID,0.6742,0.7738,0.7146,0.7359,0.2784,0.7,0.5,17.1,5.6,24.5,5.6,18.4,31.8,0.2,19.1,13.3,36.0,70.8,22.0,10.4,18.4,28.9,60.5,34.2,5.0,0,0,1,0
16065,Madison County,ID,0.4318,0.7264,0.0016,0.4057,0.8657,2.8,0.9,6.1,0.4,42.0,8.1,2.6,8.3,35.0,38.0,6.6,14.0,73.2,24.2,10.7,17.5,30.2,64.9,34.0,5.0,0,0,1,0
16067,Minidoka County,ID,0.5978,0.6118,0.5931,0.7725,0.3913,4.4,0.1,14.9,5.9,22.9,3.3,18.7,35.8,3.2,20.1,12.3,39.2,69.8,21.3,11.0,19.5,29.6,66.4,36.7,5.0,0,0,1,0
16069,Nez Perce County,ID,0.5892,0.4378,0.5565,0.4018,0.8333,6.9,0.1,10.1,0.6,22.8,3.2,7.0,4.5,6.2,25.7,17.7,13.9,73.1,25.2,8.8,14.0,27.8,71.3,38.1,4.0,0,0,1,0
16071,Oneida County,ID,0.0792,0.1149,0.4814,0.182,0.0395,1.6,0.0,7.1,0.6,19.3,0.7,6.6,4.5,0.1,19.1,15.2,7.5,71.1,23.4,8.4,11.9,29.5,64.7,32.2,5.0,0,0,1,0
16073,Owyhee County,ID,0.7432,0.5892,0.9828,0.6872,0.3968,2.7,0.4,20.5,7.0,25.1,2.2,23.9,25.8,1.2,17.2,17.4,31.6,70.2,23.1,11.1,21.5,29.4,61.1,33.5,3.0,0,0,1,0
16075,Payette County,ID,0.6713,0.5689,0.9271,0.5927,0.4197,3.3,0.1,9.4,2.8,25.6,4.4,14.1,18.0,3.3,20.1,16.9,24.1,70.5,23.5,9.6,16.7,28.8,65.1,31.5,5.0,0,0,1,0
16077,Power County,ID,0.762,0.7747,0.8616,0.776,0.3926,3.9,0.0,14.5,8.0,27.7,7.5,15.7,34.4,0.3,16.0,12.0,39.5,71.1,21.8,10.6,19.2,29.6,64.3,38.0,6.0,0,0,1,1
16079,Shoshone County,ID,0.7493,0.8416,0.7359,0.3166,0.5877,4.7,0.9,13.7,0.4,32.0,5.0,11.9,4.1,3.5,25.4,25.4,10.9,71.3,24.5,10.2,17.1,30.6,64.4,35.9,6.0,0,0,1,0
16081,Teton County,ID,0.2052,0.4041,0.0932,0.5294,0.1266,1.3,0.0,15.2,1.8,17.9,1.6,6.6,16.4,1.8,28.7,5.6,20.0,72.8,21.0,8.0,10.5,28.3,73.0,30.8,5.0,0,0,1,0
16083,Twin Falls County,ID,0.5756,0.6185,0.6405,0.5854,0.3837,3.5,0.5,10.6,2.6,23.3,3.1,12.6,17.4,3.5,27.3,13.4,23.6,71.0,24.2,9.9,15.3,25.9,67.4,33.5,4.0,0,0,1,0
16085,Valley County,ID,0.1365,0.482,0.043,0.0025,0.1196,3.9,0.1,12.3,0.2,26.6,1.5,7.2,1.4,2.0,25.3,13.6,2.5,71.6,23.3,9.2,13.0,28.3,69.1,33.3,6.0,0,0,1,0
16087,Washington County,ID,0.9093,0.8186,0.9987,0.5501,0.6577,5.9,0.2,12.4,3.2,34.7,4.5,9.8,16.4,4.6,30.1,18.5,21.6,71.1,23.7,10.7,18.5,28.8,64.6,33.8,6.0,0,0,1,1
17001,Adams County,IL,0.2965,0.1343,0.4849,0.2628,0.6481,7.2,3.9,4.8,0.1,21.1,3.9,6.7,1.8,5.4,18.3,17.0,9.3,75.7,23.8,9.6,13.8,31.7,73.0,38.2,5.0,0,0,0,0
17003,Alexander County,IL,0.8941,0.9052,0.8521,0.7423,0.7509,10.6,33.2,11.0,0.0,34.2,9.3,13.6,1.0,8.6,23.0,23.9,36.5,77.2,23.2,13.8,26.6,32.0,69.9,45.3,4.0,0,0,0,1
17005,Bond County,IL,0.5253,0.3159,0.2167,0.3888,0.9736,8.4,6.9,4.4,0.1,24.3,4.3,11.1,3.8,4.1,19.8,17.9,13.4,75.6,23.4,10.3,16.0,31.8,74.0,39.8,2.0,0,0,0,0
17007,Boone County,IL,0.4655,0.5189,0.6465,0.658,0.174,4.4,2.1,5.7,3.6,16.4,7.7,13.4,23.5,2.6,22.5,13.2,29.5,75.1,22.2,10.4,16.8,31.6,74.3,36.9,3.0,0,0,0,0
17009,Brown County,IL,0.4753,0.2469,0.2199,0.6013,0.9144,6.3,16.4,5.0,1.1,23.2,2.1,19.7,6.9,6.9,14.8,19.9,24.6,75.0,20.5,11.4,19.9,32.0,65.4,41.6,6.0,0,0,0,0
17011,Bureau County,IL,0.3544,0.4069,0.5644,0.4057,0.1973,5.8,0.6,6.5,1.0,21.4,5.7,9.7,9.9,3.9,20.1,14.2,14.0,75.5,24.1,10.1,15.6,31.7,72.1,38.4,5.0,0,0,0,0
17013,Calhoun County,IL,0.0541,0.043,0.2297,0.0474,0.188,3.1,0.7,1.2,0.0,12.1,4.1,8.0,0.8,0.3,13.6,21.3,4.9,75.3,23.4,8.5,10.9,31.3,70.2,35.1,2.0,0,0,0,0
17015,Carroll County,IL,0.2304,0.3271,0.1133,0.3118,0.3519,4.2,3.3,6.6,0.1,18.8,4.9,11.6,4.6,4.0,18.6,15.8,10.7,74.8,22.6,10.3,15.6,31.6,70.9,39.3,6.0,0,0,0,0
17017,Cass County,IL,0.4998,0.3519,0.8148,0.6277,0.356,5.6,3.4,4.5,5.8,23.0,5.4,13.8,20.3,2.2,16.5,15.8,26.7,75.1,22.4,11.2,19.2,32.1,67.4,40.7,6.0,0,0,0,0
17019,Champaign County,IL,0.4658,0.4388,0.0395,0.7226,0.8269,11.8,13.0,4.9,1.6,26.6,4.8,5.3,6.5,25.4,28.9,9.8,34.9,75.9,22.3,10.6,15.2,32.5,74.3,34.0,4.0,0,0,0,0
17021,Christian County,IL,0.1966,0.2329,0.2173,0.1508,0.3509,5.0,2.6,4.4,0.3,20.8,4.4,9.6,2.0,4.4,19.6,15.0,7.0,74.7,23.4,10.1,15.1,31.8,72.3,38.1,5.0,0,0,0,0
17023,Clark County,IL,0.0745,0.1553,0.1642,0.015,0.1238,5.1,0.8,4.8,0.1,17.5,4.0,7.8,1.7,1.6,20.1,13.4,3.8,75.4,23.8,9.4,13.3,31.4,71.3,37.1,6.0,0,0,0,0
17025,Clay County,IL,0.5813,0.5196,0.8673,0.0407,0.5956,5.3,0.5,6.4,0.8,26.4,6.0,11.9,0.2,1.8,19.0,18.5,4.7,74.9,25.1,10.9,17.7,32.4,70.3,41.5,6.0,0,0,0,0
17027,Clinton County,IL,0.1168,0.0754,0.0951,0.2444,0.4664,3.2,2.9,5.4,0.5,14.9,3.0,8.0,3.3,2.0,17.3,14.5,8.9,75.8,22.6,9.3,12.8,31.3,76.3,40.0,2.0,0,0,0,0
17029,Coles County,IL,0.5574,0.6892,0.0566,0.2984,0.8941,7.5,3.5,6.9,0.2,28.3,6.9,8.1,2.9,11.0,26.3,17.2,10.3,75.8,24.6,10.4,16.1,31.3,68.3,39.4,5.0,0,0,0,0
17031,Cook County,IL,0.7964,0.7754,0.3926,0.9138,0.8298,17.7,22.4,9.0,6.4,21.1,7.1,11.8,25.9,24.1,30.1,10.8,58.9,76.5,19.0,10.7,19.6,31.0,73.8,31.0,1.0,0,0,0,0
17033,Crawford County,IL,0.1919,0.1709,0.1635,0.2587,0.4467,5.4,4.5,6.2,0.4,17.9,3.3,11.4,2.5,2.0,16.3,16.0,9.2,75.5,23.3,9.9,14.8,32.2,70.2,40.0,6.0,0,0,0,0
17035,Cumberland County,IL,0.015,0.0347,0.1511,0.0191,0.0318,3.0,0.1,5.9,0.4,16.0,1.9,6.6,1.7,0.1,13.1,14.5,4.0,75.4,24.5,9.2,12.7,31.8,70.6,38.5,5.0,0,0,0,0
17037,DeKalb County,IL,0.5523,0.5087,0.2329,0.6166,0.7604,6.6,7.5,4.4,1.8,21.9,7.0,7.0,12.3,12.6,30.2,11.0,25.6,75.9,22.9,10.6,15.9,32.0,74.7,37.1,2.0,0,0,0,0
17039,De Witt County,IL,0.0493,0.1941,0.0751,0.0881,0.0538,3.4,0.8,4.0,0.0,20.2,5.4,5.8,3.0,2.5,19.9,13.1,5.8,75.3,23.9,9.6,13.9,31.2,70.9,37.9,6.0,0,0,0,0
17041,Douglas County,IL,0.4578,0.447,0.4454,0.3322,0.5492,12.1,1.1,17.1,0.9,18.1,3.0,15.2,7.6,2.2,18.3,13.3,11.3,74.9,23.6,9.8,14.9,32.0,73.1,38.8,6.0,0,0,0,0
17043,DuPage County,IL,0.2284,0.1632,0.1667,0.7296,0.3579,4.2,4.7,5.2,3.6,10.7,4.7,6.5,14.8,18.0,21.9,8.2,35.5,76.5,17.9,8.5,11.2,31.3,75.4,29.1,2.0,0,0,0,0
17045,Edgar County,IL,0.343,0.3067,0.3875,0.0099,0.6402,7.4,0.5,5.1,0.2,23.6,4.6,12.1,1.3,4.1,16.9,17.8,3.5,75.1,24.8,10.2,15.7,31.8,69.8,37.5,6.0,0,0,0,0
17047,Edwards County,IL,0.3058,0.3789,0.8632,0.0299,0.1037,4.6,0.1,7.0,0.9,22.8,6.7,8.9,1.4,0.2,15.8,18.4,4.4,75.0,25.5,10.7,16.8,32.1,68.8,40.3,6.0,0,0,0,0
17049,Effingham County,IL,0.2081,0.0452,0.6032,0.0455,0.6169,6.2,0.5,5.3,1.1,17.4,2.5,6.5,2.2,4.2,15.5,14.3,4.8,75.3,23.5,9.2,12.7,30.7,71.9,34.2,5.0,0,0,0,0
17051,Fayette County,IL,0.5644,0.4391,0.6207,0.3118,0.7789,5.6,3.5,7.9,1.0,24.0,3.8,13.4,2.3,2.0,19.5,18.2,10.7,74.9,23.0,11.0,17.9,32.3,69.2,40.1,6.0,0,0,0,0
17053,Ford County,IL,0.3824,0.3449,0.5667,0.2536,0.4263,7.5,0.5,6.6,0.5,20.8,4.7,8.3,4.1,5.1,21.7,15.4,9.1,75.3,24.1,10.0,15.4,31.7,67.6,37.8,4.0,0,0,0,0
17055,Franklin County,IL,0.4871,0.6704,0.4948,0.0579,0.4025,7.0,0.4,6.9,0.1,30.3,6.7,10.1,1.9,2.0,22.3,20.0,5.2,75.6,25.1,10.9,17.4,31.7,63.3,41.4,6.0,0,0,0,0
17057,Fulton County,IL,0.2106,0.4343,0.0754,0.2109,0.2399,5.0,2.6,4.2,0.1,24.4,6.8,10.1,2.9,2.4,19.9,14.1,8.0,75.2,24.3,10.4,16.5,32.0,66.8,39.8,5.0,0,0,0,0
17059,Gallatin County,IL,0.4521,0.4572,0.8078,0.0932,0.3408,7.7,0.3,2.9,0.1,29.3,7.8,12.8,0.3,0.8,13.9,22.8,5.9,74.7,25.3,10.5,17.2,31.9,69.9,40.9,6.0,0,0,0,0
17061,Greene County,IL,0.1044,0.2043,0.3996,0.0099,0.0592,3.5,0.9,5.5,0.0,23.4,3.4,9.6,1.3,0.1,17.3,17.5,3.5,74.7,24.8,10.2,15.9,32.0,71.1,39.9,6.0,0,0,0,0
17063,Grundy County,IL,0.0773,0.0865,0.2043,0.4518,0.0891,4.3,1.8,3.4,0.5,12.2,4.2,6.0,10.9,4.9,20.8,8.8,15.9,75.8,22.5,9.1,12.8,31.3,74.7,36.1,2.0,0,0,0,0
17065,Hamilton County,IL,0.3029,0.4213,0.6507,0.0474,0.1794,4.5,0.1,7.0,0.1,25.2,4.4,13.7,2.0,1.4,17.5,22.0,4.9,75.2,25.1,10.7,16.6,32.3,71.2,40.1,6.0,0,0,0,0
17067,Hancock County,IL,0.0885,0.1285,0.5577,0.0474,0.0484,4.2,0.7,4.9,0.2,21.5,4.7,5.6,1.8,1.2,15.2,18.6,4.9,75.4,24.0,9.7,13.7,32.1,69.4,38.9,6.0,0,0,0,0
17069,Hardin County,IL,0.2383,0.1696,0.5301,0.0073,0.4588,8.3,1.1,5.2,0.3,22.3,2.6,12.7,1.0,0.0,11.1,29.5,3.2,74.9,24.7,10.5,16.5,32.2,68.3,39.6,6.0,0,0,0,0
17071,Henderson County,IL,0.0391,0.1543,0.1438,0.0821,0.0204,2.9,0.2,2.1,0.1,17.4,7.9,7.0,1.9,0.6,12.5,17.3,5.7,75.2,23.9,9.8,14.3,32.2,69.8,38.7,5.0,0,0,0,0
17073,Henry County,IL,0.126,0.0916,0.447,0.3388,0.1339,6.2,2.1,4.3,0.5,15.5,4.5,7.5,6.2,2.9,16.4,13.5,11.5,75.0,23.3,9.2,12.9,31.1,72.2,36.8,3.0,0,0,0,0
17075,Iroquois County,IL,0.2673,0.4092,0.6456,0.3388,0.0573,4.4,1.0,5.9,1.3,22.2,4.9,11.3,7.6,1.6,20.8,17.5,11.5,74.7,24.5,10.6,17.2,32.4,70.8,40.8,6.0,0,0,0,0
17077,Jackson County,IL,0.8479,0.8225,0.3452,0.6316,0.9863,11.4,14.4,7.1,0.9,36.4,8.1,8.2,4.7,15.2,33.4,16.4,27.0,77.6,23.1,11.8,18.9,31.9,69.6,42.8,5.0,0,0,0,1
17079,Jasper County,IL,0.0875,0.1352,0.3239,0.0115,0.1139,4.5,0.2,5.6,0.4,16.7,4.9,6.7,1.8,2.3,16.7,16.8,3.6,75.2,24.2,9.1,12.2,31.6,70.5,38.0,6.0,0,0,0,0
17081,Jefferson County,IL,0.7117,0.503,0.8164,0.4445,0.8406,6.2,6.5,7.1,0.4,22.8,6.5,9.4,2.9,5.6,20.8,18.9,15.7,75.4,23.7,10.6,16.4,31.9,70.5,39.8,5.0,0,0,0,0
17083,Jersey County,IL,0.0318,0.0541,0.1152,0.0407,0.0986,4.1,0.7,4.4,0.2,15.1,3.4,6.7,1.5,0.6,17.4,14.8,4.7,75.5,24.2,9.2,12.4,31.1,73.1,39.2,2.0,0,0,0,0
17085,Jo Daviess County,IL,0.076,0.092,0.272,0.1276,0.1295,7.2,0.8,4.7,0.2,15.2,2.7,6.5,3.3,3.3,21.7,15.2,6.6,75.3,23.2,9.0,12.1,31.1,70.2,36.4,6.0,0,0,0,0
17087,Johnson County,IL,0.3834,0.2969,0.3716,0.503,0.5259,4.1,8.8,7.0,0.4,22.7,2.9,15.4,4.0,1.3,15.9,16.8,18.5,75.3,22.0,11.3,18.5,32.1,64.4,41.9,6.0,0,0,0,0
17089,Kane County,IL,0.5084,0.4823,0.5033,0.8263,0.3427,4.7,5.0,7.9,5.4,14.3,5.0,13.5,32.6,8.4,23.4,9.1,44.5,74.4,19.0,10.1,14.8,30.3,73.0,34.9,2.0,0,0,0,0
17091,Kankakee County,IL,0.7241,0.5695,0.7206,0.6656,0.7652,6.9,14.5,5.6,1.0,23.6,5.2,10.1,11.5,6.2,28.5,14.6,30.1,76.3,22.0,11.3,18.3,33.4,69.8,40.2,4.0,0,0,0,0
17093,Kendall County,IL,0.0996,0.0694,0.4537,0.7251,0.0331,2.1,7.8,4.0,2.3,7.8,4.3,6.6,21.0,4.4,19.0,7.3,35.1,76.5,19.4,9.1,12.0,30.7,75.7,39.0,2.0,0,0,0,0
17095,Knox County,IL,0.644,0.6074,0.4397,0.504,0.7731,9.5,8.0,5.6,0.8,27.4,4.9,11.2,6.2,7.6,26.0,15.0,18.6,75.9,23.2,10.9,18.2,31.7,65.9,39.9,5.0,0,0,0,0
17097,Lake County,IL,0.475,0.3086,0.3847,0.7941,0.6118,5.1,6.5,6.8,4.3,13.5,5.0,9.2,22.8,12.3,22.1,9.7,41.1,75.1,18.5,9.8,13.0,32.7,75.1,32.9,2.0,0,0,0,0
17099,LaSalle County,IL,0.3894,0.301,0.5142,0.4588,0.4556,5.9,2.7,4.3,1.2,19.6,5.4,8.9,10.5,4.3,21.2,13.6,16.3,75.4,23.4,10.0,15.7,31.5,74.7,37.9,5.0,0,0,0,0
17101,Lawrence County,IL,0.5657,0.6039,0.4995,0.434,0.5533,4.1,8.0,8.2,1.3,24.0,7.8,14.8,2.3,3.3,16.5,19.4,15.2,75.0,22.5,11.2,18.9,32.2,63.1,41.0,6.0,0,0,0,0
17103,Lee County,IL,0.3777,0.2501,0.3745,0.4222,0.6332,7.8,5.3,3.7,0.5,20.1,3.5,10.0,6.8,5.7,22.9,16.6,14.7,75.5,22.4,10.2,15.6,31.4,71.0,38.8,5.0,0,0,0,0
17105,Livingston County,IL,0.328,0.1842,0.5301,0.3248,0.5606,5.2,3.6,4.6,0.2,19.1,3.7,9.5,5.1,4.1,19.9,14.9,11.1,75.1,23.1,9.9,15.4,31.7,67.8,36.0,5.0,0,0,0,0
17107,Logan County,IL,0.2921,0.1912,0.1409,0.3847,0.7238,7.0,6.0,3.4,0.1,18.2,5.2,8.5,3.5,5.4,19.3,15.4,13.3,75.7,23.0,9.9,15.4,31.4,72.7,38.9,5.0,0,0,0,0
17109,McDonough County,IL,0.539,0.6672,0.0646,0.3847,0.8123,9.7,5.2,6.1,0.3,31.3,8.0,5.6,3.0,11.6,28.3,14.8,13.3,76.0,24.3,10.8,16.4,32.6,71.2,39.2,5.0,0,0,0,0
17111,McHenry County,IL,0.0923,0.1403,0.2431,0.5472,0.041,3.8,1.5,4.9,1.9,9.9,4.9,6.1,14.3,3.9,21.1,9.7,21.3,75.2,22.3,8.8,11.6,30.7,75.5,31.7,2.0,0,0,0,0
17113,McLean County,IL,0.1903,0.1168,0.0573,0.552,0.6029,5.9,8.4,4.5,0.8,20.2,3.2,4.1,5.3,16.4,21.2,9.5,21.7,77.0,22.2,9.5,12.5,32.7,74.3,36.0,4.0,0,0,0,0
17115,Macon County,IL,0.5396,0.3971,0.511,0.6102,0.6755,9.6,16.9,4.8,0.4,23.6,7.2,7.6,2.5,9.6,20.7,14.2,25.2,76.5,22.9,10.8,17.8,32.3,70.5,42.6,4.0,0,0,0,0
17117,Macoupin County,IL,0.1161,0.2386,0.2561,0.0525,0.1009,4.6,1.1,4.1,0.2,22.7,4.6,9.0,1.3,1.3,19.0,15.7,5.0,75.2,24.5,9.9,14.7,31.6,69.9,36.8,2.0,0,0,0,0
17119,Madison County,IL,0.2561,0.2663,0.3175,0.4658,0.2625,5.6,8.5,5.1,0.4,18.7,5.2,6.7,3.7,4.9,22.4,15.7,16.7,76.2,23.1,9.5,14.2,31.2,73.6,38.8,2.0,0,0,0,0
17121,Marion County,IL,0.6036,0.567,0.721,0.2816,0.6204,6.9,4.3,6.6,0.2,26.2,8.1,10.0,2.2,2.6,19.9,18.2,9.8,75.5,24.8,10.6,16.7,31.5,68.3,39.5,5.0,0,0,0,0
17123,Marshall County,IL,0.0894,0.1467,0.2536,0.1572,0.0993,3.7,0.5,4.1,0.3,20.0,4.2,8.0,3.1,1.3,18.2,14.8,7.1,75.2,24.3,9.7,14.2,31.9,67.3,38.6,3.0,0,0,0,0
17125,Mason County,IL,0.1254,0.2568,0.1823,0.021,0.1409,5.3,0.5,4.9,0.0,21.9,5.2,8.7,1.4,0.8,18.3,17.5,4.1,75.2,24.4,10.0,14.9,31.7,69.8,37.2,6.0,0,0,0,0
17127,Massac County,IL,0.5625,0.5476,0.6389,0.3977,0.5444,4.3,6.3,7.9,0.1,26.7,3.7,12.3,3.2,2.8,23.0,20.7,13.8,75.2,24.6,10.8,17.2,31.9,70.0,40.8,4.0,0,0,0,0
17129,Menard County,IL,0.0283,0.0522,0.3834,0.0474,0.0162,4.0,0.9,2.5,0.2,15.5,4.9,5.0,1.3,1.9,13.9,15.6,4.9,75.6,24.0,9.0,12.3,31.5,71.9,37.4,4.0,0,0,0,0
17131,Mercer County,IL,0.064,0.1419,0.2762,0.0932,0.048,5.0,0.6,5.3,0.4,19.3,3.3,7.6,2.8,2.8,19.5,14.1,5.9,75.2,24.0,9.6,13.9,31.2,70.2,38.5,3.0,0,0,0,0
17133,Monroe County,IL,0.001,0.0016,0.0465,0.0299,0.0083,3.5,0.6,2.1,0.2,7.5,1.7,4.3,1.7,2.6,16.2,11.1,4.4,76.2,22.6,7.8,8.9,31.2,68.7,34.9,2.0,0,0,0,0
17135,Montgomery County,IL,0.3191,0.343,0.1492,0.1861,0.6382,6.8,2.8,4.8,0.2,21.6,5.6,10.3,1.9,2.8,19.4,17.3,7.6,75.0,23.5,10.1,15.5,31.3,65.9,39.2,6.0,0,0,0,0
17137,Morgan County,IL,0.4935,0.5052,0.3156,0.3563,0.6421,7.4,5.0,4.4,0.1,23.8,6.4,10.4,2.7,4.7,22.8,17.8,12.1,75.7,23.6,10.3,16.3,31.7,68.0,40.3,5.0,0,0,0,0
17139,Moultrie County,IL,0.4827,0.3926,0.4298,0.0229,0.8476,11.9,1.0,13.9,0.1,17.2,4.1,13.6,1.7,4.4,15.8,13.2,4.2,74.6,25.0,9.5,14.8,31.5,67.6,38.4,6.0,0,0,0,0
17141,Ogle County,IL,0.3131,0.2539,0.5982,0.4378,0.28,6.8,1.1,4.9,1.2,17.2,6.0,8.7,10.9,4.5,19.2,14.8,15.4,75.4,23.0,9.7,14.0,31.4,70.9,40.9,5.0,0,0,0,0
17143,Peoria County,IL,0.6656,0.5444,0.6446,0.6923,0.7041,8.6,17.5,6.3,1.1,24.3,6.6,7.1,5.3,12.8,25.1,13.1,32.0,76.6,22.8,10.9,16.6,32.8,70.6,35.1,3.0,0,0,0,0
17145,Perry County,IL,0.6001,0.4677,0.545,0.4057,0.8263,7.1,7.9,3.9,0.1,26.0,6.1,15.5,3.2,6.0,17.5,21.5,14.0,75.2,23.1,11.2,18.7,31.9,70.0,41.1,6.0,0,0,0,0
17147,Piatt County,IL,0.0045,0.0745,0.042,0.0299,0.0086,2.4,0.9,3.9,0.2,12.4,4.7,6.1,1.5,3.6,18.0,12.3,4.4,75.7,23.1,8.4,10.5,31.2,72.6,34.9,4.0,0,0,0,0
17149,Pike County,IL,0.2771,0.2988,0.8091,0.0337,0.1581,4.2,0.7,5.9,0.3,23.6,4.7,9.0,1.5,0.9,18.4,17.4,4.5,75.2,24.8,10.4,16.4,32.0,69.5,40.7,6.0,0,0,0,0
17151,Pope County,IL,0.3277,0.391,0.2657,0.3086,0.4114,5.9,3.3,4.0,0.1,23.5,9.1,11.8,3.1,0.3,14.9,19.9,10.6,75.4,24.1,9.8,14.5,31.4,67.2,39.6,6.0,0,0,0,0
17153,Pulaski County,IL,0.6357,0.5256,0.7111,0.749,0.5428,8.6,31.4,6.9,0.4,36.8,4.2,11.9,1.9,1.5,19.5,24.6,37.2,76.8,23.3,14.5,27.3,32.2,66.5,45.7,6.0,0,0,0,0
17155,Putnam County,IL,0.0048,0.014,0.2269,0.2536,0.0032,3.4,0.3,3.1,0.2,11.5,3.2,6.4,6.3,0.3,13.9,16.3,9.1,75.3,23.0,8.9,12.1,31.4,72.3,36.1,5.0,0,0,0,0
17157,Randolph County,IL,0.4897,0.3077,0.6322,0.3939,0.6869,7.1,7.9,4.9,0.5,20.2,5.2,14.0,3.2,2.8,16.3,19.9,13.6,75.2,22.9,10.5,16.9,31.7,70.9,39.1,6.0,0,0,0,0
17159,Richland County,IL,0.413,0.189,0.8995,0.0881,0.5577,7.4,0.6,5.8,1.4,22.3,4.2,7.9,1.8,3.1,16.6,17.7,5.8,75.3,24.5,9.9,14.6,31.8,72.0,39.5,6.0,0,0,0,0
17161,Rock Island County,IL,0.7556,0.5816,0.8482,0.6701,0.7385,8.7,10.2,6.3,2.1,23.5,6.2,10.4,13.5,11.9,23.6,14.1,30.3,75.7,21.3,10.8,17.6,31.4,71.2,40.1,3.0,0,0,0,0
17163,St. Clair County,IL,0.532,0.4438,0.5902,0.7821,0.4505,7.3,28.1,5.4,0.5,20.7,5.7,7.8,4.5,5.4,25.3,15.0,39.9,78.3,21.6,11.2,17.3,31.6,75.7,38.6,2.0,0,0,0,0
17165,Saline County,IL,0.6557,0.5934,0.7372,0.2109,0.7506,9.2,2.5,5.6,0.2,27.8,5.9,11.8,1.8,5.0,22.0,23.8,8.0,75.5,24.8,10.6,16.6,32.0,65.4,40.1,6.0,0,0,0,0
17167,Sangamon County,IL,0.4041,0.2437,0.4531,0.546,0.5978,7.4,12.6,3.8,0.5,19.8,5.2,6.8,2.5,7.6,21.9,13.2,21.2,77.2,22.0,9.8,14.1,30.6,72.4,39.6,4.0,0,0,0,0
17169,Schuyler County,IL,0.4957,0.4674,0.7719,0.2323,0.4238,3.4,3.4,9.6,1.0,25.3,6.7,8.3,2.5,2.7,14.9,20.6,8.6,75.4,23.6,11.0,16.9,32.2,63.9,40.2,6.0,0,0,0,0
17171,Scott County,IL,0.0512,0.0652,0.4976,0.0264,0.0455,4.6,0.0,5.0,0.2,18.2,2.9,7.3,1.4,0.4,15.6,15.8,4.3,75.4,24.3,9.4,13.8,31.5,68.6,38.3,5.0,0,0,0,0
17173,Shelby County,IL,0.1069,0.0935,0.259,0.0099,0.2953,5.1,0.3,4.4,0.1,18.9,4.0,6.1,1.2,2.2,17.9,15.1,3.5,75.2,24.3,9.6,13.8,31.6,72.9,37.6,6.0,0,0,0,0
17175,Stark County,IL,0.0579,0.2059,0.2351,0.1457,0.014,4.4,1.1,5.7,0.6,19.2,3.3,9.1,2.3,0.1,20.6,14.7,6.9,75.1,24.0,9.7,14.1,31.6,70.2,38.3,3.0,0,0,0,0
17177,Stephenson County,IL,0.5218,0.4668,0.6621,0.5119,0.4537,8.6,8.7,6.1,0.5,23.3,5.3,8.2,4.6,5.4,23.9,16.4,19.0,76.2,24.3,10.4,16.5,31.5,73.9,41.0,5.0,0,0,0,0
17179,Tazewell County,IL,0.1085,0.1075,0.1311,0.1572,0.3204,5.8,1.2,4.9,0.3,16.0,3.9,6.3,2.6,6.0,19.9,12.4,7.1,76.0,24.2,9.1,12.3,31.1,71.9,36.2,3.0,0,0,0,0
17181,Union County,IL,0.602,0.6631,0.4378,0.265,0.7063,9.9,1.5,6.4,0.4,27.1,6.3,12.0,5.3,2.5,22.9,20.2,9.4,75.2,24.4,10.9,17.9,32.0,71.5,39.8,6.0,0,0,0,0
17183,Vermilion County,IL,0.6806,0.5116,0.8231,0.5679,0.6904,8.9,14.5,5.0,0.6,27.4,6.7,9.4,5.4,5.8,21.1,14.5,22.6,76.9,24.0,11.7,20.1,33.1,69.9,44.1,5.0,0,0,0,0
17185,Wabash County,IL,0.4209,0.2294,0.7712,0.1928,0.6045,10.5,1.0,5.6,0.5,24.7,4.4,7.0,3.0,4.4,18.3,20.6,7.7,75.3,24.4,10.4,15.5,31.7,70.8,40.2,6.0,0,0,0,0
17187,Warren County,IL,0.5441,0.4661,0.7143,0.4973,0.4948,5.6,3.8,6.0,3.0,23.2,7.3,12.5,10.3,4.4,16.5,13.8,18.1,75.1,23.3,10.3,15.9,31.6,73.9,37.9,6.0,0,0,0,0
17189,Washington County,IL,0.0347,0.0885,0.1168,0.0379,0.0585,3.1,0.5,3.2,0.2,14.8,4.7,7.5,1.5,0.1,17.0,13.8,4.6,75.5,23.7,9.0,12.2,31.3,73.4,36.7,6.0,0,0,0,0
17191,Wayne County,IL,0.4843,0.4811,0.6468,0.0229,0.5772,8.0,0.7,11.6,0.2,25.7,3.6,10.7,1.7,3.5,19.4,17.9,4.2,75.1,25.0,10.5,16.3,32.2,68.3,40.0,6.0,0,0,0,0
17193,White County,IL,0.3999,0.4209,0.6577,0.0191,0.4193,7.3,0.8,7.2,0.0,26.9,3.5,11.5,1.5,2.2,20.1,20.3,4.0,75.2,25.5,11.1,18.0,31.9,70.1,39.3,6.0,0,0,0,0
17195,Whiteside County,IL,0.3236,0.2669,0.7652,0.4814,0.1661,5.2,1.1,5.5,1.0,19.3,4.4,9.2,12.7,4.1,20.9,14.4,17.4,75.0,22.9,10.2,15.3,32.1,70.4,36.4,5.0,0,0,0,0
17197,Will County,IL,0.244,0.2062,0.3904,0.7706,0.1559,3.5,11.3,5.5,3.1,11.4,5.0,8.4,18.6,5.9,20.7,9.5,39.1,76.1,19.2,9.5,13.5,30.3,68.3,37.7,2.0,0,0,0,0
17199,Williamson County,IL,0.3948,0.3038,0.6192,0.3388,0.4553,7.1,3.3,5.6,0.5,22.2,4.4,7.3,2.9,3.1,22.4,18.3,11.5,75.6,24.0,10.0,14.5,31.1,70.2,39.9,5.0,0,0,0,0
17201,Winnebago County,IL,0.7728,0.7502,0.8591,0.7127,0.5227,8.7,13.0,6.4,2.0,26.0,7.5,11.5,14.1,7.8,26.8,14.4,33.9,76.7,23.4,11.7,19.5,32.8,70.4,42.2,3.0,0,0,0,1
17203,Woodford County,IL,0.0175,0.0515,0.0795,0.0675,0.057,3.4,0.6,4.6,0.1,13.6,3.3,5.8,1.9,1.8,18.9,10.4,5.4,76.0,23.2,8.6,10.5,31.4,74.5,37.3,3.0,0,0,0,0
18001,Adams County,IN,0.5355,0.6411,0.2055,0.1654,0.7569,14.0,0.6,20.9,1.0,28.5,3.2,13.3,4.7,5.1,19.8,11.3,7.2,77.6,27.9,12.1,17.8,33.1,72.1,42.1,5.0,0,0,0,0
18003,Allen County,IN,0.5374,0.4426,0.699,0.6468,0.4435,6.0,11.1,7.9,2.1,21.3,4.8,9.9,8.0,9.5,21.4,12.3,28.3,78.3,26.5,11.8,15.3,31.7,73.8,39.5,3.0,0,0,0,0
18005,Bartholomew County,IN,0.287,0.167,0.5492,0.5415,0.3484,5.5,1.6,5.8,1.2,19.6,3.6,8.2,7.9,9.4,18.6,14.3,20.8,79.1,25.4,11.0,13.6,34.0,75.3,38.9,4.0,0,0,0,0
18007,Benton County,IN,0.3369,0.3738,0.9074,0.2587,0.0678,3.4,1.2,6.2,0.9,27.1,3.7,11.4,5.9,1.2,19.4,18.2,9.2,77.2,27.6,11.9,16.6,33.9,73.4,42.4,4.0,0,0,0,0
18009,Blackford County,IN,0.4801,0.6748,0.5972,0.0675,0.2975,9.7,1.0,7.1,0.0,30.3,5.5,9.6,1.2,3.6,25.0,21.3,5.4,76.6,28.3,12.7,18.9,34.5,72.3,44.2,6.0,0,0,0,0
18011,Boone County,IN,0.0331,0.0251,0.2526,0.3446,0.0366,2.1,2.2,4.5,0.7,10.3,3.1,5.0,3.5,7.6,17.7,9.6,11.7,79.3,22.1,9.3,9.1,32.8,80.4,32.4,2.0,0,0,0,0
18013,Brown County,IN,0.1712,0.2055,0.3261,0.0544,0.2542,3.5,0.6,7.6,0.5,16.5,3.9,7.1,2.1,4.2,20.5,16.3,5.1,77.7,26.4,10.3,12.0,33.0,78.0,35.6,2.0,0,0,0,0
18015,Carroll County,IN,0.0821,0.2097,0.2084,0.1753,0.0458,3.9,0.7,11.0,0.4,17.1,3.1,9.7,4.7,1.8,14.6,15.1,7.4,77.7,26.5,10.9,14.2,33.5,75.9,41.4,4.0,0,0,0,0
18017,Cass County,IN,0.5587,0.4528,0.8479,0.5797,0.3961,5.5,1.3,7.5,3.0,25.4,4.2,14.3,16.8,2.3,18.2,15.2,23.3,76.3,25.8,12.7,18.8,34.1,72.2,47.3,5.0,0,0,0,0
18019,Clark County,IN,0.3093,0.2654,0.4171,0.504,0.3411,4.6,6.9,6.4,1.2,17.6,3.7,9.5,5.9,8.1,22.0,14.5,18.6,78.7,26.5,10.9,14.3,32.5,77.8,43.5,2.0,0,0,0,0
18021,Clay County,IN,0.1718,0.1444,0.4496,0.0675,0.2873,3.3,0.4,4.8,0.1,19.2,4.3,8.6,1.8,2.0,16.4,17.0,5.4,77.9,27.8,11.5,14.8,34.8,75.3,42.9,4.0,0,0,0,0
18023,Clinton County,IN,0.3443,0.335,0.587,0.5202,0.2094,4.8,0.7,8.2,3.3,19.3,3.4,13.0,17.0,3.8,19.5,11.3,19.4,77.3,25.3,11.7,16.9,35.1,73.1,40.4,5.0,0,0,0,0
18025,Crawford County,IN,0.3124,0.5899,0.1247,0.0407,0.3449,5.3,0.8,6.9,0.1,33.2,3.6,14.3,0.8,0.9,22.2,18.3,4.7,76.8,28.9,13.5,21.3,35.0,70.4,43.0,6.0,0,0,0,0
18027,Daviess County,IN,0.6239,0.5304,0.4136,0.328,0.9077,13.6,1.6,23.6,1.8,20.9,1.9,23.0,5.7,4.9,18.1,14.0,11.2,76.3,28.0,12.0,18.4,34.6,71.4,41.7,5.0,0,0,0,0
18029,Dearborn County,IN,0.0312,0.0662,0.1241,0.0337,0.071,4.3,0.5,5.0,0.2,14.3,2.1,8.9,1.5,5.2,17.8,13.9,4.5,77.8,26.4,9.9,11.5,33.1,72.4,35.4,2.0,0,0,0,0
18031,Decatur County,IN,0.0159,0.0725,0.0229,0.1094,0.0659,2.8,0.2,4.0,0.0,16.5,3.1,8.8,2.3,4.6,16.7,12.3,6.2,76.8,27.0,10.4,13.1,33.3,74.3,37.5,5.0,0,0,0,0
18033,DeKalb County,IN,0.1384,0.1667,0.2138,0.0821,0.2934,5.0,0.2,6.6,0.2,16.5,4.3,8.6,3.1,3.8,16.8,13.1,5.7,77.5,27.4,10.8,13.3,33.3,70.9,43.5,5.0,0,0,0,0
18035,Delaware County,IN,0.6309,0.7226,0.2116,0.413,0.7903,7.7,6.2,7.3,0.2,31.4,6.1,9.3,2.7,8.0,25.4,18.2,14.3,78.4,29.6,12.9,17.3,35.1,71.4,38.9,4.0,0,0,0,0
18037,Dubois County,IN,0.1619,0.0697,0.461,0.335,0.3067,4.9,0.9,4.5,1.6,15.4,1.9,10.1,8.7,5.3,17.0,10.9,11.4,77.4,24.5,10.7,13.2,34.0,75.7,39.9,5.0,0,0,0,0
18039,Elkhart County,IN,0.8132,0.7245,0.7852,0.6287,0.819,8.4,4.8,14.9,2.2,22.1,3.8,17.8,17.3,8.1,23.8,12.6,26.8,78.0,25.7,12.2,18.2,34.1,74.7,44.1,4.0,0,0,0,1
18041,Fayette County,IN,0.6293,0.7022,0.8454,0.1037,0.4703,7.7,1.1,7.5,0.4,28.6,4.5,14.8,1.5,4.4,24.5,22.2,6.1,77.2,28.6,12.3,17.8,34.7,72.0,44.8,5.0,0,0,0,0
18043,Floyd County,IN,0.1915,0.1333,0.412,0.3888,0.2641,5.7,5.0,5.3,0.6,15.3,3.9,7.6,3.7,7.9,19.8,13.8,13.4,78.4,26.1,10.6,12.9,34.4,76.5,37.4,2.0,0,0,0,0
18045,Fountain County,IN,0.2924,0.4629,0.7318,0.0821,0.0795,4.6,0.3,8.2,0.4,19.9,5.2,11.1,2.8,0.8,20.7,17.8,5.7,77.1,27.5,11.2,15.1,34.3,67.6,42.4,6.0,0,0,0,0
18047,Franklin County,IN,0.1199,0.0872,0.2335,0.015,0.3996,7.1,0.1,5.9,0.9,15.3,2.1,10.5,1.3,2.1,14.6,13.6,3.8,77.7,26.8,10.7,13.0,33.4,77.4,40.5,2.0,0,0,0,0
18049,Fulton County,IN,0.5415,0.6577,0.6293,0.2854,0.3802,6.0,1.2,10.9,0.7,22.6,7.2,12.7,5.5,2.3,19.3,16.0,9.9,77.1,27.0,11.5,15.9,33.3,75.9,41.7,6.0,0,0,0,0
18051,Gibson County,IN,0.2342,0.0986,0.3548,0.2536,0.616,3.9,1.8,4.8,0.5,17.8,2.8,9.4,2.0,4.9,17.4,15.7,9.1,77.9,27.6,10.8,14.2,33.0,75.8,39.4,6.0,0,0,0,0
18053,Grant County,IN,0.7649,0.6965,0.6666,0.4537,0.8683,7.9,6.7,7.1,0.4,27.6,7.3,11.4,4.7,4.8,22.2,19.7,16.0,79.0,28.7,13.0,18.1,34.2,73.6,42.2,5.0,0,0,0,1
18055,Greene County,IN,0.5275,0.6491,0.5514,0.0299,0.5332,6.1,0.6,7.6,0.5,24.8,6.7,11.7,1.9,1.0,21.8,20.2,4.4,76.8,27.7,11.6,15.9,35.9,73.9,40.4,6.0,0,0,0,0
18057,Hamilton County,IN,0.0302,0.0064,0.2682,0.5081,0.034,2.2,4.0,4.2,1.3,7.4,2.7,2.8,4.5,9.4,16.7,7.9,18.8,79.8,22.9,8.6,7.6,33.3,77.4,31.9,2.0,0,0,0,0
18059,Hancock County,IN,0.0185,0.0598,0.1085,0.2781,0.0178,3.0,2.7,5.7,0.5,10.3,2.7,6.7,2.9,3.9,18.9,12.6,9.7,77.0,25.2,9.5,10.1,31.0,76.5,39.5,2.0,0,0,0,0
18061,Harrison County,IN,0.1009,0.1117,0.09,0.0544,0.3815,4.8,0.7,5.7,0.2,15.1,3.8,9.8,2.1,3.4,12.8,16.1,5.1,77.2,26.1,10.2,12.4,33.4,76.1,42.2,2.0,0,0,0,0
18063,Hendricks County,IN,0.0904,0.0334,0.2819,0.5148,0.168,2.7,8.0,5.7,1.2,9.4,2.4,6.5,4.5,7.0,17.2,9.5,19.1,77.9,21.8,9.9,10.6,34.0,77.8,36.0,2.0,0,0,0,0
18065,Henry County,IN,0.3045,0.3414,0.3121,0.1696,0.4521,4.4,2.4,6.5,0.2,21.9,4.5,8.9,2.1,3.5,20.9,19.6,7.3,76.9,27.8,11.2,15.1,34.5,73.0,43.6,5.0,0,0,0,0
18067,Howard County,IN,0.4505,0.4193,0.7238,0.4604,0.28,6.6,7.7,6.7,0.3,21.7,5.8,8.7,3.8,7.4,20.8,17.3,16.4,77.5,26.5,11.8,15.6,32.8,74.1,36.8,4.0,0,0,0,0
18069,Huntington County,IN,0.1362,0.1766,0.2052,0.1152,0.2428,3.2,0.9,6.5,0.7,21.0,3.4,7.4,2.8,3.7,18.8,14.4,6.3,78.3,26.8,11.1,13.9,32.2,72.8,40.0,5.0,0,0,0,0
18071,Jackson County,IN,0.4556,0.3134,0.5956,0.4057,0.5972,5.8,1.1,8.6,2.7,21.6,2.7,10.0,8.2,5.2,20.4,14.8,14.0,76.9,26.2,11.6,15.6,33.2,74.4,39.4,5.0,0,0,0,0
18073,Jasper County,IN,0.1005,0.0939,0.4489,0.342,0.0659,2.9,1.0,5.0,0.6,14.7,4.1,7.1,6.5,3.0,18.3,15.6,11.6,75.8,25.9,10.3,12.7,33.6,74.5,40.0,2.0,0,0,0,0
18075,Jay County,IN,0.4626,0.5762,0.5749,0.0881,0.3964,9.7,0.3,10.0,0.4,25.5,4.4,12.5,3.4,2.3,20.9,17.5,5.8,76.7,27.7,12.2,17.6,35.0,72.3,43.6,6.0,0,0,0,0
18077,Jefferson County,IN,0.5832,0.4633,0.531,0.2062,0.8848,5.3,2.1,7.7,0.4,21.4,3.4,12.1,3.1,4.6,23.9,19.2,7.9,78.3,27.5,11.1,14.6,33.9,75.6,36.8,5.0,0,0,0,0
18079,Jennings County,IN,0.3573,0.4645,0.497,0.0932,0.308,3.8,0.8,9.9,0.4,21.3,5.0,11.2,2.9,0.5,18.8,19.1,5.9,77.7,27.9,11.9,15.7,34.0,71.8,40.8,6.0,0,0,0,0
18081,Johnson County,IN,0.1117,0.1451,0.1645,0.3977,0.1387,3.1,2.5,6.1,0.8,13.5,3.4,7.4,3.8,8.0,21.3,10.9,13.8,79.7,25.8,10.7,11.7,33.2,77.3,38.6,2.0,0,0,0,0
18083,Knox County,IN,0.497,0.2953,0.7938,0.265,0.6561,7.0,2.3,7.8,1.4,21.8,3.2,10.9,2.6,5.7,18.9,17.4,9.4,77.9,26.6,11.4,15.2,34.4,77.9,37.7,5.0,0,0,0,0
18085,Kosciusko County,IN,0.3926,0.314,0.5797,0.3917,0.4311,5.0,0.7,10.5,1.4,17.0,3.3,12.2,8.4,3.8,18.6,13.6,13.5,76.6,26.1,10.9,14.2,34.1,77.2,38.9,5.0,0,0,0,0
18087,LaGrange County,IN,0.3961,0.4251,0.4782,0.1152,0.4862,27.3,0.2,45.1,3.3,11.3,3.2,39.4,4.3,0.9,13.4,10.9,6.3,74.8,27.8,11.1,17.2,33.9,73.7,40.0,6.0,0,0,0,0
18089,Lake County,IN,0.7031,0.6258,0.7824,0.8549,0.4731,7.6,23.0,6.8,1.8,23.0,6.7,9.8,20.2,8.6,25.2,13.3,47.4,77.6,21.0,12.9,20.4,30.3,76.7,39.9,2.0,0,0,0,0
18091,LaPorte County,IN,0.5046,0.4295,0.4155,0.5667,0.615,5.3,10.5,6.4,0.5,22.9,5.0,10.1,7.2,5.9,21.1,14.3,22.5,77.5,25.3,12.5,16.9,33.3,74.3,37.1,4.0,0,0,0,0
18093,Lawrence County,IN,0.2981,0.2529,0.3866,0.0757,0.574,5.9,0.3,7.1,0.2,19.9,3.3,10.9,1.8,3.8,18.7,18.1,5.6,77.4,26.1,11.0,13.5,33.3,72.5,41.8,5.0,0,0,0,0
18095,Madison County,IN,0.5985,0.5619,0.6643,0.4636,0.5689,6.6,7.9,7.8,0.4,23.0,5.5,10.1,4.6,3.8,23.0,19.7,16.6,78.2,27.7,11.8,16.6,34.3,75.1,36.3,2.0,0,0,0,0
18097,Marion County,IN,0.826,0.8132,0.7814,0.8565,0.6287,8.2,27.9,9.5,3.2,25.9,5.5,12.7,11.1,14.0,30.7,13.5,47.5,79.0,25.3,12.8,18.7,33.7,80.5,38.4,1.0,0,0,0,0
18099,Marshall County,IN,0.4493,0.4648,0.4617,0.3939,0.4473,6.1,0.8,13.3,1.7,20.9,3.0,14.2,10.7,3.7,19.4,12.5,13.6,76.0,27.0,11.5,16.0,34.9,70.5,43.4,5.0,0,0,0,0
18101,Martin County,IN,0.1613,0.1909,0.1228,0.0675,0.4365,3.7,0.2,7.5,0.0,20.2,1.9,11.2,1.3,1.4,16.5,16.6,5.4,77.1,27.3,11.5,15.1,34.2,73.3,39.1,6.0,0,0,0,0
18103,Miami County,IN,0.3904,0.5021,0.2479,0.3748,0.4038,5.6,4.2,9.3,0.3,23.6,4.5,13.2,3.7,1.9,19.2,15.7,12.8,77.6,26.8,12.5,17.2,34.8,75.9,44.2,5.0,0,0,0,0
18105,Monroe County,IN,0.4302,0.5619,0.0076,0.4779,0.8877,7.5,3.6,5.8,0.8,27.2,5.8,5.3,3.8,17.8,32.1,11.1,17.3,79.0,26.7,11.0,13.2,35.1,76.3,35.7,4.0,0,0,0,0
18107,Montgomery County,IN,0.455,0.3948,0.6475,0.2816,0.4846,5.8,0.7,8.2,1.0,22.5,4.0,10.8,5.2,4.4,20.1,15.8,9.8,78.0,27.1,11.2,15.5,33.5,73.5,39.5,5.0,0,0,0,0
18109,Morgan County,IN,0.0538,0.1521,0.1712,0.0675,0.0566,3.0,0.5,5.3,0.2,14.5,4.0,10.5,1.8,2.6,17.9,14.9,5.4,76.6,26.5,10.9,12.8,32.5,75.8,37.3,2.0,0,0,0,0
18111,Newton County,IN,0.3229,0.566,0.7331,0.3388,0.0226,3.1,1.1,6.0,0.8,19.1,9.6,13.0,7.4,0.7,21.8,17.8,11.5,76.3,26.1,11.4,16.1,33.1,70.4,43.3,2.0,0,0,0,0
18113,Noble County,IN,0.5418,0.3828,0.5883,0.4085,0.7502,9.3,0.4,11.4,2.1,16.4,3.4,16.8,10.7,4.8,18.0,13.9,14.1,77.0,25.3,11.1,15.3,33.2,71.1,39.5,5.0,0,0,0,0
18115,Ohio County,IN,0.1734,0.0869,0.4031,0.0579,0.4785,4.9,0.3,6.7,0.0,16.1,1.8,7.3,0.0,5.0,18.4,17.2,5.2,77.6,27.1,10.5,12.9,33.6,74.8,39.2,2.0,0,0,0,0
18117,Orange County,IN,0.5791,0.4601,0.8384,0.1339,0.692,6.0,1.6,7.7,0.2,24.4,3.0,14.7,1.8,2.9,21.0,19.8,6.7,77.3,28.4,11.5,16.2,34.9,74.3,39.5,6.0,0,0,0,0
18119,Owen County,IN,0.238,0.574,0.188,0.0299,0.1241,2.8,0.5,9.6,0.1,23.6,5.2,13.6,1.3,0.9,19.5,19.8,4.4,77.1,28.2,11.1,15.3,34.0,73.0,41.2,4.0,0,0,0,0
18121,Parke County,IN,0.6424,0.7038,0.2307,0.0757,0.9472,8.2,1.9,15.0,0.4,26.2,5.6,14.7,1.0,2.1,17.1,15.7,5.6,77.5,28.8,12.2,18.8,34.4,72.0,42.4,6.0,0,0,0,0
18123,Perry County,IN,0.3182,0.2084,0.0426,0.1457,0.9682,5.9,3.2,5.3,0.1,18.1,5.1,8.8,1.5,7.5,17.8,14.9,6.9,76.9,26.1,11.1,14.1,33.8,75.0,37.5,6.0,0,0,0,0
18125,Pike County,IN,0.0465,0.1056,0.0436,0.0264,0.1944,3.5,0.6,3.7,0.0,19.7,3.6,9.6,2.3,1.9,14.0,14.7,4.3,77.1,27.0,11.2,14.9,33.9,75.2,37.7,6.0,0,0,0,0
18127,Porter County,IN,0.1374,0.1473,0.1152,0.5148,0.2218,3.7,4.0,5.3,0.6,15.0,4.2,6.1,10.8,5.7,21.5,11.4,19.1,77.8,24.4,10.6,13.0,33.9,78.3,39.8,2.0,0,0,0,0
18129,Posey County,IN,0.0092,0.0331,0.0439,0.0525,0.0547,4.1,1.0,3.8,0.0,15.0,2.8,6.3,1.3,2.8,18.0,12.1,5.0,78.1,26.4,10.0,11.6,32.3,76.0,40.0,3.0,0,0,0,0
18131,Pulaski County,IN,0.3866,0.4257,0.5711,0.1753,0.3573,7.0,0.2,7.7,0.2,21.9,3.8,11.9,3.4,2.5,21.4,17.6,7.4,76.9,27.1,11.4,15.4,33.4,73.4,38.7,6.0,0,0,0,0
18133,Putnam County,IN,0.1502,0.1129,0.0554,0.2364,0.6134,3.9,2.7,4.6,0.5,17.1,2.8,9.1,2.1,3.1,19.3,14.4,8.7,77.4,26.4,11.1,13.6,34.0,74.9,39.1,5.0,0,0,0,0
18135,Randolph County,IN,0.5113,0.4321,0.881,0.2164,0.4101,5.5,0.2,7.6,0.5,22.9,5.6,10.1,4.0,2.6,18.3,20.6,8.1,76.7,27.2,11.5,16.1,34.2,73.3,38.7,6.0,0,0,0,0
18137,Ripley County,IN,0.2062,0.2017,0.1654,0.0544,0.5447,4.8,0.3,7.5,0.1,14.9,3.3,9.4,1.8,4.8,20.1,13.7,5.1,77.6,26.1,10.2,12.9,33.3,74.9,36.1,6.0,0,0,0,0
18139,Rush County,IN,0.2125,0.5791,0.1604,0.0525,0.0843,4.2,0.6,7.6,0.3,24.9,6.3,10.6,1.8,4.4,20.8,16.8,5.0,77.8,27.9,11.5,15.6,34.4,69.8,39.0,6.0,0,0,0,0
18141,St. Joseph County,IN,0.6134,0.5167,0.5358,0.6567,0.6882,6.8,12.6,7.4,1.1,23.3,4.8,9.1,9.5,10.5,24.6,13.4,29.4,78.9,27.7,11.7,16.0,33.9,72.0,36.0,3.0,0,0,0,0
18143,Scott County,IN,0.5807,0.6723,0.5052,0.0983,0.6662,4.4,0.2,5.4,0.1,26.6,4.8,18.1,2.5,3.9,25.1,22.8,6.0,76.9,28.2,11.8,16.9,34.7,68.8,41.8,6.0,0,0,0,0
18145,Shelby County,IN,0.2832,0.2641,0.3427,0.2364,0.4528,5.4,1.4,5.9,1.0,19.7,3.3,10.9,4.9,5.3,20.9,14.8,8.7,77.6,28.0,11.3,14.4,34.1,74.1,41.0,2.0,0,0,0,0
18147,Spencer County,IN,0.0369,0.0665,0.1063,0.1037,0.097,3.8,0.7,3.7,0.3,17.2,3.3,7.5,3.2,2.0,17.4,13.4,6.1,77.8,27.3,10.4,12.1,33.9,77.4,39.5,6.0,0,0,0,0
18149,Starke County,IN,0.2829,0.4658,0.4413,0.2109,0.1355,5.4,0.2,6.2,0.4,25.0,4.0,14.9,4.4,2.2,20.6,18.5,8.0,76.3,27.9,11.8,17.0,33.9,71.8,42.1,6.0,0,0,0,0
18151,Steuben County,IN,0.1651,0.2297,0.0538,0.1753,0.4582,5.1,0.3,5.8,0.3,16.8,7.1,7.3,4.0,2.8,16.6,14.0,7.4,77.3,27.0,10.6,13.0,34.2,73.8,35.4,5.0,0,0,0,0
18153,Sullivan County,IN,0.574,0.4992,0.5476,0.2536,0.7887,4.7,3.6,8.9,0.5,27.0,5.0,11.1,1.8,3.0,17.7,17.6,9.1,77.2,26.0,12.0,17.3,34.9,71.7,43.4,4.0,0,0,0,0
18155,Switzerland County,IN,0.5886,0.6379,0.7432,0.0757,0.5514,6.9,0.3,13.1,0.5,24.3,4.4,16.9,2.1,2.3,19.3,20.9,5.6,76.6,28.4,11.7,16.9,33.8,73.6,39.9,6.0,0,0,0,0
18157,Tippecanoe County,IN,0.5087,0.5107,0.0477,0.6211,0.8594,8.6,5.9,6.1,1.6,28.3,3.6,8.0,8.9,17.8,31.9,9.4,26.1,78.9,23.8,11.6,15.0,35.9,76.2,30.8,4.0,0,0,0,0
18159,Tipton County,IN,0.0382,0.1849,0.0617,0.0821,0.0325,1.2,0.5,8.5,0.0,17.8,3.8,9.2,3.1,0.7,13.1,13.6,5.7,77.7,26.7,10.4,12.6,33.4,74.7,36.5,2.0,0,0,0,0
18161,Union County,IN,0.0897,0.3169,0.1903,0.0757,0.0267,4.1,0.4,7.2,0.2,16.0,5.1,11.2,2.3,1.1,18.8,14.4,5.6,77.6,27.0,10.1,12.0,33.4,73.3,37.4,6.0,0,0,0,0
18163,Vanderburgh County,IN,0.5612,0.5415,0.4518,0.4948,0.636,8.0,9.7,7.6,0.5,23.2,4.7,8.8,3.0,10.9,26.7,15.4,18.0,80.5,27.9,11.2,15.5,33.6,74.5,38.6,3.0,0,0,0,0
18165,Vermillion County,IN,0.391,0.3777,0.7626,0.0264,0.3598,4.0,0.4,4.8,0.3,25.1,7.5,7.5,1.6,2.1,19.1,18.6,4.3,78.0,27.6,11.5,15.2,33.9,72.5,40.4,4.0,0,0,0,0
18167,Vigo County,IN,0.7286,0.776,0.3185,0.434,0.8711,7.1,6.9,7.9,0.5,30.2,6.1,9.5,2.8,7.6,29.0,16.6,15.2,78.4,26.9,12.8,17.5,35.2,74.8,42.6,4.0,0,0,0,0
18169,Wabash County,IN,0.147,0.1775,0.1947,0.1276,0.2905,4.4,1.0,6.9,0.0,20.8,3.5,8.6,2.8,2.6,16.3,15.2,6.6,77.5,26.2,10.8,14.3,33.0,70.4,38.4,5.0,0,0,0,0
18171,Warren County,IN,0.0315,0.0646,0.1849,0.0544,0.0477,2.9,0.1,5.2,0.1,17.1,3.1,7.4,2.2,0.6,15.0,18.0,5.1,77.1,27.3,10.9,13.8,34.0,75.3,41.4,4.0,0,0,0,0
18173,Warrick County,IN,0.0194,0.0099,0.2084,0.2587,0.0465,1.9,2.1,3.4,0.5,10.3,3.3,5.1,2.1,4.0,15.2,12.1,9.2,78.7,25.9,9.5,9.5,34.2,77.9,33.8,3.0,0,0,0,0
18175,Washington County,IN,0.3382,0.4594,0.4696,0.0229,0.3268,6.1,0.2,8.8,0.1,24.7,4.2,12.5,1.4,1.3,18.6,16.5,4.2,77.3,28.6,11.9,16.4,34.5,71.3,41.0,2.0,0,0,0,0
18177,Wayne County,IN,0.7515,0.7035,0.9084,0.377,0.63,8.1,3.9,10.3,1.1,26.4,4.5,12.0,3.3,6.1,24.8,18.0,12.9,77.7,28.4,12.1,17.6,33.6,72.6,38.2,5.0,0,0,0,1
18179,Wells County,IN,0.0531,0.064,0.293,0.1457,0.0878,3.2,1.1,6.2,0.6,14.9,2.4,6.7,3.3,2.2,17.7,12.5,6.9,77.1,26.9,10.4,13.1,32.8,73.4,41.9,3.0,0,0,0,0
18181,White County,IN,0.2221,0.2851,0.6058,0.3484,0.0773,2.5,0.5,8.2,1.7,16.2,4.4,9.7,9.1,2.8,19.7,14.7,11.8,77.6,26.8,11.4,14.8,34.1,77.1,44.7,5.0,0,0,0,0
18183,Whitley County,IN,0.0735,0.1588,0.2014,0.1339,0.0732,3.7,0.3,8.0,0.1,15.0,4.0,8.2,2.4,3.9,16.5,13.7,6.7,77.6,25.8,10.2,12.5,32.8,73.2,39.4,3.0,0,0,0,0
19001,Adair County,IA,0.0554,0.1133,0.1861,0.0881,0.0872,4.5,0.6,4.9,0.0,21.3,3.9,4.3,2.6,2.6,18.5,14.6,5.8,74.4,21.9,9.9,13.3,30.5,74.1,40.1,6.0,0,0,0,0
19003,Adams County,IA,0.091,0.1257,0.3484,0.0821,0.1098,4.4,0.3,4.9,0.1,17.3,4.2,6.0,2.0,1.0,19.8,14.7,5.7,75.4,22.2,9.5,12.2,30.9,77.0,39.2,6.0,0,0,0,0
19005,Allamakee County,IA,0.2164,0.1505,0.5982,0.3166,0.2269,4.0,1.7,6.4,3.3,19.6,3.2,8.3,7.5,2.7,17.6,11.7,10.9,73.4,21.7,9.8,13.7,30.2,77.6,42.5,6.0,0,0,0,0
19007,Appanoose County,IA,0.4547,0.6634,0.3783,0.1094,0.3738,6.5,0.4,8.0,0.2,30.2,6.1,8.1,2.4,5.9,23.6,17.7,6.2,75.2,23.8,11.5,17.2,31.4,73.5,43.5,6.0,0,0,0,0
19009,Audubon County,IA,0.0611,0.0846,0.3843,0.0579,0.0706,7.1,0.3,4.1,0.2,20.4,0.7,9.5,2.2,0.4,16.4,13.6,5.2,74.7,21.9,9.8,13.4,30.0,74.4,37.8,6.0,0,0,0,0
19011,Benton County,IA,0.007,0.0092,0.125,0.0474,0.0283,3.2,0.4,2.7,0.3,13.9,2.3,5.6,1.7,2.5,16.5,11.7,4.9,75.6,21.3,8.6,10.5,30.6,82.0,40.6,3.0,0,0,0,0
19013,Black Hawk County,IA,0.5667,0.4308,0.441,0.5383,0.7992,7.3,9.6,4.2,1.8,24.2,5.2,7.1,4.7,12.4,26.9,13.8,20.6,77.8,21.6,10.8,13.5,33.3,78.2,42.0,4.0,0,0,0,0
19015,Boone County,IA,0.0255,0.0204,0.0321,0.1152,0.252,5.3,1.3,4.5,0.1,14.2,1.3,4.8,2.8,7.9,18.3,11.9,6.3,75.4,21.3,8.9,10.3,31.0,80.2,42.9,4.0,0,0,0,0
19017,Bremer County,IA,0.021,0.0045,0.0894,0.1225,0.1766,2.0,1.2,2.1,0.4,12.7,3.2,3.9,1.9,5.0,14.5,11.1,6.5,75.4,20.5,8.4,9.8,29.0,80.1,38.6,4.0,0,0,0,0
19019,Buchanan County,IA,0.0655,0.077,0.2549,0.0407,0.1537,6.2,0.8,6.4,0.2,14.2,3.0,6.4,1.9,2.2,18.5,12.5,4.7,74.9,21.3,8.9,11.0,29.8,78.6,37.4,6.0,0,0,0,0
19021,Buena Vista County,IA,0.6258,0.4123,0.6055,0.8263,0.7366,4.3,2.9,6.0,10.6,21.0,5.0,20.7,26.9,8.9,15.8,9.4,44.5,75.4,18.3,11.7,19.1,32.1,77.9,38.9,5.0,0,0,0,0
19023,Butler County,IA,0.0325,0.0827,0.1747,0.0407,0.0375,3.4,0.5,3.8,0.2,19.0,3.9,6.5,1.6,2.4,17.1,11.1,4.7,75.4,22.0,9.5,12.4,31.1,78.4,39.3,6.0,0,0,0,0
19025,Calhoun County,IA,0.092,0.036,0.3398,0.1696,0.2593,3.1,1.2,3.7,0.2,19.4,2.7,6.1,2.2,3.3,14.9,14.2,7.3,74.9,21.1,9.6,12.4,30.6,75.2,40.3,6.0,0,0,0,0
19027,Carroll County,IA,0.0815,0.0344,0.2736,0.1409,0.2819,6.5,1.0,3.2,0.1,16.7,1.9,5.3,3.0,7.9,19.5,11.9,6.8,75.6,21.2,9.3,12.1,30.3,79.6,40.0,5.0,0,0,0,0
19029,Cass County,IA,0.2144,0.2609,0.3738,0.0881,0.2704,6.3,0.7,4.2,0.2,23.8,1.4,8.8,3.1,5.1,25.0,14.9,5.8,75.4,22.8,10.5,14.4,30.9,78.9,41.0,6.0,0,0,0,0
19031,Cedar County,IA,0.0089,0.0146,0.0694,0.0675,0.0496,3.3,0.5,3.4,0.3,13.5,3.0,4.4,2.4,2.4,16.8,11.4,5.4,75.1,22.1,9.2,11.2,29.5,80.5,40.5,6.0,0,0,0,0
19033,Cerro Gordo County,IA,0.1343,0.0738,0.14,0.314,0.4531,5.8,1.5,4.1,0.3,18.7,3.0,6.3,5.4,8.1,18.9,13.9,10.8,74.5,22.9,9.5,12.4,29.9,77.7,40.5,5.0,0,0,0,0
19035,Cherokee County,IA,0.1546,0.1002,0.2103,0.265,0.4318,7.6,1.4,5.4,0.0,21.9,3.2,6.8,4.6,6.3,14.7,11.2,9.4,75.0,22.1,10.2,14.2,31.9,75.8,41.0,6.0,0,0,0,0
19037,Chickasaw County,IA,0.0433,0.0582,0.3961,0.0544,0.0436,3.3,0.8,7.4,0.5,13.8,2.1,6.4,3.0,2.2,16.1,14.9,5.1,73.4,20.6,9.5,12.3,29.2,79.7,39.6,6.0,0,0,0,0
19039,Clarke County,IA,0.8107,0.6262,0.9141,0.552,0.8371,9.7,0.0,6.4,2.0,28.3,3.9,15.5,16.5,5.0,24.8,15.9,21.7,74.0,21.6,11.6,18.8,31.2,74.4,43.2,6.0,0,0,0,1
19041,Clay County,IA,0.1826,0.14,0.7407,0.1985,0.1199,4.0,0.6,4.6,0.3,19.1,4.1,4.5,4.2,7.5,21.1,15.4,7.8,74.7,21.3,9.5,12.1,29.2,77.0,35.5,5.0,0,0,0,0
19043,Clayton County,IA,0.2752,0.2883,0.6048,0.0407,0.2981,7.5,0.4,7.1,0.8,22.1,2.6,9.3,2.2,3.8,21.6,15.3,4.7,75.2,21.4,10.1,14.7,30.6,74.5,41.2,6.0,0,0,0,0
19045,Clinton County,IA,0.3446,0.2949,0.6281,0.2914,0.3446,6.6,3.0,4.9,0.7,21.8,4.4,8.0,3.4,9.4,22.6,14.0,10.1,74.7,21.7,10.0,13.8,31.0,77.9,39.3,5.0,0,0,0,0
19047,Crawford County,IA,0.7563,0.5231,0.979,0.7448,0.5186,4.7,2.4,8.9,7.7,27.0,4.1,17.5,29.6,3.0,17.0,15.3,36.8,75.2,19.5,12.2,19.8,30.8,78.9,43.1,6.0,0,0,0,1
19049,Dallas County,IA,0.0515,0.0121,0.2186,0.4814,0.1394,3.0,2.3,4.4,1.9,10.0,3.0,3.7,6.4,18.1,16.6,7.5,17.4,75.5,19.2,8.5,8.3,30.8,79.1,32.4,3.0,0,0,0,0
19051,Davis County,IA,0.4585,0.4508,0.5329,0.0337,0.6437,16.6,0.0,28.9,1.4,16.1,2.0,20.8,1.7,1.1,17.6,10.6,4.5,74.2,22.7,9.7,14.1,30.7,77.1,37.8,6.0,0,0,0,0
19053,Decatur County,IA,0.524,0.5234,0.1705,0.2364,0.8705,8.3,1.2,7.7,0.4,25.5,4.2,10.9,3.3,5.4,23.0,14.9,8.7,74.1,22.4,10.6,15.1,31.1,73.4,41.7,6.0,0,0,0,0
19055,Delaware County,IA,0.0248,0.0309,0.0805,0.0379,0.1406,5.2,0.0,4.2,0.1,13.5,2.2,7.9,1.6,3.0,16.1,12.3,4.6,74.6,21.3,9.5,12.7,30.4,80.3,39.8,6.0,0,0,0,0
19057,Des Moines County,IA,0.4174,0.2192,0.7967,0.4273,0.4655,8.6,5.2,3.5,0.3,22.3,2.9,7.1,3.8,6.7,25.0,16.7,14.9,76.8,22.5,9.8,14.0,29.0,74.3,34.8,5.0,0,0,0,0
19059,Dickinson County,IA,0.055,0.0296,0.3395,0.1152,0.1505,3.9,0.1,4.4,0.8,13.2,2.1,3.5,2.6,6.8,20.0,14.9,6.3,74.7,20.6,8.5,9.9,29.2,77.2,37.6,5.0,0,0,0,0
19061,Dubuque County,IA,0.2281,0.1422,0.2148,0.3058,0.5762,5.8,3.0,3.4,0.8,17.7,4.1,6.0,2.8,9.5,22.2,11.0,10.5,75.9,20.3,8.8,11.6,28.4,78.3,34.9,4.0,0,0,0,0
19063,Emmet County,IA,0.2494,0.1887,0.6338,0.4699,0.1791,3.8,3.5,5.5,2.2,20.4,2.1,12.7,9.9,2.4,18.0,18.8,16.9,74.7,21.0,10.0,14.2,30.4,79.7,43.2,6.0,0,0,0,0
19065,Fayette County,IA,0.2179,0.3583,0.2851,0.2294,0.1629,4.7,0.8,5.4,0.2,23.8,3.7,7.1,2.9,2.1,26.6,16.3,8.5,75.9,21.5,10.1,14.2,31.0,74.0,39.0,6.0,0,0,0,0
19067,Floyd County,IA,0.1196,0.0802,0.2542,0.3086,0.2501,7.2,0.9,4.7,0.1,18.2,3.3,6.8,4.1,4.2,17.8,15.2,10.6,74.4,21.9,9.8,13.2,30.4,76.6,40.0,6.0,0,0,0,0
19069,Franklin County,IA,0.2132,0.2797,0.6487,0.4613,0.0414,3.9,0.5,10.4,2.3,23.8,3.8,7.6,13.6,2.7,15.3,9.3,16.5,74.4,21.7,10.9,16.0,30.4,76.9,40.9,6.0,0,0,0,0
19071,Fremont County,IA,0.0146,0.0337,0.1896,0.1508,0.0124,2.6,0.5,3.8,0.3,18.6,1.7,5.1,3.1,0.3,18.3,14.4,7.0,75.1,21.9,9.3,11.7,30.2,77.3,40.0,6.0,0,0,0,0
19073,Greene County,IA,0.1664,0.104,0.6214,0.1572,0.2125,4.7,0.2,3.2,0.7,21.2,3.6,6.8,3.2,3.3,18.4,17.3,7.1,74.8,22.2,9.8,12.8,29.8,72.3,36.0,6.0,0,0,0,0
19075,Grundy County,IA,0.0029,0.0029,0.0948,0.0379,0.0216,2.7,0.8,3.0,0.3,11.0,2.5,4.1,1.8,2.2,14.6,9.4,4.6,75.3,21.0,8.6,9.7,30.1,82.0,37.5,4.0,0,0,0,0
19077,Guthrie County,IA,0.0178,0.0484,0.1203,0.1094,0.0353,3.3,0.5,3.2,0.2,15.8,3.3,5.7,2.9,1.2,19.1,11.4,6.2,73.7,21.0,9.1,11.2,30.7,77.1,37.2,3.0,0,0,0,0
19079,Hamilton County,IA,0.1289,0.0862,0.4146,0.3675,0.1712,5.5,1.4,4.2,1.4,15.5,4.0,7.4,6.7,7.4,18.0,13.9,12.5,76.0,20.9,9.5,12.0,29.2,76.4,36.6,6.0,0,0,0,0
19081,Hancock County,IA,0.0713,0.0401,0.3392,0.2294,0.1467,4.1,0.8,3.9,0.3,15.4,2.1,8.7,5.2,3.2,16.1,14.8,8.5,75.4,21.9,9.6,12.6,30.7,77.1,42.5,6.0,0,0,0,0
19083,Hardin County,IA,0.1514,0.119,0.2825,0.2399,0.3061,5.2,0.5,4.4,1.3,19.7,3.5,6.6,4.6,3.0,19.6,13.7,8.8,75.0,21.6,9.9,13.1,29.8,77.2,39.2,6.0,0,0,0,0
19085,Harrison County,IA,0.0388,0.049,0.0643,0.0474,0.2024,4.3,0.2,4.8,0.1,15.9,2.7,6.9,2.1,2.5,17.2,12.1,4.9,75.7,21.6,9.7,12.0,31.2,79.5,35.0,3.0,0,0,0,0
19087,Henry County,IA,0.2001,0.1174,0.4967,0.3847,0.273,4.4,2.5,3.4,1.3,19.3,2.7,8.9,5.3,3.4,19.6,14.1,13.3,74.5,21.2,10.2,12.9,30.6,76.6,39.1,6.0,0,0,0,0
19089,Howard County,IA,0.0846,0.1282,0.2024,0.0474,0.1645,6.7,0.2,9.8,0.5,16.9,1.5,8.0,1.8,1.8,15.5,10.4,4.9,74.4,21.8,9.7,12.9,30.3,75.6,38.2,6.0,0,0,0,0
19091,Humboldt County,IA,0.1941,0.0815,0.8285,0.2265,0.1868,5.3,0.4,5.1,1.8,23.1,2.5,5.8,5.0,3.4,16.0,15.0,8.4,74.8,21.7,10.2,13.9,30.4,78.1,41.6,6.0,0,0,0,0
19093,Ida County,IA,0.0445,0.0496,0.1995,0.1457,0.0999,4.3,0.8,5.0,0.0,19.7,2.0,7.0,3.6,4.1,12.7,12.2,6.9,74.0,21.7,9.6,13.0,30.4,75.3,41.4,6.0,0,0,0,0
19095,Iowa County,IA,0.0484,0.0261,0.3245,0.1457,0.1228,2.9,0.4,2.9,0.4,14.5,3.2,6.3,3.7,3.7,16.4,13.5,6.9,75.8,21.5,9.1,11.2,30.9,76.7,43.1,6.0,0,0,0,0
19097,Jackson County,IA,0.078,0.1225,0.0999,0.0627,0.2265,5.9,0.6,4.8,0.1,19.6,4.2,6.0,1.7,2.7,18.4,12.1,5.3,74.7,22.2,9.6,12.5,30.5,74.4,40.2,6.0,0,0,0,0
19099,Jasper County,IA,0.2078,0.1693,0.4423,0.1985,0.3134,4.1,1.8,3.4,0.7,17.2,4.8,5.8,2.8,5.2,22.3,13.2,7.8,75.6,21.5,9.7,12.4,30.4,76.1,38.3,3.0,0,0,0,0
19101,Jefferson County,IA,0.6774,0.5339,0.5463,0.4683,0.9001,8.3,4.8,6.8,1.7,25.7,5.2,6.7,3.6,3.7,27.5,14.2,16.8,75.7,20.3,10.1,13.0,30.6,78.4,39.7,6.0,0,0,0,0
19103,Johnson County,IA,0.3863,0.3408,0.0213,0.5829,0.8855,7.6,7.3,5.2,2.3,24.7,3.8,4.0,5.9,22.6,30.0,9.0,23.5,77.5,20.4,9.7,11.2,29.4,81.6,32.8,4.0,0,0,0,0
19105,Jones County,IA,0.1082,0.0471,0.342,0.1985,0.2873,4.2,2.3,2.9,0.3,18.0,3.1,5.7,2.3,3.8,18.4,13.1,7.8,75.8,21.0,9.4,12.4,30.1,77.0,39.6,3.0,0,0,0,0
19107,Keokuk County,IA,0.0633,0.1623,0.5542,0.0264,0.0095,2.2,0.6,2.8,0.2,22.6,3.6,6.5,2.2,0.2,21.2,17.4,4.3,74.3,22.7,10.4,14.0,30.2,75.0,41.5,6.0,0,0,0,0
19109,Kossuth County,IA,0.203,0.085,0.7168,0.1696,0.3099,7.5,0.8,4.3,1.9,20.0,3.8,6.3,3.8,6.2,16.1,16.3,7.3,75.3,21.8,9.7,12.5,29.7,77.5,38.9,6.0,0,0,0,0
19111,Lee County,IA,0.2631,0.2504,0.4114,0.2781,0.336,5.1,2.9,4.2,0.1,22.7,4.6,5.9,3.7,6.7,22.5,16.2,9.7,74.6,21.6,10.0,13.8,30.8,77.9,37.5,5.0,0,0,0,0
19113,Linn County,IA,0.1944,0.1009,0.2984,0.4588,0.3999,5.1,5.7,3.8,1.0,16.5,3.8,5.0,3.6,13.5,21.4,10.7,16.3,76.3,23.8,9.7,12.1,29.7,78.5,35.6,3.0,0,0,0,0
19115,Louisa County,IA,0.2676,0.2106,0.5393,0.5679,0.2113,4.5,0.5,5.1,5.8,17.4,4.4,13.9,16.3,0.4,14.7,14.2,22.6,75.1,20.7,10.1,14.5,30.5,80.9,40.0,6.0,0,0,0,0
19117,Lucas County,IA,0.3458,0.3239,0.7302,0.0544,0.3328,7.7,0.3,8.4,1.0,27.0,3.9,7.6,2.5,7.5,18.1,17.4,5.1,74.9,22.6,10.6,14.9,30.6,80.8,39.8,6.0,0,0,0,0
19119,Lyon County,IA,0.0286,0.0105,0.2965,0.0675,0.0881,3.9,0.2,4.8,0.6,11.1,2.4,5.3,3.0,4.1,15.0,12.6,5.4,76.6,22.2,9.8,11.0,31.9,78.8,42.6,6.0,0,0,0,0
19121,Madison County,IA,0.0035,0.006,0.0869,0.0821,0.0194,4.2,0.8,3.5,0.3,9.5,2.3,3.0,2.4,1.5,18.1,9.3,5.7,75.1,21.3,8.5,9.8,30.5,81.8,36.6,3.0,0,0,0,0
19123,Mahaska County,IA,0.1575,0.099,0.5161,0.182,0.2488,4.7,1.7,4.5,0.5,21.1,3.3,6.8,2.4,2.9,17.6,13.6,7.5,74.3,22.1,9.7,13.0,30.5,75.3,39.0,5.0,0,0,0,0
19125,Marion County,IA,0.099,0.0248,0.2784,0.1094,0.4375,3.7,0.6,3.4,0.4,12.9,2.3,5.9,2.2,5.8,18.7,13.5,6.2,75.5,22.1,8.7,10.0,29.7,76.7,40.0,5.0,0,0,0,0
19127,Marshall County,IA,0.6799,0.4149,0.6841,0.7003,0.8645,7.1,1.7,5.3,7.7,19.4,5.6,14.8,24.3,6.5,19.5,11.5,32.7,76.6,20.0,10.8,15.7,31.0,74.5,44.4,5.0,0,0,0,0
19129,Mills County,IA,0.0811,0.07,0.3054,0.1276,0.1709,5.5,0.3,3.1,0.4,15.9,4.4,4.9,3.7,1.0,18.8,13.6,6.6,75.2,21.0,8.8,9.8,31.2,79.6,38.8,3.0,0,0,0,0
19131,Mitchell County,IA,0.085,0.1028,0.3433,0.0169,0.1362,5.1,0.6,7.3,0.5,17.0,0.9,7.7,1.8,3.3,18.2,11.4,3.9,75.0,21.0,9.3,11.8,30.1,78.2,40.4,6.0,0,0,0,0
19133,Monona County,IA,0.0951,0.0999,0.4066,0.0983,0.1234,2.5,0.3,4.1,0.3,20.8,2.6,7.0,2.2,4.6,19.4,15.0,6.0,75.4,22.4,9.9,13.6,29.5,75.3,42.7,6.0,0,0,0,0
19135,Monroe County,IA,0.1203,0.0932,0.1018,0.0675,0.5002,6.1,0.1,3.7,0.0,16.9,3.4,7.0,0.3,1.7,20.1,14.5,5.4,75.1,21.8,9.1,11.6,30.7,79.4,38.1,6.0,0,0,0,0
19137,Montgomery County,IA,0.1432,0.1744,0.5406,0.2062,0.0869,4.5,0.4,2.4,0.2,23.6,4.5,8.4,1.0,2.8,16.5,16.0,7.9,75.0,22.0,9.9,13.6,29.9,75.5,39.7,6.0,0,0,0,0
19139,Muscatine County,IA,0.4792,0.2173,0.8212,0.6077,0.5329,5.2,2.7,3.8,2.6,19.7,3.5,9.9,18.6,6.0,21.8,13.0,24.9,74.3,20.1,10.3,15.0,29.6,78.3,41.4,5.0,0,0,0,0
19141,O'Brien County,IA,0.3681,0.1234,0.6026,0.2733,0.784,7.9,1.4,3.2,0.9,22.3,2.4,9.3,5.8,6.3,18.1,15.4,9.6,74.5,22.2,10.0,14.2,30.2,78.9,39.3,6.0,0,0,0,0
19143,Osceola County,IA,0.251,0.2593,0.776,0.3939,0.0665,3.0,0.9,5.9,2.8,18.4,4.5,13.8,8.8,4.6,15.5,11.2,13.6,73.9,21.7,10.6,16.0,30.7,80.2,40.1,6.0,0,0,0,0
19145,Page County,IA,0.3878,0.3904,0.4327,0.265,0.4623,6.3,1.5,5.3,0.5,23.1,6.6,7.1,3.7,6.0,21.2,15.7,9.4,74.9,21.4,10.6,15.1,30.4,76.4,42.8,6.0,0,0,0,0
19147,Palo Alto County,IA,0.1422,0.0745,0.371,0.2536,0.3188,3.8,2.0,4.2,0.5,18.0,3.6,7.0,3.6,4.8,16.7,14.3,9.1,75.1,21.5,9.4,12.0,30.0,78.3,40.6,6.0,0,0,0,0
19149,Plymouth County,IA,0.0624,0.015,0.4664,0.3016,0.1158,3.9,1.8,5.4,1.8,11.6,2.1,5.7,5.8,4.9,14.2,12.1,10.4,74.8,20.0,9.0,11.1,29.4,79.8,39.4,5.0,0,0,0,0
19151,Pocahontas County,IA,0.1476,0.2631,0.4836,0.2323,0.0417,4.0,0.2,6.0,1.2,18.8,6.3,8.5,4.5,1.2,16.1,14.8,8.6,75.1,21.4,9.8,13.6,30.4,80.7,36.7,6.0,0,0,0,0
19153,Polk County,IA,0.4477,0.2431,0.5947,0.5994,0.595,5.7,7.1,4.8,2.8,17.4,4.5,7.3,8.9,19.5,23.6,11.1,24.5,74.8,21.7,9.6,12.7,31.6,77.5,36.9,3.0,0,0,0,0
19155,Pottawattamie County,IA,0.4944,0.2864,0.7448,0.4085,0.6312,6.4,1.4,5.2,1.4,20.3,3.6,9.4,8.5,10.0,23.2,15.2,14.1,74.8,22.8,9.7,14.8,31.1,74.0,39.2,3.0,0,0,0,0
19157,Poweshiek County,IA,0.2348,0.2132,0.0665,0.2364,0.6946,8.6,1.1,3.5,0.6,19.0,4.6,5.1,3.4,6.4,24.5,12.6,8.7,74.6,22.8,9.5,12.8,30.4,75.9,42.2,6.0,0,0,0,0
19159,Ringgold County,IA,0.2176,0.1018,0.7556,0.0821,0.3261,5.6,0.1,7.0,0.2,19.3,1.7,6.0,2.9,1.6,18.7,15.1,5.7,75.4,22.3,9.1,11.6,30.0,77.0,43.0,6.0,0,0,0,0
19161,Sac County,IA,0.0614,0.0605,0.1941,0.1152,0.1814,4.2,0.3,5.2,0.2,17.3,3.2,6.3,3.9,1.3,16.1,11.0,6.3,74.7,21.5,9.2,12.0,30.0,74.5,41.6,6.0,0,0,0,0
19163,Scott County,IA,0.3252,0.1896,0.482,0.5581,0.4534,6.5,6.9,5.6,1.1,18.7,4.0,6.0,7.3,12.5,21.9,11.8,22.0,76.9,21.2,9.4,13.3,30.1,83.3,40.6,3.0,0,0,0,0
19165,Shelby County,IA,0.029,0.0783,0.1193,0.1654,0.036,2.7,0.9,4.4,0.4,17.0,2.5,5.8,3.3,3.3,21.0,10.1,7.2,75.1,21.6,9.3,11.9,30.5,74.7,38.1,6.0,0,0,0,0
19167,Sioux County,IA,0.1311,0.0509,0.2625,0.4057,0.3458,3.8,0.5,5.0,2.4,11.7,2.3,8.4,11.4,4.5,17.4,9.5,14.0,75.5,20.8,8.9,11.3,31.3,80.1,34.5,6.0,0,0,0,0
19169,Story County,IA,0.2364,0.4521,0.001,0.4839,0.6974,6.6,2.4,5.1,0.6,25.3,5.6,2.9,3.8,25.6,28.6,8.8,17.5,76.4,20.9,9.8,11.4,32.7,79.3,35.0,4.0,0,0,0,0
19171,Tama County,IA,0.4384,0.35,0.7292,0.5476,0.293,3.1,1.0,7.3,2.8,23.6,4.5,9.0,11.5,2.3,19.2,9.8,21.4,74.4,21.4,10.7,16.2,30.2,76.2,40.4,6.0,0,0,0,0
19173,Taylor County,IA,0.1292,0.1187,0.567,0.3503,0.0741,4.2,0.1,6.7,3.2,16.7,3.2,9.0,8.9,1.6,14.7,12.8,11.9,74.7,22.1,10.0,13.5,31.3,78.1,40.0,6.0,0,0,0,0
19175,Union County,IA,0.3767,0.3233,0.5991,0.1339,0.4887,6.3,0.4,6.6,0.3,19.4,5.7,7.2,3.2,5.6,20.5,15.4,6.7,75.6,21.8,9.8,13.1,30.9,76.8,37.6,6.0,0,0,0,0
19177,Van Buren County,IA,0.3608,0.5724,0.4292,0.0229,0.2424,7.6,0.4,14.4,0.2,24.3,4.9,11.6,1.6,0.5,17.8,17.8,4.2,74.2,22.9,10.5,15.1,30.2,72.0,39.5,6.0,0,0,0,0
19179,Wapello County,IA,0.7852,0.6478,0.922,0.5383,0.728,7.4,3.0,6.8,3.1,28.0,4.4,12.1,11.5,6.3,26.7,15.5,20.6,75.1,21.1,11.5,17.0,32.0,71.9,41.9,5.0,0,0,0,1
19181,Warren County,IA,0.0741,0.0137,0.2389,0.1654,0.3761,2.4,0.7,2.4,0.4,10.5,3.2,3.5,3.2,7.9,18.0,10.5,7.2,75.2,21.1,8.4,9.1,30.9,79.7,38.7,3.0,0,0,0,0
19183,Washington County,IA,0.1397,0.0948,0.6548,0.3016,0.1034,4.6,0.4,6.7,1.7,16.2,2.6,7.7,7.0,3.1,17.5,12.8,10.4,75.1,21.9,9.6,12.2,30.6,78.7,38.8,4.0,0,0,0,0
19185,Wayne County,IA,0.4168,0.3105,0.8626,0.0881,0.405,7.5,0.3,11.4,0.7,19.1,1.6,10.6,1.8,0.2,20.0,14.0,5.8,74.7,22.5,10.0,13.9,30.7,74.5,41.2,6.0,0,0,0,0
19187,Webster County,IA,0.3439,0.2039,0.2844,0.4273,0.6977,6.8,3.4,6.1,1.1,20.3,3.2,8.2,5.9,7.2,20.4,14.2,14.9,75.8,21.3,10.1,14.1,30.0,76.7,42.2,5.0,0,0,0,0
19189,Winnebago County,IA,0.1403,0.0286,0.6258,0.2914,0.2832,4.6,0.6,3.4,1.0,16.1,2.5,5.5,5.4,4.4,18.1,11.7,10.1,75.4,21.5,9.3,11.8,30.3,78.4,39.3,6.0,0,0,0,0
19191,Winneshiek County,IA,0.0522,0.0337,0.0821,0.0735,0.3423,4.4,0.8,2.5,0.4,14.1,2.1,4.8,2.4,4.2,20.9,11.6,5.5,75.8,20.6,8.5,9.6,29.3,77.6,36.1,6.0,0,0,0,0
19193,Woodbury County,IA,0.7197,0.4804,0.8766,0.6752,0.7276,6.2,4.2,6.5,5.1,22.3,4.5,12.4,18.1,10.4,22.7,13.4,30.7,75.7,20.3,11.0,15.8,30.2,76.2,39.5,4.0,0,0,0,0
19195,Worth County,IA,0.0232,0.0585,0.0802,0.1037,0.0675,4.8,1.0,5.9,0.0,16.6,3.3,5.7,3.2,1.4,14.9,14.8,6.1,75.4,21.6,9.4,11.6,30.9,78.4,40.4,5.0,0,0,0,0
19197,Wright County,IA,0.3971,0.1464,0.9742,0.4814,0.2351,8.0,0.2,4.5,3.8,27.7,2.2,7.3,13.7,4.4,17.8,12.7,17.4,75.1,20.9,10.9,16.1,31.1,77.3,41.3,6.0,0,0,0,0
20001,Allen County,KS,0.5854,0.5702,0.6433,0.3217,0.6115,7.6,1.7,9.2,0.2,24.2,7.3,7.4,4.1,1.9,21.3,17.4,11.0,74.8,23.9,10.1,14.3,31.1,68.5,38.0,6.0,0,0,0,0
20003,Anderson County,KS,0.4085,0.5854,0.7595,0.1928,0.105,6.2,1.0,13.7,0.0,23.9,3.3,13.5,2.6,0.3,21.4,16.9,7.7,73.1,22.9,10.2,15.2,32.1,71.0,40.3,6.0,0,0,0,0
20005,Atchison County,KS,0.4728,0.3859,0.3535,0.3824,0.7181,7.0,3.7,8.2,0.8,23.7,4.5,6.2,3.3,6.5,22.4,14.2,13.2,73.6,22.3,10.0,13.8,31.0,68.9,38.8,5.0,0,0,0,0
20007,Barber County,KS,0.5107,0.42,0.7531,0.3847,0.476,6.0,0.2,10.1,0.8,27.5,2.4,8.5,7.6,2.4,21.6,19.7,13.3,73.5,22.6,10.0,13.8,31.7,71.9,38.6,6.0,0,0,0,0
20009,Barton County,KS,0.7006,0.5562,0.9847,0.5269,0.3716,5.8,1.0,11.1,1.9,25.6,4.1,10.4,15.9,3.8,21.5,17.3,19.9,74.8,21.5,10.8,16.5,32.4,68.0,39.2,5.0,0,0,0,0
20011,Bourbon County,KS,0.5126,0.4057,0.707,0.328,0.5647,3.7,2.8,8.9,0.2,26.2,3.8,10.3,3.1,3.8,18.7,17.8,11.2,75.2,22.8,10.4,14.8,32.6,69.1,37.3,6.0,0,0,0,0
20013,Brown County,KS,0.1893,0.3188,0.3258,0.5183,0.0544,4.7,0.9,10.2,0.1,22.9,4.4,6.5,5.7,3.3,18.7,15.3,19.3,74.9,22.6,10.3,14.9,31.3,71.1,39.6,6.0,0,0,0,0
20015,Butler County,KS,0.1295,0.0818,0.2173,0.3917,0.2927,3.6,2.3,6.8,0.3,14.8,3.1,5.8,5.5,2.5,18.4,14.1,13.5,75.2,21.8,9.3,11.9,32.1,71.1,38.8,3.0,0,0,0,0
20017,Chase County,KS,0.2358,0.2246,0.482,0.3503,0.216,4.6,0.5,10.3,0.4,27.8,1.2,6.7,6.7,0.1,15.6,13.2,11.9,74.5,21.7,10.8,15.4,31.7,74.1,38.8,5.0,0,0,0,0
20019,Chautauqua County,KS,0.5781,0.6557,0.5186,0.4613,0.4881,3.4,0.9,13.4,0.0,31.1,5.6,11.2,4.5,1.3,16.1,22.1,16.5,73.4,23.2,11.3,18.0,31.5,69.1,40.9,6.0,0,0,0,0
20021,Cherokee County,KS,0.4718,0.4598,0.5816,0.4018,0.4346,7.4,0.9,10.3,0.1,26.9,2.3,10.1,3.2,1.6,21.6,20.9,13.9,74.7,23.8,10.6,16.4,32.0,70.8,43.7,4.0,0,0,0,0
20023,Cheyenne County,KS,0.2953,0.4858,0.8056,0.3058,0.0213,2.7,0.0,14.4,2.5,25.1,1.8,10.8,7.5,0.3,20.9,16.0,10.5,73.8,22.9,11.1,16.7,31.6,70.8,38.5,6.0,0,0,0,0
20025,Clark County,KS,0.2354,0.0528,0.9424,0.4445,0.1604,4.1,0.0,6.4,3.0,19.4,1.0,5.8,7.2,0.9,14.4,17.6,15.7,74.3,21.1,9.5,12.7,31.1,71.4,37.2,6.0,0,0,0,0
20027,Clay County,KS,0.4636,0.1814,0.8743,0.1985,0.7086,7.4,1.9,5.5,0.2,18.8,1.4,5.8,3.2,5.9,26.5,18.7,7.8,73.8,23.3,9.7,13.2,30.8,72.5,39.8,6.0,0,0,0,0
20029,Cloud County,KS,0.3427,0.4454,0.3611,0.2692,0.3137,6.3,0.7,11.5,0.6,25.4,4.7,4.1,3.9,2.9,21.3,13.2,9.5,73.9,23.1,10.0,13.2,30.9,72.6,42.1,6.0,0,0,0,0
20031,Coffey County,KS,0.2743,0.2599,0.7477,0.1985,0.1798,4.9,0.5,9.0,0.3,20.9,5.3,6.3,3.5,1.8,15.0,17.3,7.8,74.6,22.4,9.7,12.7,30.9,67.4,36.9,6.0,0,0,0,0
20033,Comanche County,KS,0.2577,0.125,0.8594,0.0264,0.3344,3.9,0.0,8.8,0.1,15.7,3.8,3.5,2.6,1.3,17.9,18.4,4.3,74.7,22.8,9.7,12.8,31.9,76.4,39.8,6.0,0,0,0,0
20035,Cowley County,KS,0.7871,0.5441,0.9411,0.5616,0.8164,6.2,2.1,9.3,1.2,23.8,5.3,8.3,11.6,4.6,22.7,18.8,22.2,73.9,22.4,10.9,15.4,33.5,65.5,41.5,5.0,0,0,0,1
20037,Crawford County,KS,0.7213,0.6023,0.4108,0.42,0.965,8.8,1.8,11.0,0.4,30.9,3.9,5.7,6.4,7.3,28.0,16.0,14.6,75.0,22.8,10.8,15.8,33.3,69.9,38.8,5.0,0,0,0,0
20039,Decatur County,KS,0.0681,0.1747,0.3913,0.1985,0.0115,2.9,1.0,7.5,0.2,19.3,4.9,6.4,3.6,0.4,12.5,18.0,7.8,73.0,21.7,9.4,11.6,31.3,70.1,37.3,6.0,0,0,0,0
20041,Dickinson County,KS,0.1884,0.168,0.4569,0.3166,0.1969,5.9,1.2,10.5,0.6,15.0,3.0,6.4,5.3,5.6,19.4,16.3,10.9,74.3,22.0,9.3,12.1,31.3,75.4,39.4,6.0,0,0,0,0
20043,Doniphan County,KS,0.1861,0.238,0.0185,0.3166,0.5921,4.8,4.7,7.5,0.2,19.1,1.6,8.8,3.0,1.9,22.3,12.2,10.9,74.6,22.4,9.4,12.1,30.9,68.5,38.0,4.0,0,0,0,0
20045,Douglas County,KS,0.3602,0.4738,0.007,0.574,0.7964,6.5,3.9,7.4,0.8,23.5,4.8,4.0,6.7,18.4,30.9,11.5,22.9,77.4,24.0,9.2,11.4,31.4,75.3,33.1,4.0,0,0,0,0
20047,Edwards County,KS,0.4639,0.3726,0.9615,0.6179,0.0923,4.8,0.4,9.8,4.2,23.1,3.9,12.4,21.4,1.8,14.9,15.8,25.7,73.7,21.1,11.1,17.3,31.2,68.7,40.2,6.0,0,0,0,0
20049,Elk County,KS,0.336,0.4922,0.7041,0.3446,0.0624,5.2,0.1,9.5,0.3,29.7,3.8,13.1,4.7,0.0,17.2,24.1,11.7,74.0,23.4,11.0,16.4,32.0,69.3,40.5,6.0,0,0,0,0
20051,Ellis County,KS,0.2393,0.3557,0.0331,0.3446,0.4951,3.8,0.8,6.3,0.3,24.4,3.3,4.7,6.4,5.3,30.1,12.7,11.7,75.9,20.7,9.7,12.4,31.1,75.9,38.9,5.0,0,0,0,0
20053,Ellsworth County,KS,0.1731,0.1721,0.0563,0.4356,0.4572,4.0,3.2,5.3,0.0,20.6,3.5,7.7,6.1,2.3,19.7,17.0,15.3,73.8,19.5,9.6,12.1,30.2,70.8,39.9,6.0,0,0,0,0
20055,Finney County,KS,0.8966,0.8346,0.7366,0.9224,0.895,6.3,4.2,13.6,11.4,22.5,5.4,27.9,51.1,5.4,23.4,13.0,60.7,72.7,18.1,12.9,21.7,31.3,69.5,37.7,5.0,0,0,0,1
20057,Ford County,KS,0.7359,0.5492,0.7283,0.9294,0.7187,4.8,1.8,12.5,12.9,23.1,3.2,22.8,56.5,4.3,18.2,11.1,61.9,72.1,17.9,12.9,23.4,31.1,69.9,39.6,5.0,0,0,0,0
20059,Franklin County,KS,0.224,0.2472,0.3347,0.3058,0.2558,4.0,0.6,6.9,0.4,17.9,2.6,8.0,4.6,3.5,24.1,16.5,10.5,73.9,22.1,9.6,12.5,31.2,74.5,40.3,5.0,0,0,0,0
20061,Geary County,KS,0.7353,0.5832,0.8556,0.8279,0.5797,4.1,15.8,7.7,2.3,28.9,4.5,6.3,16.8,10.5,32.0,13.4,44.7,76.3,20.7,12.2,18.9,31.4,70.2,36.1,4.0,0,0,0,0
20063,Gove County,KS,0.0372,0.1441,0.3516,0.0821,0.0045,1.4,0.3,11.0,0.0,15.7,3.3,6.2,2.3,0.3,16.2,15.0,5.7,72.7,21.5,9.2,11.4,31.5,72.7,37.7,6.0,0,0,0,0
20065,Graham County,KS,0.2765,0.49,0.6147,0.3697,0.0344,4.2,4.2,7.6,0.1,28.3,6.1,6.2,4.1,1.0,20.7,15.3,12.6,74.4,21.8,10.2,13.7,31.9,66.5,37.3,6.0,0,0,0,0
20067,Grant County,KS,0.3363,0.3646,0.2208,0.8804,0.2332,1.8,0.1,14.5,7.7,10.2,3.6,20.8,49.5,0.0,11.8,6.5,52.1,72.5,17.6,10.6,15.7,30.6,71.4,35.7,6.0,0,0,0,0
20069,Gray County,KS,0.2816,0.2685,0.35,0.5371,0.2825,1.5,0.0,11.0,4.3,11.6,2.1,24.7,17.1,1.7,11.5,7.9,20.4,72.6,21.7,9.8,15.0,32.2,74.6,39.9,6.0,0,0,0,0
20071,Greeley County,KS,0.2689,0.1241,0.8969,0.5727,0.1254,4.9,0.2,9.6,3.1,12.4,0.1,11.1,20.6,0.9,10.5,11.5,22.8,74.5,20.7,9.3,12.0,30.8,72.4,36.9,6.0,0,0,0,0
20073,Greenwood County,KS,0.2978,0.3229,0.7919,0.2536,0.1209,6.9,0.5,9.9,0.1,25.1,2.6,8.4,4.3,0.0,19.4,19.4,9.1,73.0,23.1,10.2,14.6,32.0,71.0,40.7,6.0,0,0,0,0
20075,Hamilton County,KS,0.3398,0.3334,0.433,0.7251,0.2062,1.8,0.0,22.7,13.5,16.0,0.0,14.4,34.0,1.6,16.6,10.2,35.1,73.2,18.9,10.6,16.7,31.6,69.9,40.0,6.0,0,0,0,0
20077,Harper County,KS,0.6316,0.5431,0.9905,0.363,0.2307,2.2,0.1,8.8,1.3,32.1,5.3,10.3,7.1,1.0,17.3,19.0,12.3,73.3,23.2,11.4,17.9,33.0,71.8,42.1,6.0,0,0,0,0
20079,Harvey County,KS,0.4193,0.2739,0.6223,0.5119,0.4795,4.3,1.5,8.5,0.8,18.2,4.2,8.2,12.6,4.8,19.9,14.2,19.0,75.3,21.5,10.0,12.9,31.7,69.1,37.2,3.0,0,0,0,0
20081,Haskell County,KS,0.4143,0.5132,0.2574,0.72,0.2625,3.5,0.3,17.4,6.2,20.4,3.5,24.8,31.8,0.5,12.3,8.8,34.7,72.6,20.7,11.5,18.6,32.8,69.6,42.4,6.0,0,0,0,0
20083,Hodgeman County,KS,0.0646,0.0786,0.7404,0.2587,0.007,0.7,0.1,9.5,1.5,12.7,2.1,7.4,6.7,0.8,11.4,17.1,9.2,74.5,20.4,8.8,10.7,31.4,72.0,36.4,6.0,0,0,0,0
20085,Jackson County,KS,0.2472,0.1371,0.8005,0.4741,0.1511,3.7,1.0,8.3,1.9,15.5,2.1,6.2,5.4,2.2,20.8,16.6,17.1,74.1,22.1,9.7,12.9,32.0,74.1,37.7,4.0,0,0,0,0
20087,Jefferson County,KS,0.0197,0.1072,0.0522,0.1928,0.0261,4.5,0.7,5.6,0.1,11.0,3.5,4.3,3.2,0.6,22.6,14.0,7.7,75.3,22.1,8.7,10.4,30.3,71.2,34.4,4.0,0,0,0,0
20089,Jewell County,KS,0.0455,0.1572,0.1677,0.1696,0.021,3.4,1.1,5.7,0.0,28.9,1.5,7.5,1.7,0.9,15.9,16.9,7.3,74.4,23.1,10.7,15.1,32.0,70.3,39.8,6.0,0,0,0,0
20091,Johnson County,KS,0.0605,0.0439,0.1976,0.5542,0.0808,3.3,4.7,5.5,1.5,9.0,3.2,3.5,8.1,12.6,19.4,8.9,21.8,77.8,18.8,8.3,7.7,33.7,76.8,30.9,2.0,0,0,0,0
20093,Kearny County,KS,0.5358,0.5641,0.9198,0.7591,0.0792,2.7,0.7,13.7,5.1,28.4,2.2,19.6,32.6,0.3,16.9,13.2,37.9,72.0,19.6,11.2,17.9,31.4,74.0,37.9,6.0,0,0,0,0
20095,Kingman County,KS,0.1079,0.2631,0.0897,0.2485,0.1018,4.2,0.3,9.5,0.1,16.5,4.7,9.2,4.0,1.0,16.3,16.4,9.0,74.0,22.5,9.6,12.7,31.0,74.9,39.3,6.0,0,0,0,0
20097,Kiowa County,KS,0.2879,0.2749,0.5425,0.3446,0.2498,2.8,0.7,11.6,0.9,13.7,3.6,11.0,5.6,1.9,17.8,16.1,11.7,74.6,22.0,9.3,12.4,31.5,74.5,40.2,6.0,0,0,0,0
20099,Labette County,KS,0.4941,0.3341,0.8317,0.4445,0.4502,5.0,4.1,9.8,0.3,24.0,2.4,9.5,5.1,4.1,19.6,20.7,15.7,73.8,22.2,10.7,16.4,32.0,73.0,41.4,6.0,0,0,0,0
20101,Lane County,KS,0.0716,0.1384,0.4502,0.4613,0.0073,2.8,0.5,15.8,0.8,18.6,0.4,4.2,12.2,2.1,15.3,16.3,16.5,74.5,22.2,9.6,12.9,31.5,67.5,37.0,6.0,0,0,0,0
20103,Leavenworth County,KS,0.2475,0.2068,0.146,0.5581,0.4416,4.8,7.0,6.7,0.3,14.8,4.5,6.6,7.4,4.1,21.5,13.4,22.0,74.7,21.3,9.6,10.9,31.4,74.6,39.5,2.0,0,0,0,0
20105,Lincoln County,KS,0.1021,0.1581,0.3481,0.1508,0.0805,3.8,0.2,7.0,0.0,22.9,1.8,5.4,3.9,3.2,20.1,16.5,7.0,74.4,22.8,10.2,13.7,31.8,71.3,40.5,6.0,0,0,0,0
20107,Linn County,KS,0.2733,0.461,0.3315,0.2265,0.1731,4.1,0.5,10.2,0.0,19.9,4.4,6.5,3.0,1.2,26.2,17.4,8.4,74.1,21.9,9.2,12.3,31.1,73.8,36.9,2.0,0,0,0,0
20109,Logan County,KS,0.28,0.16,0.9787,0.3058,0.062,3.5,0.0,9.0,1.7,22.5,0.3,7.6,6.1,2.2,15.8,19.3,10.5,73.8,22.5,10.0,13.6,31.3,72.9,40.1,6.0,0,0,0,0
20111,Lyon County,KS,0.7222,0.6153,0.3325,0.6656,0.9376,6.5,1.8,10.6,3.3,26.8,2.7,12.2,22.5,11.8,25.2,14.4,30.1,74.4,21.5,11.2,17.0,33.5,71.1,39.9,5.0,0,0,0,0
20113,McPherson County,KS,0.1635,0.1311,0.2469,0.2781,0.3462,3.7,1.8,6.7,0.4,16.2,2.1,7.3,4.8,3.1,20.8,13.3,9.7,74.4,22.2,8.8,10.9,31.2,72.3,38.0,5.0,0,0,0,0
20115,Marion County,KS,0.1355,0.1619,0.3233,0.2234,0.1569,3.3,1.0,6.6,0.3,18.3,3.7,7.9,4.0,1.7,18.2,14.8,8.3,73.3,22.4,9.5,12.4,31.3,73.2,39.7,6.0,0,0,0,0
20117,Marshall County,KS,0.181,0.1397,0.4391,0.1339,0.308,4.0,0.7,5.3,0.6,19.6,2.8,7.8,3.0,2.8,19.9,13.9,6.7,73.7,23.1,9.8,13.8,31.3,73.9,37.5,6.0,0,0,0,0
20119,Meade County,KS,0.2628,0.2119,0.6697,0.6204,0.1174,2.9,0.9,9.5,2.1,17.5,1.2,13.6,21.9,0.5,14.7,9.5,26.0,73.2,21.2,10.3,15.7,31.6,69.5,37.0,6.0,0,0,0,0
20121,Miami County,KS,0.0757,0.0729,0.2927,0.2294,0.1215,2.7,1.1,6.5,0.4,11.4,2.8,4.4,3.6,2.9,20.3,13.0,8.5,73.7,22.0,8.8,10.1,31.2,73.9,34.7,2.0,0,0,0,0
20123,Mitchell County,KS,0.1285,0.1101,0.3815,0.1572,0.2059,5.7,0.2,9.8,0.0,21.7,0.7,4.7,3.4,4.0,13.9,15.2,7.1,73.9,22.4,9.8,12.6,31.3,71.7,39.3,6.0,0,0,0,0
20125,Montgomery County,KS,0.8209,0.6993,0.8785,0.5616,0.825,8.2,4.9,12.4,0.7,29.0,4.7,10.0,7.4,6.1,22.8,21.1,22.2,73.7,22.9,11.1,17.3,32.3,70.9,39.3,6.0,0,0,0,1
20127,Morris County,KS,0.1569,0.1534,0.5364,0.3016,0.1164,3.9,0.2,8.0,0.2,19.0,2.1,7.5,5.6,2.1,18.8,17.9,10.4,74.2,21.8,9.6,12.6,30.7,74.7,36.9,6.0,0,0,0,0
20129,Morton County,KS,0.3077,0.3411,0.8549,0.6567,0.0245,2.6,0.9,9.7,5.3,17.7,3.3,12.2,23.9,0.5,20.0,16.9,29.4,73.5,21.0,11.1,17.8,32.1,72.8,38.4,6.0,0,0,0,0
20131,Nemaha County,KS,0.057,0.0426,0.181,0.0881,0.2106,4.0,0.5,6.0,0.0,15.9,1.7,6.8,2.3,5.4,15.7,13.6,5.8,73.8,22.0,9.0,11.4,31.7,67.7,39.3,6.0,0,0,0,0
20133,Neosho County,KS,0.6911,0.5367,0.8759,0.3503,0.7311,5.7,1.2,11.7,0.1,24.3,4.5,9.0,6.3,3.7,21.4,19.7,11.9,74.3,22.0,10.6,14.9,32.0,73.7,39.9,6.0,0,0,0,0
20135,Ness County,KS,0.0999,0.1126,0.4858,0.4973,0.027,2.4,0.3,8.5,1.7,18.6,0.6,8.6,13.7,1.3,11.3,16.1,18.1,73.7,21.5,9.9,13.9,31.9,69.6,36.1,6.0,0,0,0,0
20137,Norton County,KS,0.223,0.3045,0.3277,0.3917,0.1546,2.1,2.9,12.7,0.8,21.2,1.4,9.2,5.7,2.1,19.2,15.7,13.5,73.7,21.3,10.8,15.0,31.9,73.1,42.9,6.0,0,0,0,0
20139,Osage County,KS,0.1909,0.2784,0.4302,0.182,0.1269,2.3,0.4,8.6,0.0,18.7,3.4,7.9,3.6,1.5,21.7,17.4,7.5,74.5,22.6,9.6,12.8,32.4,73.4,41.5,4.0,0,0,0,0
20141,Osborne County,KS,0.0687,0.0716,0.517,0.1572,0.0515,3.7,0.5,5.9,0.2,23.8,1.7,4.6,2.6,0.0,13.7,14.3,7.1,74.7,22.3,10.0,13.1,31.2,73.4,39.2,6.0,0,0,0,0
20143,Ottawa County,KS,0.042,0.1336,0.1817,0.1409,0.0232,3.5,0.7,5.8,0.2,18.4,3.3,5.2,3.2,1.0,21.0,14.0,6.8,74.1,22.2,9.4,12.1,31.3,74.4,38.3,5.0,0,0,0,0
20145,Pawnee County,KS,0.3019,0.2475,0.1734,0.4658,0.5727,8.7,5.7,11.8,0.3,18.5,1.6,10.3,7.5,3.0,17.5,23.7,16.7,73.4,20.5,10.0,13.6,31.4,73.1,38.0,6.0,0,0,0,0
20147,Phillips County,KS,0.3137,0.3423,0.6484,0.1753,0.2374,2.5,0.8,7.8,0.1,23.7,4.0,8.9,3.5,3.0,19.6,17.8,7.4,73.9,22.5,9.9,13.9,31.8,70.3,40.9,6.0,0,0,0,0
20149,Pottawatomie County,KS,0.0544,0.0191,0.0993,0.3322,0.2889,1.7,1.7,4.9,0.2,13.9,1.9,4.0,5.4,1.3,17.7,11.7,11.3,73.6,20.5,8.5,9.9,30.9,72.4,35.8,4.0,0,0,0,0
20151,Pratt County,KS,0.3341,0.252,0.7754,0.3917,0.2234,3.9,2.2,8.5,0.3,19.4,3.6,8.1,7.5,4.0,19.6,13.2,13.5,74.7,22.0,9.9,13.1,30.3,73.3,37.6,6.0,0,0,0,0
20153,Rawlins County,KS,0.3958,0.1928,0.8772,0.335,0.4123,5.5,0.6,8.1,1.2,29.1,1.0,5.3,7.7,1.0,17.8,22.9,11.4,73.8,22.9,10.4,14.4,31.4,68.6,42.4,6.0,0,0,0,0
20155,Reno County,KS,0.5011,0.4314,0.6153,0.4725,0.5072,4.6,2.0,9.2,0.5,23.1,4.2,8.3,10.0,5.5,21.8,16.1,17.0,75.9,23.2,10.9,15.5,30.7,75.1,44.5,5.0,0,0,0,0
20157,Republic County,KS,0.041,0.0445,0.2918,0.0881,0.0655,4.0,1.2,5.3,0.0,22.8,0.6,4.6,2.4,4.3,12.8,15.5,5.8,74.6,22.6,10.3,14.2,31.1,70.5,41.6,6.0,0,0,0,0
20159,Rice County,KS,0.1823,0.1387,0.5927,0.5148,0.1031,2.4,2.0,7.6,1.3,17.7,3.6,8.0,11.8,2.4,14.0,15.3,19.1,75.0,21.2,10.0,13.0,31.9,69.0,40.6,6.0,0,0,0,0
20161,Riley County,KS,0.567,0.5733,0.0503,0.5978,0.9287,5.4,6.2,6.1,1.1,32.2,5.1,4.2,8.5,18.7,35.9,12.7,24.4,74.9,21.9,10.4,13.8,30.0,74.6,30.9,4.0,0,0,0,0
20163,Rooks County,KS,0.071,0.0277,0.224,0.1037,0.3185,7.0,1.7,5.3,0.0,13.9,1.8,7.4,2.6,2.5,12.5,18.5,6.1,74.6,23.0,9.2,12.2,32.2,75.9,40.6,6.0,0,0,0,0
20165,Rush County,KS,0.0916,0.2844,0.1164,0.3446,0.0296,2.8,0.5,5.8,0.3,22.4,4.4,9.1,5.4,0.2,19.5,14.8,11.7,73.7,22.8,10.0,13.7,30.7,64.9,38.8,6.0,0,0,0,0
20167,Russell County,KS,0.3226,0.5857,0.3703,0.2914,0.1133,3.6,0.8,10.6,0.1,27.4,3.9,6.6,4.4,4.9,28.7,16.7,10.1,73.9,22.7,10.2,14.7,32.6,70.6,41.8,6.0,0,0,0,0
20169,Saline County,KS,0.5008,0.3691,0.7248,0.5406,0.4642,8.1,3.0,9.0,0.7,20.5,3.6,6.3,12.0,6.4,25.4,16.1,20.7,74.0,21.7,10.1,13.9,31.5,76.5,41.5,5.0,0,0,0,0
20171,Scott County,KS,0.4349,0.2841,0.9176,0.5953,0.1893,1.3,0.0,4.0,3.5,21.2,2.3,15.1,21.1,4.5,21.8,12.9,24.2,74.1,20.0,9.5,12.7,31.0,72.6,38.6,6.0,0,0,0,0
20173,Sedgwick County,KS,0.7292,0.6596,0.8123,0.7098,0.5562,6.0,7.8,10.9,2.7,21.7,5.3,10.5,15.5,11.8,24.7,14.6,33.6,72.3,23.0,10.9,15.9,32.6,72.9,38.9,3.0,0,0,0,0
20175,Seward County,KS,0.8578,0.7871,0.7429,0.966,0.7954,6.8,3.0,14.5,17.8,26.4,2.7,30.2,64.2,6.5,24.8,8.3,71.9,72.5,17.6,13.6,24.5,33.0,70.1,43.4,5.0,0,0,0,1
20177,Shawnee County,KS,0.6137,0.3869,0.7095,0.6398,0.7486,7.0,7.8,8.2,1.6,20.6,4.2,7.1,13.2,11.0,24.4,13.7,27.8,77.1,24.0,10.3,14.7,35.3,78.3,38.5,4.0,0,0,0,0
20179,Sheridan County,KS,0.0706,0.0404,0.5355,0.2234,0.0757,5.8,0.1,5.4,0.3,13.5,0.4,3.7,6.0,2.0,20.6,14.1,8.3,74.2,21.8,8.9,10.7,30.5,72.9,34.8,6.0,0,0,0,0
20181,Sherman County,KS,0.4992,0.4082,0.8956,0.4741,0.2494,3.3,0.5,8.6,0.2,20.7,2.4,10.3,12.8,3.2,25.1,18.1,17.1,73.4,21.4,10.1,13.6,31.0,66.8,39.3,6.0,0,0,0,0
20183,Smith County,KS,0.0404,0.0792,0.3128,0.1152,0.029,2.7,0.6,8.1,0.1,18.4,2.1,4.6,2.7,2.3,16.3,18.1,6.3,74.4,21.7,9.2,11.5,31.5,74.2,39.6,6.0,0,0,0,0
20185,Stafford County,KS,0.2272,0.1782,0.8031,0.4814,0.0671,2.4,0.2,8.7,1.0,21.4,3.5,6.8,13.4,0.3,15.4,15.4,17.4,74.1,21.9,10.1,14.0,32.5,72.5,41.5,6.0,0,0,0,0
20187,Stanton County,KS,0.3786,0.5603,0.3999,0.8225,0.063,1.6,0.0,21.1,8.3,25.5,3.0,20.0,42.6,0.3,9.7,12.0,44.3,73.0,19.9,12.5,22.1,32.1,71.7,40.2,6.0,0,0,0,0
20189,Stevens County,KS,0.6879,0.63,0.7257,0.797,0.4992,5.5,0.4,15.0,8.0,23.5,1.9,25.6,38.1,1.6,21.2,12.3,41.5,73.7,20.8,12.8,22.7,32.4,69.8,41.7,6.0,0,0,0,0
20191,Sumner County,KS,0.3322,0.3783,0.3929,0.3535,0.3124,4.9,1.0,9.3,0.4,21.3,5.2,6.5,5.9,2.5,20.6,16.6,12.0,75.5,22.5,9.9,13.5,32.9,70.1,39.8,3.0,0,0,0,0
20193,Thomas County,KS,0.1247,0.1021,0.3948,0.2628,0.1572,3.2,0.5,10.1,1.2,17.4,0.6,5.5,7.6,1.9,17.4,15.2,9.3,73.9,21.6,9.0,10.9,30.4,72.8,36.5,6.0,0,0,0,0
20195,Trego County,KS,0.0105,0.0506,0.0417,0.0089,0.0563,2.8,0.1,7.7,0.0,14.4,2.6,5.5,0.8,2.8,13.6,14.0,3.4,74.6,21.6,8.7,10.5,30.2,74.8,40.3,6.0,0,0,0,0
20197,Wabaunsee County,KS,0.0636,0.0458,0.3761,0.2733,0.0859,2.3,1.0,8.1,0.2,11.2,3.0,3.4,4.9,0.9,15.1,17.6,9.6,73.9,21.5,8.9,11.1,30.3,71.9,35.3,4.0,0,0,0,0
20199,Wallace County,KS,0.1756,0.0891,0.7865,0.3166,0.1219,4.1,0.7,4.4,1.2,25.4,2.2,7.4,6.8,1.2,9.5,18.2,10.9,74.4,22.3,10.2,13.7,31.5,70.1,37.3,6.0,0,0,0,0
20201,Washington County,KS,0.0802,0.029,0.6013,0.1928,0.1126,3.0,0.2,5.6,1.4,15.9,1.8,6.5,4.4,1.0,12.3,14.2,7.7,73.9,21.3,8.9,12.3,31.1,75.5,34.4,6.0,0,0,0,0
20203,Wichita County,KS,0.4858,0.3455,0.9583,0.6437,0.1473,1.5,0.7,8.0,3.7,23.8,2.3,11.8,24.9,0.5,20.0,20.1,28.1,72.9,20.2,11.4,17.7,31.1,70.5,42.2,6.0,0,0,0,0
20205,Wilson County,KS,0.4566,0.3898,0.8533,0.2485,0.3207,5.4,0.2,6.6,0.1,26.9,3.7,8.7,3.8,1.0,22.0,19.5,9.0,73.7,23.0,10.4,15.2,32.3,68.9,39.9,6.0,0,0,0,0
20207,Woodson County,KS,0.2491,0.4174,0.5877,0.1861,0.0681,5.0,0.1,8.6,0.4,24.1,6.2,8.0,0.9,1.8,16.7,20.2,7.6,74.2,22.7,9.8,13.4,31.3,69.9,39.5,6.0,0,0,0,0
20209,Wyandotte County,KS,0.9386,0.9612,0.8941,0.9227,0.678,8.0,20.1,17.5,8.0,28.8,5.7,18.6,30.2,11.1,29.8,13.9,60.9,75.2,17.8,13.9,22.9,32.2,73.3,40.7,2.0,0,0,0,0
21001,Adair County,KY,0.6026,0.7461,0.2109,0.2265,0.7735,5.5,1.6,7.5,0.1,32.1,6.6,13.9,2.5,1.5,20.9,22.0,8.4,75.4,23.9,10.7,15.8,32.2,68.8,38.2,6.0,0,1,0,0
21003,Allen County,KY,0.6484,0.7563,0.7617,0.0932,0.5288,6.4,0.8,8.2,0.4,26.6,7.3,13.5,2.4,1.6,22.4,18.5,5.9,75.4,23.9,10.7,15.8,32.2,73.2,38.2,4.0,0,1,0,0
21005,Anderson County,KY,0.0843,0.2908,0.3968,0.1696,0.0051,1.9,3.1,3.5,0.0,20.9,5.4,8.9,2.2,0.8,20.8,18.3,7.3,75.4,23.9,10.7,15.8,32.2,74.3,38.2,5.0,0,1,0,0
21007,Ballard County,KY,0.2507,0.2574,0.2039,0.2164,0.4757,5.4,3.9,3.7,0.0,25.9,5.2,7.9,1.6,0.4,18.0,17.1,8.1,75.4,23.9,10.7,15.8,32.2,72.5,38.2,4.0,0,1,0,0
21009,Barren County,KY,0.7919,0.7916,0.9068,0.3118,0.6599,6.7,3.4,8.7,0.8,31.9,4.9,15.3,3.6,2.5,24.5,21.2,10.7,75.4,23.9,10.7,15.8,32.2,73.7,38.2,5.0,0,1,0,1
21011,Bath County,KY,0.5269,0.5075,0.5772,0.0544,0.7108,9.5,1.7,8.0,0.2,33.6,2.9,18.6,1.8,1.8,17.1,22.6,5.1,75.4,23.9,10.7,15.8,32.2,68.2,38.2,5.0,0,1,0,0
21013,Bell County,KY,0.7782,0.9319,0.4187,0.1339,0.818,7.7,1.9,6.2,0.0,42.5,10.0,21.8,1.4,2.4,25.8,25.4,6.7,75.4,23.9,10.7,15.8,32.2,67.6,38.2,5.0,0,1,0,1
21015,Boone County,KY,0.1177,0.0369,0.4731,0.4146,0.1877,3.3,3.6,5.3,1.4,11.9,2.8,6.2,4.5,11.2,17.6,12.2,14.4,75.4,23.9,10.7,15.8,32.2,73.3,38.2,2.0,0,1,0,0
21017,Bourbon County,KY,0.5237,0.6691,0.6583,0.4416,0.2122,5.1,4.9,3.4,0.5,28.0,5.5,14.7,7.2,0.8,27.0,20.1,15.6,75.4,23.9,10.7,15.8,32.2,75.0,38.2,3.0,0,1,0,0
21019,Boyd County,KY,0.6704,0.637,0.7585,0.1985,0.7315,8.7,2.0,5.4,0.2,26.8,6.9,11.3,2.0,4.9,23.3,21.9,7.8,75.4,23.9,10.7,15.8,32.2,73.0,38.2,3.0,0,1,0,0
21021,Boyle County,KY,0.5304,0.6402,0.5339,0.4407,0.357,5.8,7.9,5.9,0.5,25.3,6.2,9.6,3.4,2.3,27.5,17.3,15.5,75.4,23.9,10.7,15.8,32.2,70.7,38.2,5.0,0,1,0,0
21023,Bracken County,KY,0.2568,0.4432,0.2908,0.0337,0.2364,2.6,1.4,4.1,0.0,27.8,6.2,12.0,0.8,2.6,17.5,17.0,4.5,75.4,23.9,10.7,15.8,32.2,72.9,38.2,2.0,0,1,0,0
21025,Breathitt County,KY,0.6962,0.7111,0.4445,0.0169,0.9497,13.3,1.0,3.7,0.1,38.3,8.9,20.5,1.2,1.1,18.6,30.6,3.9,75.4,23.9,10.7,15.8,32.2,68.4,38.2,6.0,0,1,0,0
21027,Breckinridge County,KY,0.6481,0.7197,0.8279,0.1508,0.4976,4.9,1.7,8.3,0.7,34.6,7.7,14.9,1.9,1.2,16.1,21.0,7.0,75.4,23.9,10.7,15.8,32.2,70.5,38.2,6.0,0,1,0,0
21029,Bullitt County,KY,0.1779,0.1922,0.4648,0.1928,0.1728,4.2,1.2,3.0,1.0,17.4,4.6,10.6,2.6,2.3,19.3,15.8,7.7,75.4,23.9,10.7,15.8,32.2,74.9,38.2,2.0,0,1,0,0
21031,Butler County,KY,0.7623,0.7658,0.7996,0.1152,0.8043,6.8,0.4,11.7,2.3,32.2,5.4,19.3,3.8,2.5,17.7,19.7,6.3,75.4,23.9,10.7,15.8,32.2,68.2,38.2,4.0,0,1,0,1
21033,Caldwell County,KY,0.7184,0.6592,0.819,0.3058,0.7216,7.9,6.0,11.2,0.1,25.4,4.7,12.3,2.2,2.7,22.1,28.0,10.5,75.4,23.9,10.7,15.8,32.2,73.6,38.2,6.0,0,1,0,0
21035,Calloway County,KY,0.5482,0.6363,0.1301,0.3322,0.7996,5.2,3.4,7.0,0.2,31.5,4.7,9.7,2.8,4.9,25.4,18.1,11.3,75.4,23.9,10.7,15.8,32.2,74.0,38.2,5.0,0,1,0,0
21037,Campbell County,KY,0.2103,0.2001,0.1024,0.2444,0.5542,6.6,2.6,4.2,0.4,17.7,3.8,6.7,2.3,14.4,24.8,13.3,8.9,75.4,23.9,10.7,15.8,32.2,77.4,38.2,2.0,0,1,0,0
21039,Carlisle County,KY,0.4225,0.5918,0.5059,0.1928,0.2453,2.6,1.2,7.3,0.1,33.1,4.2,13.1,2.5,0.7,21.2,16.9,7.7,75.4,23.9,10.7,15.8,32.2,69.6,38.2,4.0,0,1,0,0
21041,Carroll County,KY,0.8886,0.8743,0.9609,0.3723,0.7894,6.0,3.3,8.9,1.7,28.9,6.7,17.3,6.9,1.2,24.8,17.5,12.7,75.4,23.9,10.7,15.8,32.2,69.2,38.2,6.0,0,1,0,1
21043,Carter County,KY,0.5581,0.7639,0.3808,0.0455,0.5708,7.0,0.4,9.6,0.0,35.7,6.0,18.8,1.0,1.6,17.2,21.9,4.8,75.4,23.9,10.7,15.8,32.2,66.7,38.2,3.0,0,1,0,0
21045,Casey County,KY,0.8361,0.9376,0.6122,0.0881,0.8886,8.1,0.9,12.9,0.7,40.1,10.4,22.7,3.1,0.9,19.7,18.3,5.8,75.4,23.9,10.7,15.8,32.2,65.2,38.2,6.0,0,1,0,1
21047,Christian County,KY,0.9469,0.929,0.9335,0.7276,0.854,7.2,19.7,8.7,1.1,32.7,7.6,13.7,8.4,4.0,33.7,18.7,35.3,75.4,23.9,10.7,15.8,32.2,74.3,38.2,3.0,0,1,0,0
21049,Clark County,KY,0.51,0.4938,0.7175,0.3166,0.4235,6.6,3.9,4.3,0.8,22.4,5.2,11.0,3.3,2.8,25.8,18.5,10.9,75.4,23.9,10.7,15.8,32.2,71.9,38.2,3.0,0,1,0,0
21051,Clay County,KY,0.8174,0.8377,0.5498,0.2323,0.952,12.0,4.1,5.4,0.2,45.1,10.0,27.9,1.2,1.0,20.9,29.0,8.6,75.4,23.9,10.7,15.8,32.2,65.5,38.2,5.0,0,1,0,1
21053,Clinton County,KY,0.6472,0.6888,0.7862,0.119,0.5994,6.1,0.2,6.2,0.9,36.6,5.6,19.1,3.3,2.0,18.8,24.5,6.4,75.4,23.9,10.7,15.8,32.2,69.0,38.2,6.0,0,1,0,0
21055,Crittenden County,KY,0.518,0.5587,0.6927,0.0757,0.4922,5.7,0.7,12.0,0.1,30.6,3.4,13.6,1.9,0.5,18.0,31.4,5.6,75.4,23.9,10.7,15.8,32.2,65.1,38.2,6.0,0,1,0,0
21057,Cumberland County,KY,0.7544,0.8797,0.496,0.1508,0.8018,9.9,2.7,10.3,0.5,39.1,3.8,19.6,1.8,1.7,28.3,18.8,7.0,75.4,23.9,10.7,15.8,32.2,71.1,38.2,6.0,0,1,0,1
21059,Daviess County,KY,0.6109,0.3443,0.8199,0.3888,0.8247,6.9,4.7,5.1,1.3,23.3,4.1,8.8,3.4,6.1,23.2,16.5,13.4,75.4,23.9,10.7,15.8,32.2,76.2,38.2,4.0,0,1,0,0
21061,Edmonson County,KY,0.3697,0.6446,0.1763,0.0455,0.3554,3.8,0.8,8.3,0.0,27.6,6.8,18.4,1.6,1.0,12.5,26.3,4.8,75.4,23.9,10.7,15.8,32.2,71.4,38.2,4.0,0,1,0,0
21063,Elliott County,KY,0.7617,0.8848,0.2113,0.0337,0.9742,6.9,2.9,8.2,0.0,38.9,6.0,24.6,0.9,1.7,22.7,27.4,4.5,75.4,23.9,10.7,15.8,32.2,71.0,38.2,6.0,0,1,0,1
21065,Estill County,KY,0.7604,0.8686,0.958,0.0191,0.4289,8.0,0.1,4.9,0.9,34.8,8.7,23.5,0.8,2.5,24.7,28.9,4.0,75.4,23.9,10.7,15.8,32.2,70.5,38.2,5.0,0,1,0,1
21067,Fayette County,KY,0.5542,0.5329,0.1639,0.672,0.7611,7.2,14.6,6.9,2.6,23.0,5.0,7.8,7.4,18.3,28.9,12.5,30.4,75.4,23.9,10.7,15.8,32.2,71.2,38.2,3.0,0,1,0,0
21069,Fleming County,KY,0.6771,0.7878,0.685,0.0735,0.6376,8.9,0.9,8.6,0.2,34.0,8.4,18.6,1.7,0.6,17.5,20.7,5.5,75.4,23.9,10.7,15.8,32.2,74.8,38.2,6.0,0,1,0,0
21071,Floyd County,KY,0.7073,0.8626,0.4811,0.0115,0.7544,8.6,0.8,4.8,0.2,40.2,6.8,20.7,0.2,2.4,25.7,25.9,3.6,75.4,23.9,10.7,15.8,32.2,69.7,38.2,5.0,0,1,0,0
21073,Franklin County,KY,0.6255,0.426,0.8295,0.5094,0.6933,5.8,8.7,6.9,1.6,21.7,4.8,8.1,3.9,8.1,23.6,17.6,18.9,75.4,23.9,10.7,15.8,32.2,73.0,38.2,5.0,0,1,0,0
21075,Fulton County,KY,0.91,0.881,0.7897,0.6685,0.943,14.1,23.6,5.8,0.0,40.4,5.6,19.6,1.5,2.8,29.2,21.8,30.2,75.4,23.9,10.7,15.8,32.2,72.1,38.2,6.0,0,1,0,1
21077,Gallatin County,KY,0.5514,0.7066,0.1126,0.3563,0.7401,3.3,2.7,9.5,0.2,31.0,3.7,15.4,5.9,4.6,23.2,16.7,12.1,75.4,23.9,10.7,15.8,32.2,72.8,38.2,2.0,0,1,0,0
21079,Garrard County,KY,0.3312,0.6316,0.42,0.1753,0.099,4.7,2.3,7.3,0.5,29.4,5.3,15.1,2.5,0.2,19.9,16.9,7.4,75.4,23.9,10.7,15.8,32.2,70.2,38.2,6.0,0,1,0,0
21081,Grant County,KY,0.2876,0.2819,0.4228,0.1753,0.4082,5.6,0.9,4.8,0.0,22.6,4.5,11.1,3.1,2.8,18.4,17.4,7.4,75.4,23.9,10.7,15.8,32.2,69.2,38.2,2.0,0,1,0,0
21083,Graves County,KY,0.5507,0.5393,0.518,0.4308,0.5803,5.9,4.0,6.9,0.6,31.4,3.7,9.9,7.4,2.3,24.2,19.1,15.0,75.4,23.9,10.7,15.8,32.2,71.4,38.2,5.0,0,1,0,0
21085,Grayson County,KY,0.5428,0.643,0.7025,0.0474,0.461,5.0,0.5,6.3,0.3,30.2,4.8,16.4,1.5,1.7,21.7,19.9,4.9,75.4,23.9,10.7,15.8,32.2,76.9,38.2,6.0,0,1,0,0
21087,Green County,KY,0.629,0.8046,0.8918,0.1037,0.23,4.6,1.8,8.3,0.4,36.3,9.5,17.1,1.8,0.5,18.5,25.4,6.1,75.4,23.9,10.7,15.8,32.2,64.0,38.2,5.0,0,1,0,0
21089,Greenup County,KY,0.2351,0.4079,0.4464,0.0407,0.1349,4.6,0.8,5.7,0.2,24.1,6.2,10.1,1.2,1.6,18.2,20.5,4.7,75.4,23.9,10.7,15.8,32.2,70.8,38.2,3.0,0,1,0,0
21091,Hancock County,KY,0.1874,0.3083,0.4181,0.0735,0.1289,3.8,0.9,5.2,0.0,23.7,4.4,12.8,1.8,1.1,16.8,20.7,5.5,75.4,23.9,10.7,15.8,32.2,72.0,38.2,6.0,0,1,0,0
21093,Hardin County,KY,0.5721,0.3697,0.714,0.6029,0.6742,6.3,11.3,5.3,0.5,20.3,6.8,7.7,6.0,5.6,21.1,17.7,24.7,75.4,23.9,10.7,15.8,32.2,70.6,38.2,4.0,0,1,0,0
21095,Harlan County,KY,0.8336,0.8495,0.8167,0.0757,0.9055,8.9,2.1,4.9,0.3,45.1,10.8,23.0,0.3,2.3,22.2,27.7,5.6,75.4,23.9,10.7,15.8,32.2,69.7,38.2,6.0,0,1,0,1
21097,Harrison County,KY,0.2714,0.2895,0.1753,0.1276,0.567,9.0,2.1,4.5,0.0,25.9,2.8,13.5,2.6,1.7,19.3,17.4,6.6,75.4,23.9,10.7,15.8,32.2,74.6,38.2,6.0,0,1,0,0
21099,Hart County,KY,0.8037,0.8291,0.7951,0.265,0.7757,8.0,4.2,9.3,0.4,37.0,3.5,21.6,2.0,2.1,26.9,20.3,9.4,75.4,23.9,10.7,15.8,32.2,71.9,38.2,6.0,0,1,0,1
21101,Henderson County,KY,0.6386,0.4785,0.8463,0.4314,0.6608,6.7,7.2,4.2,0.4,26.3,3.8,10.7,2.9,7.9,28.0,23.3,15.1,75.4,23.9,10.7,15.8,32.2,75.4,38.2,5.0,0,1,0,0
21103,Henry County,KY,0.5845,0.7025,0.7362,0.2781,0.3586,5.4,2.4,8.6,0.5,25.8,3.9,15.8,3.7,1.7,26.3,18.4,9.7,75.4,23.9,10.7,15.8,32.2,73.3,38.2,2.0,0,1,0,0
21105,Hickman County,KY,0.2326,0.1966,0.3586,0.4018,0.3058,4.8,9.4,4.7,0.2,21.9,4.1,11.6,2.2,0.2,12.0,20.3,13.9,75.4,23.9,10.7,15.8,32.2,71.0,38.2,6.0,0,1,0,0
21107,Hopkins County,KY,0.6344,0.5552,0.7961,0.3592,0.6239,5.5,6.0,4.7,0.4,28.0,7.7,11.4,2.3,1.7,20.0,26.1,12.2,75.4,23.9,10.7,15.8,32.2,72.3,38.2,5.0,0,1,0,0
21109,Jackson County,KY,0.664,0.7464,0.7789,0.0041,0.6325,7.6,0.2,4.0,0.2,34.9,6.0,27.0,1.1,1.3,22.0,24.1,2.8,75.4,23.9,10.7,15.8,32.2,69.1,38.2,6.0,0,1,0,0
21111,Jefferson County,KY,0.622,0.468,0.6723,0.7226,0.6516,9.0,21.7,5.3,2.3,22.3,5.1,8.7,6.3,12.7,26.3,14.1,34.9,75.4,23.9,10.7,15.8,32.2,71.6,38.2,1.0,0,1,0,0
21113,Jessamine County,KY,0.3474,0.3987,0.5574,0.3697,0.2148,4.0,4.2,6.5,1.1,19.8,4.5,10.4,3.9,2.9,22.9,14.9,12.6,75.4,23.9,10.7,15.8,32.2,73.8,38.2,3.0,0,1,0,0
21115,Johnson County,KY,0.7509,0.7687,0.6841,0.0099,0.9007,7.6,0.5,5.0,0.3,38.6,5.3,17.2,0.6,5.4,25.1,25.3,3.5,75.4,23.9,10.7,15.8,32.2,69.4,38.2,6.0,0,1,0,1
21117,Kenton County,KY,0.308,0.2313,0.3856,0.3723,0.4935,6.9,4.4,4.8,1.1,18.6,4.4,8.0,3.6,11.2,21.9,13.5,12.7,75.4,23.9,10.7,15.8,32.2,76.3,38.2,2.0,0,1,0,0
21119,Knott County,KY,0.7334,0.7248,0.4836,0.0115,0.973,7.5,1.1,3.0,0.0,41.7,10.6,28.3,1.1,1.3,18.2,27.6,3.6,75.4,23.9,10.7,15.8,32.2,66.9,38.2,6.0,0,1,0,0
21121,Knox County,KY,0.8584,0.9154,0.7757,0.0474,0.9316,13.0,0.7,6.7,0.1,45.9,8.9,21.0,1.5,2.9,23.8,21.8,4.9,75.4,23.9,10.7,15.8,32.2,65.3,38.2,5.0,0,1,0,1
21123,Larue County,KY,0.2501,0.4553,0.5437,0.2587,0.0522,3.7,2.9,3.7,0.0,29.1,2.8,15.6,3.3,0.3,23.2,18.1,9.2,75.4,23.9,10.7,15.8,32.2,72.2,38.2,4.0,0,1,0,0
21125,Laurel County,KY,0.5285,0.5826,0.4706,0.0407,0.6942,5.4,0.7,8.3,0.3,31.2,3.6,16.0,1.6,2.2,20.0,17.8,4.7,75.4,23.9,10.7,15.8,32.2,70.9,38.2,5.0,0,1,0,0
21127,Lawrence County,KY,0.4744,0.7445,0.5765,0.0115,0.2214,4.7,0.2,6.8,0.3,36.8,5.2,23.1,1.5,1.4,20.3,25.1,3.6,75.4,23.9,10.7,15.8,32.2,67.5,38.2,3.0,0,1,0,0
21129,Lee County,KY,0.8492,0.854,0.4407,0.2062,0.9968,15.4,2.0,3.1,0.1,50.4,8.1,26.5,2.3,1.7,24.5,28.5,7.9,75.4,23.9,10.7,15.8,32.2,69.1,38.2,6.0,0,1,0,1
21131,Leslie County,KY,0.5746,0.7041,0.1324,0.0057,0.9182,8.4,0.4,1.7,0.0,45.0,10.0,18.0,0.7,0.8,19.0,27.8,3.0,75.4,23.9,10.7,15.8,32.2,68.8,38.2,6.0,0,1,0,0
21133,Letcher County,KY,0.7012,0.7833,0.7512,0.0073,0.6962,7.1,0.7,3.8,0.1,41.9,7.7,21.1,0.9,1.4,21.5,31.2,3.2,75.4,23.9,10.7,15.8,32.2,64.6,38.2,6.0,0,1,0,0
21135,Lewis County,KY,0.5495,0.8002,0.503,0.0048,0.4038,6.4,0.0,5.8,0.0,45.3,7.3,21.3,0.0,1.2,20.2,20.8,2.9,75.4,23.9,10.7,15.8,32.2,70.7,38.2,6.0,0,1,0,0
21137,Lincoln County,KY,0.5835,0.7031,0.8155,0.1457,0.3455,6.7,1.8,6.3,0.3,30.1,6.6,17.4,1.9,0.2,19.8,17.7,6.9,75.4,23.9,10.7,15.8,32.2,76.7,38.2,5.0,0,1,0,0
21139,Livingston County,KY,0.2374,0.497,0.496,0.0735,0.0582,2.9,0.3,4.8,0.0,27.7,6.1,13.0,2.6,0.3,18.6,31.2,5.5,75.4,23.9,10.7,15.8,32.2,71.5,38.2,4.0,0,1,0,0
21141,Logan County,KY,0.4671,0.6274,0.4852,0.3503,0.2599,6.1,5.8,8.8,0.2,25.7,5.6,12.3,3.1,0.8,20.8,16.5,11.9,75.4,23.9,10.7,15.8,32.2,75.6,38.2,6.0,0,1,0,0
21143,Lyon County,KY,0.1845,0.1718,0.1616,0.3563,0.3576,2.7,6.5,6.5,0.0,18.8,3.6,9.5,2.5,1.5,16.6,40.0,12.1,75.4,23.9,10.7,15.8,32.2,75.3,38.2,6.0,0,1,0,0
21145,McCracken County,KY,0.5517,0.3436,0.4763,0.4913,0.8626,8.2,10.5,5.8,0.1,26.5,3.6,7.3,2.8,6.5,23.2,15.9,17.8,75.4,23.9,10.7,15.8,32.2,76.9,38.2,4.0,0,1,0,0
21147,McCreary County,KY,0.6965,0.7311,0.3077,0.314,0.9087,10.8,6.7,5.1,0.3,50.4,5.6,22.0,1.6,1.0,20.3,23.1,10.8,75.4,23.9,10.7,15.8,32.2,66.4,38.2,6.0,0,1,0,0
21149,McLean County,KY,0.1839,0.195,0.21,0.0627,0.4165,5.8,1.0,3.5,0.0,18.4,6.7,8.7,2.0,3.6,13.9,18.6,5.3,75.4,23.9,10.7,15.8,32.2,73.3,38.2,4.0,0,1,0,0
21151,Madison County,KY,0.3843,0.4843,0.1005,0.328,0.5982,4.5,3.9,5.4,0.5,23.4,5.4,9.2,2.7,7.0,24.2,15.4,11.2,75.4,23.9,10.7,15.8,32.2,71.3,38.2,5.0,0,1,0,0
21153,Magoffin County,KY,0.7595,0.8396,0.6872,0.0057,0.8062,8.5,0.0,4.0,0.0,51.2,12.8,27.5,1.3,1.4,22.2,31.4,3.0,75.4,23.9,10.7,15.8,32.2,63.2,38.2,6.0,0,1,0,1
21155,Marion County,KY,0.7859,0.6949,0.8791,0.3697,0.7957,5.7,6.9,2.8,0.7,31.9,6.0,15.6,2.8,3.2,24.2,21.9,12.6,75.4,23.9,10.7,15.8,32.2,70.8,38.2,6.0,0,1,0,1
21157,Marshall County,KY,0.1699,0.1833,0.3163,0.0191,0.3175,4.4,0.6,7.1,0.1,23.0,3.0,7.7,1.8,3.2,17.1,17.8,4.0,75.4,23.9,10.7,15.8,32.2,78.4,38.2,6.0,0,1,0,0
21159,Martin County,KY,0.6869,0.7079,0.1537,0.3592,0.9618,8.3,6.5,2.3,0.3,41.7,6.4,24.7,1.8,1.5,20.0,32.5,12.2,75.4,23.9,10.7,15.8,32.2,67.5,38.2,6.0,0,1,0,0
21161,Mason County,KY,0.6542,0.6042,0.8304,0.3535,0.5743,10.5,6.8,6.1,0.4,30.5,4.7,14.4,2.2,5.8,21.7,18.0,12.0,75.4,23.9,10.7,15.8,32.2,68.3,38.2,6.0,0,1,0,0
21163,Meade County,KY,0.1559,0.1839,0.2272,0.335,0.2084,4.2,3.6,3.9,0.1,17.5,4.2,10.4,4.0,2.3,19.4,19.8,11.4,75.4,23.9,10.7,15.8,32.2,74.5,38.2,2.0,0,1,0,0
21165,Menifee County,KY,0.5676,0.5469,0.6907,0.0191,0.7136,6.9,0.2,5.5,0.0,38.1,4.7,20.3,2.4,0.3,15.0,25.5,4.0,75.4,23.9,10.7,15.8,32.2,73.7,38.2,5.0,0,1,0,0
21167,Mercer County,KY,0.1591,0.2774,0.2323,0.2781,0.126,4.9,3.5,5.8,1.1,19.1,4.5,9.9,3.3,2.1,20.1,15.3,9.7,75.4,23.9,10.7,15.8,32.2,74.0,38.2,6.0,0,1,0,0
21169,Metcalfe County,KY,0.5453,0.6217,0.4108,0.0627,0.7194,6.3,1.9,7.8,0.0,32.2,4.8,16.7,2.0,2.4,18.5,20.2,5.3,75.4,23.9,10.7,15.8,32.2,72.3,38.2,5.0,0,1,0,0
21171,Monroe County,KY,0.714,0.581,0.9112,0.1409,0.777,7.5,2.6,5.7,0.5,32.9,5.4,18.4,3.2,3.4,16.7,24.3,6.8,75.4,23.9,10.7,15.8,32.2,73.0,38.2,6.0,0,1,0,0
21173,Montgomery County,KY,0.5896,0.6936,0.7,0.1753,0.4617,6.2,2.7,7.0,0.1,26.9,6.0,14.8,3.0,3.4,21.9,20.9,7.4,75.4,23.9,10.7,15.8,32.2,70.5,38.2,5.0,0,1,0,0
21175,Morgan County,KY,0.5918,0.5845,0.2256,0.1985,0.9297,6.7,4.1,8.0,0.0,34.8,3.1,22.5,1.1,1.5,18.7,26.1,7.8,75.4,23.9,10.7,15.8,32.2,68.3,38.2,6.0,0,1,0,0
21177,Muhlenberg County,KY,0.3535,0.5307,0.2584,0.182,0.3325,4.6,1.9,5.1,0.2,28.8,4.9,15.8,1.7,1.5,19.9,21.9,7.5,75.4,23.9,10.7,15.8,32.2,69.9,38.2,6.0,0,1,0,0
21179,Nelson County,KY,0.0888,0.1359,0.3532,0.2879,0.0496,3.0,4.8,5.4,0.7,16.4,2.9,7.8,2.4,2.1,21.0,15.5,10.0,75.4,23.9,10.7,15.8,32.2,76.4,38.2,2.0,0,1,0,0
21181,Nicholas County,KY,0.4111,0.6001,0.1868,0.0229,0.5345,8.9,0.7,6.4,0.0,27.8,5.6,18.4,0.0,2.9,18.4,22.5,4.2,75.4,23.9,10.7,15.8,32.2,73.1,38.2,6.0,0,1,0,0
21183,Ohio County,KY,0.4251,0.4158,0.9252,0.1225,0.1817,3.7,1.0,5.6,1.9,25.7,4.5,18.2,3.5,0.4,15.5,18.3,6.5,75.4,23.9,10.7,15.8,32.2,76.1,38.2,6.0,0,1,0,0
21185,Oldham County,KY,0.0398,0.0181,0.1702,0.3723,0.112,1.2,3.8,3.1,0.4,8.3,3.9,5.8,4.1,2.8,13.0,9.2,12.7,75.4,23.9,10.7,15.8,32.2,77.0,38.2,2.0,0,1,0,0
21187,Owen County,KY,0.2711,0.5507,0.3058,0.0932,0.133,2.8,1.0,8.3,0.3,24.8,4.6,16.2,0.6,0.5,19.3,18.7,5.9,75.4,23.9,10.7,15.8,32.2,74.5,38.2,6.0,0,1,0,0
21189,Owsley County,KY,0.5078,0.7082,0.2246,0.2323,0.5371,10.4,1.3,4.5,0.0,38.1,14.2,28.6,0.0,0.8,15.0,32.4,8.6,75.4,23.9,10.7,15.8,32.2,67.2,38.2,6.0,0,1,0,0
21191,Pendleton County,KY,0.5221,0.6252,0.3662,0.1225,0.6351,4.3,0.6,6.1,0.0,24.9,5.0,14.5,1.4,1.8,24.5,18.1,6.5,75.4,23.9,10.7,15.8,32.2,73.0,38.2,2.0,0,1,0,0
21193,Perry County,KY,0.6901,0.7566,0.7343,0.0932,0.6767,7.8,1.0,3.6,0.2,36.3,7.5,20.4,1.1,1.4,21.5,31.3,5.9,75.4,23.9,10.7,15.8,32.2,68.1,38.2,6.0,0,1,0,0
21195,Pike County,KY,0.7506,0.8673,0.5272,0.0229,0.8489,8.9,0.8,5.4,0.1,36.4,7.3,20.2,1.0,2.7,24.9,29.0,4.2,75.4,23.9,10.7,15.8,32.2,65.9,38.2,5.0,0,1,0,1
21197,Powell County,KY,0.7992,0.867,0.5651,0.0757,0.938,8.5,0.3,5.4,0.1,33.2,7.1,18.1,2.0,2.1,27.8,22.8,5.6,75.4,23.9,10.7,15.8,32.2,71.2,38.2,6.0,0,1,0,1
21199,Pulaski County,KY,0.6456,0.7483,0.8886,0.1339,0.3735,6.1,0.9,6.7,0.8,33.1,4.9,16.2,2.7,2.1,23.9,20.0,6.7,75.4,23.9,10.7,15.8,32.2,64.2,38.2,5.0,0,1,0,0
21201,Robertson County,KY,0.587,0.7251,0.5339,0.0115,0.6246,2.5,0.3,5.1,0.0,34.0,7.0,15.8,1.8,1.3,21.3,16.6,3.6,75.4,23.9,10.7,15.8,32.2,70.1,38.2,6.0,0,1,0,0
21203,Rockcastle County,KY,0.5291,0.6389,0.4178,0.0099,0.6621,9.1,0.1,4.7,0.0,33.5,6.6,18.1,1.1,0.6,18.5,22.2,3.5,75.4,23.9,10.7,15.8,32.2,71.4,38.2,5.0,0,1,0,0
21205,Rowan County,KY,0.5065,0.6927,0.014,0.0932,0.9586,8.8,2.1,5.2,0.2,37.7,4.6,13.2,2.1,3.4,25.9,16.2,5.9,75.4,23.9,10.7,15.8,32.2,72.4,38.2,6.0,0,1,0,0
21207,Russell County,KY,0.6029,0.6812,0.938,0.1572,0.2552,3.9,1.1,6.2,0.4,33.0,6.1,17.3,3.8,2.2,19.2,21.5,7.1,75.4,23.9,10.7,15.8,32.2,66.9,38.2,6.0,0,1,0,0
21209,Scott County,KY,0.1572,0.0544,0.5501,0.4018,0.2552,3.4,4.8,4.5,0.9,14.8,3.7,5.7,4.5,5.9,18.0,13.5,13.9,75.4,23.9,10.7,15.8,32.2,77.6,38.2,3.0,0,1,0,0
21211,Shelby County,KY,0.2892,0.2564,0.3789,0.5383,0.3007,2.3,5.0,6.9,2.3,17.0,3.3,11.4,9.6,4.6,20.5,12.1,20.6,75.4,23.9,10.7,15.8,32.2,74.5,38.2,2.0,0,1,0,0
21213,Simpson County,KY,0.2259,0.4779,0.0372,0.4314,0.2205,3.0,9.3,9.2,0.0,20.6,3.5,9.8,2.8,2.8,25.7,14.3,15.1,75.4,23.9,10.7,15.8,32.2,73.0,38.2,5.0,0,1,0,0
21215,Spencer County,KY,0.0356,0.1448,0.069,0.1276,0.0347,2.7,1.7,4.7,0.2,15.5,6.2,7.4,2.6,1.5,13.7,13.7,6.6,75.4,23.9,10.7,15.8,32.2,70.6,38.2,2.0,0,1,0,0
21217,Taylor County,KY,0.3395,0.2911,0.5654,0.3086,0.3789,6.7,4.4,3.6,0.0,23.8,4.9,11.6,2.6,1.1,17.5,20.8,10.6,75.4,23.9,10.7,15.8,32.2,71.9,38.2,5.0,0,1,0,0
21219,Todd County,KY,0.7986,0.7572,0.7455,0.4273,0.8533,9.3,8.0,21.8,2.0,29.5,4.3,21.4,4.8,2.3,17.7,15.4,14.9,75.4,23.9,10.7,15.8,32.2,68.7,38.2,6.0,0,1,0,1
21221,Trigg County,KY,0.6672,0.685,0.7846,0.377,0.5352,7.0,6.3,11.0,0.2,28.3,4.0,12.2,2.5,1.4,23.6,27.5,12.9,75.4,23.9,10.7,15.8,32.2,68.1,38.2,3.0,0,1,0,0
21223,Trimble County,KY,0.3633,0.419,0.3805,0.2062,0.4232,5.3,0.3,4.1,0.5,21.5,8.4,14.5,3.4,0.2,16.1,19.9,7.9,75.4,23.9,10.7,15.8,32.2,75.5,38.2,6.0,0,1,0,0
21225,Union County,KY,0.2424,0.2794,0.1829,0.3649,0.3468,5.1,8.7,5.6,0.2,26.5,3.7,9.4,1.9,1.0,18.6,30.9,12.4,75.4,23.9,10.7,15.8,32.2,71.1,38.2,6.0,0,1,0,0
21227,Warren County,KY,0.7731,0.6265,0.6029,0.5819,0.9415,6.7,8.6,6.8,3.2,26.8,4.7,11.4,5.7,10.9,25.9,13.9,23.4,75.4,23.9,10.7,15.8,32.2,75.0,38.2,4.0,0,1,0,1
21229,Washington County,KY,0.4184,0.3735,0.6373,0.3592,0.3818,6.8,5.5,9.8,0.3,21.7,2.3,11.9,0.5,1.0,20.5,20.7,12.2,75.4,23.9,10.7,15.8,32.2,75.9,38.2,6.0,0,1,0,0
21231,Wayne County,KY,0.6812,0.7941,0.9255,0.1696,0.3128,6.0,0.5,6.8,0.8,40.8,5.2,23.6,3.7,1.1,21.9,24.3,7.3,75.4,23.9,10.7,15.8,32.2,68.3,38.2,6.0,0,1,0,0
21233,Webster County,KY,0.706,0.5317,0.9704,0.3484,0.5702,5.3,4.1,6.1,1.5,28.2,5.9,14.3,5.8,1.4,17.0,29.1,11.8,75.4,23.9,10.7,15.8,32.2,72.1,38.2,5.0,0,1,0,0
21235,Whitley County,KY,0.8365,0.8918,0.5027,0.0407,0.9831,8.6,0.9,8.0,0.1,38.6,6.4,17.9,1.5,2.1,24.1,21.8,4.7,75.4,23.9,10.7,15.8,32.2,64.3,38.2,5.0,0,1,0,1
21237,Wolfe County,KY,0.776,0.902,0.4728,0.0006,0.8995,16.3,0.2,1.0,0.0,54.9,20.3,36.4,0.0,0.1,26.3,35.6,1.5,75.4,23.9,10.7,15.8,32.2,68.2,38.2,6.0,0,1,0,1
21239,Woodford County,KY,0.1801,0.1085,0.6659,0.4085,0.1378,3.7,3.7,2.7,1.8,15.5,2.5,8.8,6.7,2.3,21.7,13.5,14.1,75.4,23.9,10.7,15.8,32.2,75.4,38.2,3.0,0,1,0,0
22001,Acadia Parish,LA,0.8832,0.8867,0.8781,0.5759,0.7935,9.2,16.5,6.4,0.4,35.9,8.8,19.9,3.1,2.8,23.6,19.7,23.0,78.7,31.4,14.3,27.1,34.2,75.4,41.7,3.0,0,1,0,0
22003,Allen Parish,LA,0.903,0.7525,0.9354,0.6647,0.944,8.2,17.4,7.6,2.9,28.8,8.9,20.4,6.4,0.5,17.9,19.7,30.0,78.3,27.6,14.3,26.7,34.9,75.7,43.9,6.0,0,1,0,1
22005,Ascension Parish,LA,0.384,0.2259,0.6717,0.7105,0.3274,3.7,22.7,6.4,1.6,16.1,4.5,11.2,6.2,4.2,17.2,12.3,33.7,80.7,27.2,11.2,17.3,35.2,79.6,35.0,3.0,0,1,0,0
22007,Assumption Parish,LA,0.7296,0.7719,0.5854,0.7226,0.5635,9.0,28.9,8.7,0.4,29.7,8.0,20.9,3.4,0.4,17.6,17.0,34.9,79.7,28.5,13.4,25.9,34.6,76.9,38.3,3.0,0,1,0,0
22009,Avoyelles Parish,LA,0.9682,0.9545,0.9383,0.7299,0.9084,9.9,25.5,7.9,0.5,41.4,7.5,22.0,2.2,1.2,27.8,23.6,35.6,79.1,28.9,15.2,30.9,35.1,73.6,43.2,6.0,0,1,0,1
22011,Beauregard Parish,LA,0.5498,0.4744,0.5377,0.5415,0.6131,5.4,11.3,7.9,0.2,22.0,8.1,11.8,4.0,1.0,12.6,18.0,20.8,79.0,29.5,11.8,19.5,35.5,77.4,40.5,5.0,0,1,0,0
22013,Bienville Parish,LA,0.9755,0.8944,0.9612,0.8492,0.9695,12.9,41.6,9.0,0.6,46.9,5.6,14.3,2.2,1.2,26.6,20.6,46.5,80.8,28.7,17.5,35.1,35.5,77.1,47.6,6.0,0,1,0,1
22015,Bossier Parish,LA,0.7773,0.721,0.7381,0.7359,0.7019,6.1,23.6,9.4,1.9,25.8,5.6,9.7,6.9,6.1,26.4,13.2,36.0,80.7,27.2,12.1,19.4,33.4,76.6,40.9,3.0,0,1,0,0
22017,Caddo Parish,LA,0.9329,0.9033,0.8202,0.9017,0.8963,10.3,49.2,7.5,0.4,33.4,8.6,12.7,3.0,9.4,31.4,17.5,56.5,82.2,27.6,14.5,28.8,34.7,76.0,42.3,3.0,0,1,0,0
22019,Calcasieu Parish,LA,0.7149,0.616,0.5673,0.7105,0.7693,6.2,24.6,7.7,0.6,25.9,5.6,11.3,4.2,6.2,22.1,14.1,33.7,79.8,28.1,12.5,20.5,34.4,77.8,42.9,4.0,0,1,0,0
22021,Caldwell Parish,LA,0.9052,0.8568,0.6777,0.5775,0.986,9.1,20.3,6.8,0.1,39.0,12.9,20.1,0.8,1.5,20.7,18.0,23.1,78.6,30.1,14.2,27.0,35.1,72.0,38.8,6.0,0,1,0,1
22023,Cameron Parish,LA,0.2984,0.2644,0.5415,0.377,0.2899,1.5,1.1,8.2,3.1,30.0,2.1,9.7,4.0,0.2,10.6,15.9,12.9,78.5,29.6,10.6,16.2,34.0,76.6,36.3,4.0,0,1,0,0
22025,Catahoula Parish,LA,0.8581,0.8374,0.2911,0.7121,0.9876,10.3,31.5,8.3,0.1,32.8,6.5,25.0,1.1,3.9,21.0,17.0,33.8,78.8,27.7,15.0,30.0,34.7,76.0,41.6,6.0,0,1,0,1
22027,Claiborne Parish,LA,0.8069,0.7636,0.2876,0.8899,0.9395,12.7,49.5,7.0,0.0,48.9,5.2,21.5,1.8,1.7,20.3,14.7,54.5,80.8,26.2,18.8,40.0,35.1,73.6,48.9,6.0,0,1,0,1
22029,Concordia Parish,LA,0.9949,0.9561,0.9924,0.8088,0.9577,11.8,39.2,10.0,2.0,45.9,12.0,14.2,1.9,0.2,26.9,21.0,43.0,80.6,28.4,16.8,33.7,35.6,74.5,45.9,5.0,0,1,0,1
22031,De Soto Parish,LA,0.8101,0.7397,0.8988,0.7929,0.5784,9.1,34.2,7.1,0.4,31.1,6.9,17.6,3.3,1.2,19.5,19.9,40.9,80.6,28.4,14.6,27.5,34.1,75.8,44.2,3.0,0,1,0,0
22033,East Baton Rouge Parish,LA,0.846,0.7903,0.6347,0.9017,0.8546,7.7,45.1,8.4,1.7,27.2,7.1,9.2,4.5,18.1,30.5,14.2,56.5,81.5,25.9,13.6,21.9,33.3,81.8,36.6,3.0,0,1,0,0
22035,East Carroll Parish,LA,0.8781,0.9469,0.4897,0.9672,0.7496,12.1,66.4,4.4,0.0,57.0,15.1,32.3,1.5,0.3,34.5,17.6,72.4,81.0,25.0,21.3,46.8,35.4,75.4,51.7,6.0,0,1,0,1
22037,East Feliciana Parish,LA,0.5937,0.4741,0.056,0.8403,0.9609,8.3,40.1,8.0,0.4,22.2,5.5,15.6,1.8,2.3,15.0,15.8,45.8,79.9,25.3,13.2,23.2,34.8,79.9,41.9,3.0,0,1,0,0
22039,Evangeline Parish,LA,0.999,0.9841,0.9955,0.7261,0.9895,11.1,25.1,9.1,3.0,43.1,14.0,23.5,4.2,4.4,29.2,24.8,35.2,79.7,28.9,15.0,29.3,35.3,74.9,44.9,6.0,0,1,0,1
22041,Franklin Parish,LA,0.8053,0.9122,0.7525,0.7178,0.4337,5.2,30.4,7.0,0.1,41.7,9.2,21.8,1.7,0.3,23.2,15.7,34.5,79.7,29.4,15.1,30.8,35.4,75.4,42.2,6.0,0,1,0,1
22043,Grant Parish,LA,0.7219,0.6163,0.5908,0.6045,0.8231,7.5,14.8,9.7,2.1,27.3,4.0,19.6,5.4,0.4,19.3,19.6,24.8,78.4,27.2,12.7,22.3,35.0,71.1,39.6,4.0,0,1,0,0
22045,Iberia Parish,LA,0.936,0.8409,0.9351,0.8059,0.9115,11.5,31.0,8.0,1.7,33.4,6.3,17.3,4.4,3.0,23.3,16.8,42.6,81.3,28.6,14.7,27.4,34.1,78.0,42.4,5.0,0,1,0,1
22047,Iberville Parish,LA,0.8501,0.7308,0.7222,0.8842,0.8953,7.6,45.3,8.3,1.7,26.3,7.5,20.3,3.2,0.5,18.3,16.5,52.8,80.4,25.9,14.4,27.1,34.2,79.7,42.9,3.0,0,1,0,0
22049,Jackson Parish,LA,0.8301,0.6192,0.9173,0.7003,0.8524,10.7,25.7,7.4,0.7,37.0,4.9,16.7,2.0,0.4,17.1,20.7,32.7,79.7,27.9,14.4,26.7,35.1,74.3,45.1,6.0,0,1,0,1
22051,Jefferson Parish,LA,0.8295,0.8288,0.8559,0.8673,0.5148,7.2,26.4,10.5,4.7,24.5,6.0,12.8,15.1,14.1,30.0,15.8,49.3,81.3,25.1,13.6,21.5,33.0,80.0,41.5,3.0,0,1,0,0
22053,Jefferson Davis Parish,LA,0.5549,0.5113,0.7079,0.5759,0.4203,5.7,16.7,6.7,0.4,26.8,4.0,16.9,2.6,1.3,19.9,16.4,23.0,78.7,29.3,12.6,22.2,34.9,74.9,42.5,4.0,0,1,0,0
22055,Lafayette Parish,LA,0.735,0.6344,0.5205,0.7321,0.8285,6.5,25.6,7.6,1.4,25.3,5.2,10.5,4.7,9.6,25.4,12.2,35.8,81.0,26.2,11.9,19.4,33.3,81.6,34.3,3.0,0,1,0,0
22057,Lafourche Parish,LA,0.7416,0.6815,0.5609,0.5915,0.8384,7.9,13.2,6.1,0.8,27.6,6.5,18.0,4.5,2.9,20.2,17.2,23.9,78.9,30.8,12.7,22.2,34.7,78.2,47.2,4.0,0,1,0,0
22059,LaSalle Parish,LA,0.4648,0.3274,0.4547,0.5326,0.6456,4.7,11.7,4.7,0.4,23.6,4.6,17.1,3.9,0.2,12.6,15.2,20.2,78.0,27.2,12.4,20.9,35.0,79.1,38.9,6.0,0,1,0,0
22061,Lincoln Parish,LA,0.7786,0.7544,0.1712,0.8524,0.9507,8.6,37.4,6.9,0.6,42.4,4.2,11.3,3.2,4.9,33.4,13.0,46.9,80.8,27.8,15.1,26.6,34.3,77.1,46.3,5.0,0,1,0,1
22063,Livingston Parish,LA,0.4709,0.3344,0.6933,0.4378,0.5135,4.1,7.4,8.1,1.3,20.0,4.5,11.3,4.4,4.5,17.5,13.5,15.4,80.5,29.9,11.7,18.7,35.1,77.4,38.6,3.0,0,1,0,0
22065,Madison Parish,LA,1.0,0.9663,0.964,0.9459,1.0,13.3,62.3,11.3,0.8,51.8,5.8,23.5,2.9,5.7,26.6,20.3,66.3,82.0,27.2,19.6,42.6,35.4,72.9,50.1,6.0,0,1,0,1
22067,Morehouse Parish,LA,0.9558,0.9488,0.7601,0.8804,0.9354,10.3,48.2,7.8,0.3,42.7,8.8,19.1,1.5,1.6,26.8,16.6,52.1,81.1,27.7,16.8,35.4,36.1,77.5,44.9,4.0,0,1,0,1
22069,Natchitoches Parish,LA,0.9281,0.9017,0.4668,0.8661,0.9924,8.0,40.3,7.6,0.1,38.4,8.9,12.5,2.5,6.3,27.4,16.4,49.1,81.0,28.2,14.8,27.4,33.9,77.3,42.4,5.0,0,1,0,1
22071,Orleans Parish,LA,0.8381,0.9115,0.3595,0.9567,0.7381,17.4,56.7,8.5,1.2,33.9,8.4,11.3,5.7,16.2,38.2,13.9,69.2,80.4,27.4,14.4,24.9,32.1,81.1,34.2,3.0,0,1,0,0
22073,Ouachita Parish,LA,0.8845,0.882,0.5682,0.8116,0.9303,8.8,37.2,8.0,0.4,33.8,6.5,12.0,2.3,4.6,32.6,13.9,43.2,80.8,26.2,13.9,25.2,34.4,78.0,44.1,4.0,0,1,0,1
22075,Plaquemines Parish,LA,0.651,0.4092,0.7197,0.7626,0.7451,5.3,19.6,5.6,1.6,23.1,4.4,13.7,8.1,1.7,20.3,14.8,38.3,79.2,26.4,12.4,20.2,34.2,78.0,38.4,3.0,0,1,0,0
22077,Pointe Coupee Parish,LA,0.7127,0.8428,0.7521,0.7859,0.2138,5.6,33.8,8.7,0.8,29.1,7.4,19.0,3.1,0.9,22.0,25.7,40.2,80.4,27.8,13.3,24.8,34.4,76.7,40.0,3.0,0,1,0,0
22079,Rapides Parish,LA,0.9071,0.7744,0.9189,0.776,0.922,9.6,31.1,8.9,0.8,28.7,5.7,12.4,3.5,4.2,24.6,17.8,39.5,80.3,28.2,13.4,24.0,34.5,79.0,40.7,4.0,0,1,0,1
22081,Red River Parish,LA,0.6662,0.6742,0.7929,0.8225,0.3105,4.8,39.0,9.5,0.1,37.2,3.3,20.4,2.2,0.1,19.8,20.5,44.3,80.3,27.8,16.1,33.2,34.0,74.7,43.9,6.0,0,1,0,0
22083,Richland Parish,LA,0.8632,0.8737,0.5097,0.7751,0.9058,6.2,35.6,9.4,0.0,40.1,6.8,19.9,2.4,0.8,20.4,14.9,39.4,80.4,28.4,15.0,29.1,34.7,75.8,43.1,4.0,0,1,0,1
22085,Sabine Parish,LA,0.8848,0.8724,0.973,0.7121,0.5673,8.5,14.4,9.7,0.9,36.6,7.5,14.2,4.3,1.0,22.3,21.3,33.8,79.4,29.6,14.3,26.8,35.2,76.3,44.9,6.0,0,1,0,1
22087,St. Bernard Parish,LA,0.9026,0.9392,0.9516,0.7859,0.5173,7.2,23.6,8.1,1.5,32.6,8.0,18.8,10.6,3.1,28.6,18.9,40.2,79.7,28.1,14.3,27.2,35.5,77.0,42.2,3.0,0,1,0,0
22089,St. Charles Parish,LA,0.4451,0.3624,0.8244,0.7308,0.161,3.3,23.3,6.1,1.3,17.3,6.7,9.3,6.6,1.6,20.1,15.5,35.7,80.4,26.1,11.3,17.2,33.8,80.4,37.2,3.0,0,1,0,0
22091,St. Helena Parish,LA,0.9478,0.8021,0.9812,0.8953,0.8746,10.8,51.8,9.1,1.7,36.7,21.5,20.9,2.0,3.7,11.9,26.7,55.5,81.2,27.0,16.2,33.4,34.3,75.4,42.9,3.0,0,1,0,0
22093,St. James Parish,LA,0.2701,0.2189,0.2956,0.8762,0.2164,8.4,48.4,6.1,0.2,22.5,3.6,11.1,1.8,0.4,14.4,12.9,51.0,81.6,25.7,13.4,22.7,32.3,82.8,43.7,3.0,0,1,0,0
22095,St. John the Baptist Parish,LA,0.7152,0.7556,0.8209,0.9567,0.2284,4.1,55.8,6.8,1.1,26.2,9.3,13.6,7.3,1.4,23.2,16.0,69.2,82.4,24.6,14.9,27.5,34.0,80.6,41.5,3.0,0,1,0,0
22097,St. Landry Parish,LA,0.9262,0.9453,0.7531,0.8482,0.8505,9.7,40.4,8.8,0.6,40.3,6.9,21.5,2.5,1.7,25.7,13.8,46.4,80.7,27.4,15.7,31.2,34.6,75.5,40.5,5.0,0,1,0,1
22099,St. Martin Parish,LA,0.7041,0.7219,0.6612,0.7321,0.5078,7.9,28.7,7.9,0.8,28.1,6.2,17.2,3.2,0.2,20.1,15.9,35.8,79.6,29.4,13.1,24.5,34.2,76.6,45.0,3.0,0,1,0,0
22101,St. Mary Parish,LA,0.9109,0.8425,0.9469,0.8212,0.7719,11.1,29.6,6.2,2.6,33.7,5.9,19.9,7.3,2.9,25.6,17.8,44.2,80.2,28.6,14.7,28.9,35.9,77.8,44.9,5.0,0,1,0,1
22103,St. Tammany Parish,LA,0.4868,0.4537,0.8648,0.5953,0.1699,3.8,12.0,6.9,1.3,19.8,5.2,8.7,6.1,6.8,24.4,16.3,24.2,78.6,26.2,10.9,15.9,32.0,80.7,37.1,3.0,0,1,0,0
22105,Tangipahoa Parish,LA,0.8651,0.7992,0.8963,0.7626,0.7397,5.9,29.6,7.5,0.7,30.1,5.6,16.8,4.7,1.6,24.4,20.2,38.3,79.8,26.7,13.5,23.8,33.4,76.1,43.1,4.0,0,1,0,1
22107,Tensas Parish,LA,0.8454,0.9497,0.3471,0.9122,0.7111,8.7,52.5,8.4,0.0,45.4,12.4,21.6,3.1,2.2,24.0,17.6,58.6,81.2,27.1,18.1,38.3,34.5,76.9,49.2,6.0,0,1,0,1
22109,Terrebonne Parish,LA,0.7821,0.6452,0.7607,0.7156,0.8075,7.9,19.0,7.3,0.6,24.3,5.9,17.6,5.3,6.1,20.3,16.9,34.3,80.0,28.0,13.2,22.5,34.1,75.9,41.0,4.0,0,1,0,1
22111,Union Parish,LA,0.8724,0.798,0.8711,0.6742,0.8451,6.4,23.6,8.1,1.2,35.9,5.4,14.1,5.2,1.4,23.8,15.9,30.6,79.1,28.8,14.3,27.0,35.3,77.1,37.2,4.0,0,1,0,1
22113,Vermilion Parish,LA,0.7875,0.7006,0.8915,0.5711,0.6923,9.1,13.5,7.5,1.1,30.7,6.2,15.2,3.8,2.2,19.5,17.6,22.7,78.5,29.6,12.8,22.5,34.8,75.8,42.6,3.0,0,1,0,0
22115,Vernon Parish,LA,0.832,0.7343,0.8412,0.6685,0.8088,8.0,13.2,8.1,0.7,29.0,6.1,12.2,9.6,2.2,22.8,20.4,30.2,79.5,27.4,12.6,21.7,35.9,79.9,39.4,6.0,0,1,0,1
22117,Washington Parish,LA,0.9822,0.9383,0.9771,0.7308,0.9526,10.1,30.3,9.1,1.0,37.6,10.5,16.9,2.6,1.8,24.6,23.7,35.7,78.4,28.3,14.9,28.1,34.6,76.9,45.6,5.0,0,1,0,1
22119,Webster Parish,LA,0.8775,0.8476,0.7047,0.7617,0.8966,8.7,33.5,7.2,0.3,44.7,5.3,13.3,2.3,2.4,30.1,15.7,38.2,79.9,28.9,15.7,31.5,34.5,76.2,44.7,5.0,0,1,0,1
22121,West Baton Rouge Parish,LA,0.6341,0.4811,0.2704,0.8403,0.8721,5.4,41.0,6.5,0.6,22.0,7.6,11.4,3.4,3.5,18.3,13.3,45.8,81.2,25.9,12.6,21.3,33.2,81.7,41.3,3.0,0,1,0,0
22123,West Carroll Parish,LA,0.6325,0.6093,0.8241,0.5383,0.4149,3.6,15.4,8.5,0.5,34.6,4.6,18.4,4.2,0.3,15.5,16.8,20.6,78.6,29.5,12.9,23.2,34.0,73.9,40.3,6.0,0,1,0,0
22125,West Feliciana Parish,LA,0.4668,0.4531,0.0722,0.8591,0.6729,3.9,44.2,5.1,0.3,18.3,8.9,16.6,1.5,6.4,17.3,13.4,47.9,79.9,22.5,12.8,19.9,33.5,81.0,39.3,3.0,0,1,0,0
22127,Winn Parish,LA,0.7401,0.5886,0.797,0.7245,0.7235,9.4,29.7,9.9,1.3,31.9,4.0,16.1,3.2,0.4,17.4,19.8,35.0,79.3,27.2,14.7,27.4,35.0,78.0,46.0,6.0,0,1,0,0
23001,Androscoggin County,ME,0.6007,0.4725,0.5173,0.3166,0.8715,9.0,4.3,7.4,0.9,21.5,4.8,8.0,2.0,7.4,25.5,17.5,10.9,77.6,30.8,10.3,14.6,32.1,80.1,36.1,4.0,1,0,0,0
23003,Aroostook County,ME,0.6545,0.636,0.6771,0.1409,0.7677,8.6,0.7,8.8,0.5,25.3,5.8,9.4,1.5,4.2,23.5,21.5,6.8,78.5,27.9,10.7,15.1,32.5,78.0,40.0,6.0,1,0,0,0
23005,Cumberland County,ME,0.1413,0.1063,0.0401,0.3563,0.5721,7.0,3.1,5.0,0.9,12.2,3.2,3.7,2.3,9.7,24.2,11.3,12.1,77.9,26.7,7.4,8.5,28.5,81.3,26.7,3.0,1,0,0,0
23007,Franklin County,ME,0.4569,0.3993,0.315,0.0821,0.8215,9.2,0.4,9.2,0.4,22.3,4.4,6.1,1.5,4.5,23.2,17.7,5.7,76.2,30.1,8.8,13.4,31.2,82.0,35.2,6.0,1,0,0,0
23009,Hancock County,ME,0.2183,0.3608,0.0891,0.119,0.3955,5.6,0.8,10.2,0.2,18.9,3.9,5.0,1.7,2.4,25.3,14.2,6.4,78.9,27.7,8.1,10.6,30.6,81.1,29.4,6.0,1,0,0,0
23011,Kennebec County,ME,0.357,0.2946,0.2934,0.1276,0.7082,7.3,0.7,7.1,0.4,20.5,4.1,5.4,1.8,4.5,23.7,16.6,6.6,78.4,29.6,9.4,12.2,30.8,77.5,32.5,5.0,1,0,0,0
23013,Knox County,ME,0.1724,0.2759,0.0834,0.0757,0.3777,5.8,0.4,7.4,0.2,18.1,3.8,6.3,1.7,2.9,24.2,13.1,5.6,77.8,27.7,8.0,10.0,31.0,78.1,28.8,6.0,1,0,0,0
23015,Lincoln County,ME,0.1094,0.2065,0.132,0.1457,0.1578,5.4,0.5,8.9,0.3,16.5,3.3,5.2,1.6,1.6,22.2,16.0,6.9,78.9,29.3,8.1,9.9,31.6,78.3,31.0,6.0,1,0,0,0
23017,Oxford County,ME,0.3452,0.6465,0.0942,0.1276,0.3595,5.6,0.3,9.0,0.1,24.8,5.5,8.9,1.6,4.2,25.3,17.9,6.6,77.8,28.2,10.1,15.1,32.8,76.6,34.6,6.0,1,0,0,0
23019,Penobscot County,ME,0.4416,0.398,0.1365,0.1928,0.8699,8.2,0.9,8.0,0.3,21.9,4.3,6.1,1.6,5.2,25.3,18.3,7.7,79.8,29.9,9.5,12.5,31.9,81.2,38.3,4.0,1,0,0,0
23021,Piscataquis County,ME,0.4804,0.5749,0.4524,0.1654,0.4963,6.1,0.6,10.5,0.1,24.7,4.9,8.0,2.4,1.0,23.6,23.4,7.2,77.7,28.8,9.6,15.4,31.5,74.3,34.3,6.0,1,0,0,0
23023,Sagadahoc County,ME,0.1015,0.2972,0.0519,0.1276,0.1273,5.8,0.6,6.7,0.2,16.6,4.4,5.7,2.0,3.2,26.6,12.1,6.6,78.6,29.2,8.0,10.2,30.6,78.9,29.5,3.0,1,0,0,0
23025,Somerset County,ME,0.3,0.5361,0.1228,0.0544,0.3856,6.2,0.5,8.0,0.1,28.7,4.2,8.2,1.3,1.8,24.3,19.2,5.1,79.4,30.8,10.4,15.6,33.0,79.5,36.7,6.0,1,0,0,0
23027,Waldo County,ME,0.2902,0.4578,0.2647,0.1339,0.2908,5.8,0.4,10.5,0.2,20.7,4.6,6.8,1.6,1.8,23.7,17.4,6.7,78.2,30.4,8.6,11.8,31.4,77.0,34.1,6.0,1,0,0,0
23029,Washington County,ME,0.6694,0.7751,0.6147,0.3563,0.5498,7.4,0.6,10.5,0.4,27.0,7.0,9.1,2.8,1.9,25.2,23.5,12.1,78.2,29.1,10.7,16.2,29.8,74.7,39.9,6.0,1,0,0,0
23031,York County,ME,0.1304,0.1626,0.1174,0.2214,0.2879,5.2,1.0,5.4,0.4,13.5,3.4,5.3,2.0,5.1,25.6,15.0,8.2,77.8,26.8,8.0,9.7,30.5,81.6,32.9,3.0,1,0,0,0
24001,Allegany County,MD,0.5552,0.532,0.3917,0.3847,0.7302,9.6,7.2,4.0,0.3,26.4,6.8,9.4,2.0,6.5,23.3,18.9,13.3,77.5,26.6,11.3,19.3,32.7,77.6,37.4,5.0,0,1,0,0
24003,Anne Arundel County,MD,0.1639,0.0773,0.2027,0.7286,0.2962,3.8,17.2,4.5,1.4,9.7,4.2,6.5,8.7,13.2,19.3,10.7,35.4,78.2,20.4,9.1,11.9,31.6,86.0,34.2,2.0,0,1,0,0
24005,Baltimore County,MD,0.5571,0.3653,0.5103,0.8428,0.6748,7.8,29.6,5.3,1.9,16.1,5.2,8.3,6.1,18.5,26.6,11.9,45.9,78.5,21.4,11.3,16.4,33.1,79.2,34.2,2.0,0,1,0,0
24009,Calvert County,MD,0.0057,0.0095,0.0261,0.5978,0.0159,3.1,12.1,3.2,0.3,7.8,3.2,5.5,4.6,4.4,15.9,9.6,24.4,77.3,20.5,9.1,10.9,32.6,82.1,35.9,4.0,0,1,0,0
24011,Caroline County,MD,0.7579,0.7318,0.868,0.6277,0.5218,6.1,13.2,6.8,2.1,26.6,4.6,15.6,8.2,1.8,29.1,14.6,26.7,76.4,25.1,11.8,20.0,34.9,75.1,41.3,6.0,0,1,0,1
24013,Carroll County,MD,0.0277,0.0153,0.0662,0.3824,0.1285,4.0,3.7,2.9,0.6,8.9,3.1,5.8,4.1,6.0,17.1,12.5,13.2,73.5,23.5,8.5,9.5,32.7,81.2,37.4,2.0,0,1,0,0
24015,Cecil County,MD,0.322,0.2991,0.2539,0.4839,0.4661,5.2,6.6,3.9,0.9,17.6,4.9,8.6,4.9,6.2,24.5,13.0,17.5,75.2,24.0,11.0,13.9,34.1,72.6,40.8,2.0,0,1,0,0
24017,Charles County,MD,0.174,0.0951,0.3894,0.9424,0.1028,3.3,48.3,4.0,1.0,10.1,4.9,5.6,6.7,6.1,20.0,10.4,64.7,79.9,17.9,11.8,16.7,32.8,80.2,41.3,2.0,0,1,0,0
24019,Dorchester County,MD,0.7824,0.6809,0.9513,0.7655,0.4766,10.0,25.6,5.2,1.7,25.6,5.5,12.2,6.1,4.8,31.5,17.0,38.7,78.5,21.6,12.8,21.0,31.1,81.2,41.9,5.0,0,1,0,1
24021,Frederick County,MD,0.1234,0.063,0.2504,0.6726,0.1763,3.9,9.8,4.5,1.7,9.6,3.7,6.7,11.0,10.8,19.0,9.9,30.5,77.2,21.0,9.4,10.9,35.0,74.7,34.3,2.0,0,1,0,0
24023,Garrett County,MD,0.2564,0.2389,0.448,0.0299,0.4356,7.4,1.3,5.8,0.3,20.1,4.6,9.5,1.3,3.1,17.9,18.2,4.4,75.9,22.7,10.4,13.4,35.4,75.6,36.2,6.0,0,1,0,0
24025,Harford County,MD,0.0789,0.0531,0.1355,0.6233,0.1397,4.0,14.0,3.5,0.9,11.9,3.7,5.8,5.0,10.6,19.6,11.0,26.4,77.6,22.4,9.7,11.4,34.8,80.6,35.4,2.0,0,1,0,0
24027,Howard County,MD,0.1483,0.027,0.4769,0.8785,0.1689,4.0,19.7,3.9,3.6,8.7,3.8,4.8,7.5,18.5,17.1,8.4,51.6,79.3,18.2,9.1,9.7,35.5,82.9,29.6,2.0,0,1,0,0
24029,Kent County,MD,0.4353,0.3003,0.5931,0.5778,0.4674,6.5,14.1,4.3,1.1,17.6,3.3,9.5,4.7,5.4,29.9,15.0,23.2,76.7,24.0,10.3,14.1,33.9,81.5,36.4,6.0,0,1,0,0
24031,Montgomery County,MD,0.4893,0.2711,0.4388,0.9122,0.623,7.9,18.2,6.7,6.6,12.0,4.8,8.7,20.0,28.4,22.1,8.8,58.6,75.4,17.7,9.2,12.5,36.6,80.2,25.9,2.0,0,1,0,0
24033,Prince George's County,MD,0.8161,0.7159,0.5116,0.9914,0.8676,9.3,60.4,10.5,7.4,14.9,6.7,12.9,20.0,22.8,27.9,9.9,88.4,76.9,15.1,13.6,22.4,32.9,80.7,41.9,2.0,0,1,0,0
24035,Queen Anne's County,MD,0.043,0.1215,0.112,0.4496,0.0188,3.1,5.8,5.0,1.1,11.2,3.6,6.7,4.6,2.6,22.2,10.1,15.8,74.0,23.9,8.8,10.9,30.7,81.5,29.2,2.0,0,1,0,0
24037,St. Mary's County,MD,0.2466,0.0945,0.4057,0.6449,0.4244,4.5,14.3,4.0,0.8,12.5,3.7,8.2,5.7,9.6,19.8,11.3,28.2,76.5,21.5,10.3,12.3,33.8,77.4,37.2,4.0,0,1,0,0
24039,Somerset County,MD,0.8794,0.797,0.4639,0.861,0.987,7.5,38.9,3.9,1.3,29.5,7.0,15.3,4.0,9.8,31.7,16.1,48.2,78.6,21.1,13.3,24.2,34.0,75.6,39.8,4.0,0,1,0,1
24041,Talbot County,MD,0.3338,0.1852,0.7935,0.5854,0.2316,7.2,12.1,4.4,2.0,16.4,3.2,7.8,7.3,2.7,24.6,16.7,23.6,77.7,22.8,9.2,13.1,32.9,79.9,30.8,5.0,0,1,0,0
24043,Washington County,MD,0.6325,0.4788,0.5867,0.5867,0.7846,7.9,11.1,5.5,1.1,20.1,5.0,11.6,6.2,8.4,24.8,15.3,23.7,77.5,23.7,11.4,16.7,30.9,74.7,39.0,3.0,0,1,0,0
24045,Wicomico County,MD,0.7916,0.7178,0.5829,0.7735,0.8438,7.4,25.8,6.5,2.4,23.0,6.9,11.5,5.7,12.8,28.9,12.2,39.3,80.0,22.0,11.5,17.6,35.7,76.6,40.9,4.0,0,1,0,1
24047,Worcester County,MD,0.4305,0.3933,0.3697,0.5437,0.4798,5.6,12.2,5.8,0.6,15.0,6.5,6.5,3.8,32.8,27.4,15.3,21.0,78.4,22.6,9.7,12.8,32.8,77.7,33.5,5.0,0,1,0,0
24510,Baltimore City,MD,0.8565,0.811,0.6169,0.9698,0.8466,26.5,60.7,5.5,1.6,29.4,6.9,12.9,5.9,18.5,36.3,16.4,73.0,80.1,23.6,13.7,25.4,33.6,81.4,38.8,1.0,0,1,0,0
25001,Barnstable County,MA,0.1279,0.1537,0.3003,0.3917,0.1107,5.0,2.8,3.0,1.5,12.0,4.5,4.1,3.5,4.2,25.8,13.8,13.5,80.0,25.3,7.1,9.8,29.7,82.4,26.8,4.0,1,0,0,0
25003,Berkshire County,MA,0.4235,0.3242,0.4311,0.3939,0.6061,9.4,2.7,2.1,0.7,18.4,5.3,6.6,5.3,7.4,29.2,14.9,13.6,77.9,27.0,8.2,12.6,29.5,78.4,31.5,4.0,1,0,0,0
25005,Bristol County,MA,0.6227,0.5148,0.6332,0.5558,0.699,9.6,3.8,2.9,4.2,18.1,5.7,13.9,9.0,9.6,28.0,14.3,21.9,80.2,24.5,9.1,15.7,31.7,82.0,32.0,2.0,1,0,0,0
25007,Dukes County,MA,0.133,0.3821,0.2704,0.5094,0.0064,3.9,2.9,6.5,5.0,12.8,7.0,5.8,3.6,0.9,26.4,10.0,18.9,78.8,25.7,7.3,9.7,28.9,81.8,25.3,5.0,1,0,0,0
25009,Essex County,MA,0.6055,0.3869,0.5584,0.7038,0.8024,9.9,3.4,2.9,6.9,16.1,5.3,10.1,22.7,15.0,28.8,12.0,33.1,79.1,23.0,8.7,14.1,30.6,83.6,30.0,2.0,1,0,0,0
25011,Franklin County,MA,0.4375,0.3742,0.5619,0.3248,0.5037,7.3,1.1,2.2,1.1,19.8,5.7,6.3,4.6,6.1,31.2,16.8,11.1,78.5,27.1,8.1,12.0,30.2,81.4,26.1,5.0,1,0,0,0
25013,Hampden County,MA,0.8177,0.6637,0.8638,0.7798,0.776,12.2,7.5,3.1,5.6,24.0,6.2,13.3,26.8,11.5,32.3,16.3,39.6,78.7,27.5,10.5,19.7,30.6,80.9,35.2,3.0,1,0,0,0
25015,Hampshire County,MA,0.2708,0.2463,0.0582,0.4763,0.664,7.4,2.0,2.0,1.1,16.4,5.3,4.8,6.2,9.4,27.3,11.7,17.2,79.8,27.8,7.8,10.7,28.1,83.8,24.4,4.0,1,0,0,0
25017,Middlesex County,MA,0.2854,0.1219,0.062,0.6885,0.8282,10.5,4.9,2.5,4.3,11.6,4.4,6.6,8.4,20.2,22.2,9.7,31.7,78.9,24.1,7.7,9.8,31.8,81.6,23.8,2.0,1,0,0,0
25019,Nantucket County,MA,0.1031,0.1728,0.0442,0.6548,0.1199,4.0,9.4,4.7,0.9,10.6,5.5,2.7,15.1,1.5,23.0,10.3,29.2,79.6,22.7,7.2,9.0,30.3,82.1,26.9,5.0,1,0,0,0
25021,Norfolk County,MA,0.2959,0.1378,0.126,0.6487,0.741,9.1,6.8,1.9,3.8,10.4,5.0,5.8,5.2,19.3,22.7,9.6,28.6,79.8,22.6,7.7,9.8,31.5,86.4,23.4,2.0,1,0,0,0
25023,Plymouth County,MA,0.3064,0.1992,0.3605,0.5597,0.4715,6.3,8.7,2.4,2.8,11.0,5.2,6.9,4.4,8.2,24.4,11.2,22.1,79.5,24.9,8.2,12.2,31.9,86.6,29.7,2.0,1,0,0,0
25025,Suffolk County,MA,0.7849,0.6853,0.1982,0.8988,0.978,31.8,18.5,3.5,10.1,24.6,6.7,12.9,23.5,33.5,31.4,12.2,56.2,79.6,22.5,10.1,17.2,32.7,85.0,25.2,1.0,1,0,0,0
25027,Worcester County,MA,0.51,0.3373,0.406,0.6268,0.7423,8.7,4.7,2.5,3.8,15.8,5.6,8.6,12.5,11.4,26.5,12.6,26.6,79.7,26.2,9.0,13.7,30.9,84.0,32.5,3.0,1,0,0,0
26001,Alcona County,MI,0.1298,0.4203,0.2234,0.1094,0.0274,3.5,0.4,4.3,0.1,23.9,6.3,8.8,1.8,0.5,21.4,23.0,6.2,77.4,29.3,9.9,15.2,31.0,76.8,39.1,6.0,0,0,0,0
26003,Alger County,MI,0.2908,0.209,0.1075,0.4948,0.6866,5.9,7.8,3.5,0.0,18.9,5.1,6.3,2.0,3.3,21.9,18.3,18.0,76.9,26.2,10.0,15.7,30.3,75.6,36.6,6.0,0,0,0,0
26005,Allegan County,MI,0.1677,0.1225,0.3694,0.3977,0.2278,3.1,1.3,5.1,0.8,17.6,3.4,8.3,7.7,2.6,18.5,10.6,13.8,77.1,26.9,9.4,14.0,29.2,78.0,35.3,5.0,0,0,0,0
26007,Alpena County,MI,0.4165,0.4951,0.4617,0.0881,0.4563,9.0,0.8,5.5,0.1,28.0,7.4,7.2,1.5,4.3,21.1,19.9,5.8,77.5,30.2,10.5,16.8,30.9,73.1,41.3,5.0,0,0,0,0
26009,Antrim County,MI,0.0566,0.1479,0.0904,0.1339,0.0977,3.6,0.6,5.6,0.0,16.8,4.6,5.7,2.5,1.9,19.6,15.5,6.7,77.4,27.8,8.8,11.9,30.3,76.0,36.4,6.0,0,0,0,0
26011,Arenac County,MI,0.377,0.4696,0.5052,0.1276,0.3306,7.3,0.6,5.7,0.5,23.5,7.2,10.6,2.2,2.8,19.1,19.5,6.6,76.6,29.7,10.3,16.6,30.7,76.2,38.4,6.0,0,0,0,0
26013,Baraga County,MI,0.4178,0.2975,0.202,0.6402,0.7006,7.9,7.8,4.7,0.2,24.6,4.9,8.7,1.8,3.3,19.3,19.7,27.9,77.0,27.6,11.6,20.2,30.7,74.2,40.7,6.0,0,0,0,0
26015,Barry County,MI,0.0668,0.1604,0.1206,0.1753,0.0865,3.4,0.6,4.9,0.3,14.8,5.3,6.9,3.5,2.1,19.4,13.6,7.4,76.9,27.6,8.9,12.7,31.5,77.1,36.6,2.0,0,0,0,0
26017,Bay County,MI,0.294,0.371,0.3048,0.3248,0.2978,6.9,1.2,5.2,0.1,22.2,4.8,9.0,5.7,6.7,22.6,15.8,11.1,76.9,28.4,9.9,15.3,29.8,77.6,37.9,4.0,0,0,0,0
26019,Benzie County,MI,0.0818,0.2456,0.0547,0.1861,0.1056,2.9,0.7,6.7,0.0,17.9,4.5,6.6,2.5,1.6,21.7,15.6,7.6,77.4,28.4,8.9,11.9,29.6,74.1,35.4,4.0,0,0,0,0
26021,Berrien County,MI,0.6338,0.6179,0.5743,0.6223,0.5737,7.8,13.9,6.3,0.6,25.8,6.6,8.4,5.9,6.5,25.5,13.8,26.3,77.1,27.1,10.7,17.1,29.9,74.6,38.9,4.0,0,0,0,0
26023,Branch County,MI,0.7181,0.5883,0.6949,0.3248,0.8921,6.4,1.8,10.7,2.9,25.3,4.9,11.2,5.6,4.1,20.5,14.7,11.1,76.3,28.7,10.9,18.0,30.8,72.8,35.9,5.0,0,0,0,0
26025,Calhoun County,MI,0.6815,0.5982,0.678,0.5867,0.6888,7.4,9.9,5.8,1.0,24.2,6.8,8.9,5.7,11.7,25.5,14.3,23.7,77.9,27.9,11.2,18.1,31.6,74.2,42.5,4.0,0,0,0,0
26027,Cass County,MI,0.2122,0.3554,0.2097,0.4356,0.1324,4.1,4.8,5.7,0.2,20.0,5.0,10.3,4.2,2.1,20.9,16.3,15.3,77.0,28.6,10.0,15.7,31.0,76.7,36.1,3.0,0,0,0,0
26029,Charlevoix County,MI,0.1518,0.1759,0.2542,0.1753,0.2418,5.5,0.5,7.2,0.5,16.2,3.8,5.3,2.4,4.4,21.5,14.2,7.4,77.5,27.1,8.6,11.4,30.2,77.9,35.0,6.0,0,0,0,0
26031,Cheboygan County,MI,0.2599,0.4995,0.2281,0.2781,0.139,4.7,0.8,6.0,0.3,23.1,7.2,10.3,1.6,1.5,20.3,19.1,9.7,77.4,29.3,10.2,16.0,30.7,72.2,41.0,6.0,0,0,0,0
26033,Chippewa County,MI,0.6373,0.5574,0.1769,0.6971,0.9112,7.7,5.2,6.9,0.3,25.8,7.7,7.7,2.1,5.8,21.8,18.0,32.4,77.9,27.4,11.2,19.0,31.2,75.6,36.4,5.0,0,0,0,0
26035,Clare County,MI,0.693,0.9068,0.5527,0.1094,0.5339,7.8,0.7,11.7,0.3,31.9,9.3,12.9,2.3,2.3,23.6,23.3,6.2,77.2,30.4,11.1,19.5,32.2,71.5,40.1,6.0,0,0,0,0
26037,Clinton County,MI,0.0414,0.0554,0.1136,0.3388,0.0802,2.6,1.7,4.0,0.4,15.3,3.7,4.9,4.8,6.9,18.9,12.9,11.5,78.5,28.1,8.6,11.8,31.2,78.5,35.0,3.0,0,0,0,0
26039,Crawford County,MI,0.3707,0.5157,0.4276,0.182,0.2739,7.2,0.3,5.5,0.2,25.0,6.1,9.0,2.3,1.1,23.0,22.0,7.5,77.4,30.2,10.4,16.2,30.2,75.1,37.1,6.0,0,0,0,0
26041,Delta County,MI,0.335,0.3506,0.2402,0.2536,0.5463,8.9,0.3,5.3,0.0,22.5,5.2,7.7,1.5,5.9,22.1,17.7,9.1,76.7,30.6,10.0,15.4,29.2,74.3,40.0,5.0,0,0,0,0
26043,Dickinson County,MI,0.0945,0.0576,0.1798,0.1225,0.3589,6.9,0.8,4.9,0.2,18.4,3.8,4.0,1.8,4.1,15.3,16.7,6.5,77.7,29.7,9.3,13.0,30.1,79.5,38.1,5.0,0,0,0,0
26045,Eaton County,MI,0.1782,0.1244,0.265,0.503,0.2886,4.3,6.9,4.4,0.5,13.9,4.8,5.2,5.8,12.6,20.7,15.8,18.5,78.4,27.9,9.3,12.9,30.6,77.3,38.8,3.0,0,0,0,0
26047,Emmet County,MI,0.1149,0.1406,0.0706,0.3118,0.2994,5.3,0.8,6.2,0.1,15.8,3.8,4.5,2.0,6.4,21.5,12.8,10.7,77.9,27.2,8.5,10.9,30.0,77.9,32.7,5.0,0,0,0,0
26049,Genesee County,MI,0.6573,0.6424,0.7369,0.6513,0.4683,7.9,19.3,4.8,0.5,25.7,8.5,9.0,3.8,8.6,27.3,17.7,28.8,78.1,28.3,11.0,20.1,31.8,76.7,40.6,3.0,0,0,0,0
26051,Gladwin County,MI,0.5202,0.7133,0.4349,0.0821,0.4687,6.8,0.3,8.6,0.5,26.2,6.9,11.0,2.0,1.9,22.6,20.1,5.7,77.2,29.6,10.4,17.2,31.2,75.6,40.3,6.0,0,0,0,0
26053,Gogebic County,MI,0.2418,0.3178,0.1686,0.2587,0.3506,8.3,1.7,5.1,0.2,26.8,6.0,3.8,1.9,3.4,20.0,16.8,9.2,77.7,29.0,10.5,16.4,31.4,74.4,37.1,6.0,0,0,0,0
26055,Grand Traverse County,MI,0.2033,0.1737,0.0856,0.2214,0.6227,5.8,0.7,5.1,0.3,16.7,3.9,5.1,3.1,8.4,23.8,12.4,8.2,77.8,27.0,8.4,11.0,29.5,75.7,35.3,4.0,0,0,0,0
26057,Gratiot County,MI,0.4171,0.3509,0.1839,0.4356,0.7251,5.2,5.6,5.1,0.4,23.7,4.9,8.1,6.6,4.8,21.8,15.7,15.3,77.1,27.3,10.5,17.2,31.0,75.5,37.5,5.0,0,0,0,0
26059,Hillsdale County,MI,0.483,0.4703,0.322,0.1225,0.7751,6.1,0.7,7.0,0.5,26.6,4.4,9.7,2.6,3.8,21.8,15.2,6.5,77.0,31.0,10.6,17.4,32.5,74.8,37.8,5.0,0,0,0,0
26061,Houghton County,MI,0.4213,0.5259,0.0216,0.2444,0.8778,9.1,1.1,6.3,0.7,28.0,6.2,5.8,1.8,7.5,24.2,11.4,8.9,77.4,27.0,9.8,13.9,29.8,73.6,36.9,5.0,0,0,0,0
26063,Huron County,MI,0.2046,0.3703,0.2227,0.0757,0.2014,6.2,0.5,6.1,0.4,22.9,5.3,8.7,2.7,2.2,20.2,15.9,5.6,76.7,29.0,10.1,15.9,30.2,74.2,38.8,6.0,0,0,0,0
26065,Ingham County,MI,0.5759,0.5326,0.1282,0.6911,0.8543,9.1,11.4,5.0,1.5,24.9,6.4,6.4,8.2,19.2,29.3,13.6,31.9,78.6,26.9,10.6,15.3,30.1,77.2,36.6,3.0,0,0,0,0
26067,Ionia County,MI,0.3296,0.294,0.0786,0.4085,0.7378,5.3,3.9,6.7,0.3,17.9,5.3,8.7,5.2,6.3,19.6,13.3,14.1,77.1,27.1,9.9,15.3,29.9,75.6,40.1,2.0,0,0,0,0
26069,Iosco County,MI,0.4362,0.6682,0.3987,0.1985,0.2444,7.5,0.7,6.4,0.3,28.4,7.4,10.2,2.7,3.2,22.8,20.7,7.8,76.8,30.0,10.7,18.1,31.4,73.4,38.8,6.0,0,0,0,0
26071,Iron County,MI,0.3239,0.3493,0.4308,0.1457,0.4213,7.7,0.7,6.0,0.1,24.0,4.6,7.3,2.3,3.2,22.1,20.8,6.9,76.5,28.9,10.2,15.9,30.8,76.5,39.2,6.0,0,0,0,0
26073,Isabella County,MI,0.5711,0.7881,0.0153,0.4445,0.8883,7.0,2.4,7.8,0.4,34.3,7.2,7.4,4.4,14.7,30.3,14.4,15.7,78.4,29.8,11.6,18.5,31.0,73.9,43.1,5.0,0,0,0,0
26075,Jackson County,MI,0.5014,0.4279,0.3535,0.4725,0.706,7.0,7.8,5.7,0.4,20.7,6.3,8.0,3.8,6.3,22.7,14.9,17.0,76.1,28.0,10.4,15.5,30.5,77.6,39.3,4.0,0,0,0,0
26077,Kalamazoo County,MI,0.4257,0.4098,0.1486,0.5927,0.6109,6.8,10.6,4.9,0.7,21.5,6.4,5.6,5.4,16.8,25.7,12.4,24.1,78.5,29.1,9.4,14.6,31.0,77.8,38.9,3.0,0,0,0,0
26079,Kalkaska County,MI,0.3035,0.5332,0.1966,0.1861,0.2561,5.3,0.9,7.3,0.1,25.9,4.6,11.6,2.6,1.6,21.8,18.6,7.6,76.9,29.5,10.3,16.4,30.7,73.0,38.2,4.0,0,0,0,0
26081,Kent County,MI,0.4464,0.2587,0.4674,0.6437,0.6239,6.7,9.2,5.0,2.7,18.1,4.5,7.6,11.1,13.2,23.3,10.7,28.1,78.4,27.7,9.6,13.9,28.2,77.9,34.9,1.0,0,0,0,0
26083,Keweenaw County,MI,0.0076,0.1098,0.0929,0.0229,0.0029,2.2,0.0,7.5,0.1,15.1,4.7,1.9,1.6,0.4,15.9,13.2,4.2,77.7,28.1,8.5,10.5,30.3,75.8,34.3,5.0,0,0,0,0
26085,Lake County,MI,0.721,0.9259,0.3118,0.5119,0.5342,9.3,9.9,7.0,0.2,34.8,7.5,17.7,3.1,0.2,29.3,26.0,19.0,76.7,28.1,12.5,24.2,31.0,70.3,40.3,6.0,0,0,0,0
26087,Lapeer County,MI,0.2065,0.2507,0.2644,0.2733,0.2571,4.3,1.1,6.4,1.0,17.2,5.3,8.0,5.0,2.5,19.3,14.4,9.6,76.6,27.5,9.3,14.0,29.8,75.3,35.0,2.0,0,0,0,0
26089,Leelanau County,MI,0.0118,0.0328,0.0687,0.3016,0.0229,4.0,0.4,4.7,0.3,12.2,3.2,3.8,4.4,0.8,18.9,13.9,10.4,78.1,26.6,7.9,9.5,29.4,77.5,31.9,4.0,0,0,0,0
26091,Lenawee County,MI,0.4403,0.4171,0.3662,0.4165,0.5441,5.2,2.1,5.5,1.0,19.5,5.6,8.9,8.5,4.7,23.7,14.1,14.5,75.8,29.0,10.0,15.1,31.5,76.7,40.8,5.0,0,0,0,0
26093,Livingston County,MI,0.0041,0.0318,0.0162,0.1339,0.049,3.0,0.6,3.3,0.3,9.0,4.0,3.9,2.7,4.9,18.5,10.9,6.7,78.0,26.6,7.6,9.3,29.7,77.6,31.9,2.0,0,0,0,0
26095,Luce County,MI,0.5313,0.5005,0.5698,0.5218,0.5037,5.6,9.7,2.6,0.7,29.1,8.3,8.2,1.6,2.5,21.7,24.5,19.5,77.5,25.5,11.6,19.2,31.0,73.1,41.3,6.0,0,0,0,0
26097,Mackinac County,MI,0.6211,0.6029,0.448,0.6437,0.6465,12.1,3.8,11.2,0.7,25.5,10.1,7.4,2.3,4.0,19.1,19.0,28.1,77.7,28.5,11.5,20.3,30.6,72.7,41.3,6.0,0,0,0,0
26099,Macomb County,MI,0.4079,0.4127,0.4095,0.5867,0.3353,5.8,12.3,5.1,2.3,16.9,5.7,9.4,2.9,8.0,25.4,14.0,23.7,79.7,26.9,9.6,15.9,32.5,78.5,37.3,2.0,0,0,0,0
26101,Manistee County,MI,0.3583,0.3961,0.2724,0.3592,0.4438,5.0,3.2,4.5,0.4,19.9,6.6,9.7,3.6,2.1,21.6,18.9,12.2,77.3,28.3,9.9,15.5,30.1,75.8,37.0,6.0,0,0,0,0
26103,Marquette County,MI,0.2291,0.3277,0.0353,0.2323,0.5571,6.0,1.6,4.1,0.3,22.0,5.6,4.6,1.7,8.2,24.7,14.6,8.6,78.9,28.6,9.4,13.0,29.9,71.3,38.0,5.0,0,0,0,0
26105,Mason County,MI,0.3812,0.3598,0.3032,0.2816,0.5756,6.8,1.1,6.6,0.3,23.0,4.8,6.5,4.8,5.3,22.6,16.5,9.8,77.5,28.7,10.1,15.3,30.3,75.7,40.5,5.0,0,0,0,0
26107,Mecosta County,MI,0.6102,0.6141,0.2418,0.2816,0.9122,6.2,2.5,7.8,0.4,28.1,5.5,8.0,2.7,3.7,24.5,17.5,9.8,77.7,30.1,10.4,17.2,30.7,73.1,38.3,5.0,0,0,0,0
26109,Menominee County,MI,0.1553,0.181,0.1565,0.2062,0.3194,6.8,0.5,5.0,0.1,19.8,4.5,7.3,2.1,4.1,19.2,16.4,7.9,76.8,29.8,9.9,15.6,30.2,77.9,38.9,5.0,0,0,0,0
26111,Midland County,MI,0.1683,0.1473,0.1257,0.2854,0.4413,5.8,1.5,3.9,0.3,17.4,5.0,5.0,3.1,7.6,20.6,13.8,9.9,77.5,27.2,8.7,11.8,30.9,78.0,31.7,4.0,0,0,0,0
26113,Missaukee County,MI,0.4757,0.6246,0.5663,0.2062,0.2991,3.9,0.5,9.1,0.5,22.5,6.9,9.6,3.2,1.1,22.6,18.1,7.9,77.4,29.4,10.2,15.8,31.3,73.8,39.2,5.0,0,0,0,0
26115,Monroe County,MI,0.1588,0.2771,0.1066,0.2914,0.2046,5.2,2.1,3.6,0.2,17.5,5.7,8.3,4.0,5.7,22.1,14.8,10.1,76.7,28.0,9.8,13.5,31.7,68.2,40.3,4.0,0,0,0,0
26117,Montcalm County,MI,0.4607,0.4722,0.1833,0.335,0.7273,6.0,3.2,8.4,0.6,21.9,4.2,11.9,3.7,2.7,21.6,16.5,11.4,77.8,28.0,10.6,17.3,31.5,75.2,42.2,2.0,0,0,0,0
26119,Montmorency County,MI,0.4311,0.7518,0.3977,0.0627,0.1957,7.4,0.3,6.5,0.1,29.2,6.2,11.8,1.5,1.2,26.0,24.0,5.3,76.8,29.9,10.5,17.5,31.0,73.7,38.3,6.0,0,0,0,0
26121,Muskegon County,MI,0.63,0.5091,0.4798,0.6029,0.7945,7.1,13.0,4.9,0.4,24.0,7.5,7.9,6.1,6.7,23.7,14.3,24.7,77.6,28.5,10.7,17.3,30.4,78.3,44.2,4.0,0,0,0,0
26123,Newaygo County,MI,0.5463,0.5367,0.6974,0.3322,0.4868,4.4,0.9,7.5,0.7,25.1,4.7,10.6,6.1,1.5,22.8,18.6,11.3,76.9,28.4,10.3,17.2,31.0,70.9,37.5,6.0,0,0,0,0
26125,Oakland County,MI,0.1435,0.1298,0.1225,0.6656,0.2119,5.5,13.0,4.1,1.7,12.4,4.8,5.3,4.5,11.8,21.7,11.4,30.1,79.3,21.5,8.5,11.4,29.6,74.9,30.9,2.0,0,0,0,0
26127,Oceana County,MI,0.6252,0.5212,0.7051,0.5218,0.6443,4.8,0.9,8.9,1.6,26.0,5.0,10.3,15.4,1.0,19.9,16.9,19.5,75.9,27.9,10.6,17.9,30.8,75.6,40.7,6.0,0,0,0,0
26129,Ogemaw County,MI,0.4766,0.6503,0.4919,0.1152,0.3681,5.7,0.5,5.0,0.2,27.9,7.1,11.8,2.3,2.3,23.2,22.4,6.3,76.5,30.1,10.7,17.6,30.4,72.0,39.2,6.0,0,0,0,0
26131,Ontonagon County,MI,0.1269,0.2899,0.2033,0.1037,0.0939,4.9,0.9,4.0,0.2,24.8,6.3,6.4,1.6,1.8,19.2,20.1,6.1,77.0,29.3,10.1,15.8,31.2,70.7,37.2,6.0,0,0,0,0
26133,Osceola County,MI,0.5924,0.6608,0.6115,0.182,0.5924,6.9,0.9,9.1,0.2,25.5,7.7,10.7,2.3,1.5,20.2,19.6,7.5,77.2,29.6,10.4,17.4,30.7,76.0,39.4,6.0,0,0,0,0
26135,Oscoda County,MI,0.5797,0.8801,0.5482,0.0932,0.2778,7.2,0.4,14.9,0.4,27.5,8.9,14.6,1.9,1.4,21.1,23.0,5.9,76.4,30.2,11.2,19.4,31.1,72.1,38.2,6.0,0,0,0,0
26137,Otsego County,MI,0.2759,0.3322,0.5692,0.0983,0.2339,5.9,0.8,7.5,0.1,20.1,4.8,5.7,1.9,3.1,22.9,16.7,6.0,77.9,29.0,9.4,13.4,30.4,76.9,37.9,6.0,0,0,0,0
26139,Ottawa County,MI,0.1371,0.0544,0.119,0.4814,0.4801,3.9,1.6,3.4,1.2,13.2,3.8,5.8,10.2,7.8,19.3,10.1,17.4,79.7,27.0,8.5,11.8,29.3,78.8,33.2,2.0,0,0,0,0
26141,Presque Isle County,MI,0.1957,0.356,0.3083,0.0579,0.1534,5.7,0.3,6.0,0.5,23.6,6.4,7.9,1.6,0.9,18.0,18.5,5.2,77.4,29.9,10.1,15.8,31.1,74.4,41.1,6.0,0,0,0,0
26143,Roscommon County,MI,0.3898,0.5129,0.5065,0.1696,0.2781,7.9,0.4,5.4,0.6,26.7,5.7,9.3,2.2,1.2,22.6,24.0,7.3,77.0,29.4,10.0,15.7,30.1,71.4,39.0,6.0,0,0,0,0
26145,Saginaw County,MI,0.6707,0.601,0.6774,0.6885,0.6013,8.0,18.4,4.5,0.4,27.8,6.6,9.5,9.0,7.7,25.1,17.7,31.7,78.8,27.6,11.6,20.8,29.6,77.1,37.1,4.0,0,0,0,0
26147,St. Clair County,MI,0.2914,0.4302,0.3707,0.2781,0.1985,5.6,2.3,4.7,0.3,20.0,6.7,8.1,3.6,4.2,23.9,16.7,9.7,78.0,28.9,9.5,14.7,29.8,71.8,36.2,2.0,0,0,0,0
26149,St. Joseph County,MI,0.5905,0.5667,0.763,0.4248,0.4712,8.2,2.1,9.1,1.3,21.4,5.3,12.8,8.6,5.7,21.2,16.8,14.8,76.4,28.7,10.5,17.0,29.7,74.2,38.3,5.0,0,0,0,0
26151,Sanilac County,MI,0.4613,0.5577,0.5017,0.1508,0.4397,6.0,0.4,7.5,0.5,25.2,6.5,9.1,4.1,2.9,21.1,17.9,7.0,76.8,29.6,10.3,16.7,31.0,72.8,39.9,6.0,0,0,0,0
26153,Schoolcraft County,MI,0.552,0.7016,0.6265,0.434,0.2762,7.4,0.6,6.9,0.7,28.1,7.9,11.0,1.4,3.3,22.3,21.1,15.2,77.3,29.5,10.8,18.2,30.8,72.1,40.1,6.0,0,0,0,0
26155,Shiawassee County,MI,0.1489,0.2224,0.1709,0.1339,0.2383,5.8,0.7,4.8,0.3,19.7,4.1,7.9,3.0,4.4,21.7,15.6,6.7,77.9,29.6,9.9,14.5,31.1,73.8,38.5,5.0,0,0,0,0
26157,Tuscola County,MI,0.2841,0.3786,0.2555,0.2109,0.3544,5.2,1.0,5.1,0.1,22.7,6.1,8.5,3.8,1.8,20.5,19.3,8.0,76.5,29.1,10.1,15.9,30.9,74.3,41.4,6.0,0,0,0,0
26159,Van Buren County,MI,0.6494,0.5593,0.7413,0.5326,0.6281,5.5,3.4,7.5,1.6,23.5,4.7,11.6,11.9,4.3,23.6,13.4,20.2,77.5,28.6,10.8,17.5,30.9,74.2,39.2,6.0,0,0,0,0
26161,Washtenaw County,MI,0.3223,0.2571,0.0232,0.6847,0.8056,8.1,11.4,3.5,1.4,19.5,4.7,4.2,5.1,16.3,27.7,10.1,31.4,77.0,26.7,8.6,11.5,27.6,77.9,29.0,3.0,0,0,0,0
26163,Wayne County,MI,0.861,0.8234,0.881,0.8769,0.6367,12.1,37.4,5.8,2.7,29.7,9.0,12.2,6.3,11.5,30.3,15.4,51.3,79.5,24.9,12.5,24.2,31.8,76.6,37.3,1.0,0,0,0,0
26165,Wexford County,MI,0.5056,0.5355,0.5581,0.2109,0.5288,5.4,0.9,6.8,0.2,25.0,6.3,10.0,2.3,2.8,20.8,17.7,8.0,76.9,29.5,10.3,16.5,30.5,70.0,38.8,5.0,0,0,0,0
27001,Aitkin County,MN,0.2838,0.4464,0.2698,0.1508,0.2755,5.2,0.4,5.6,0.1,21.0,5.8,7.4,1.4,2.8,25.2,20.6,7.0,71.9,26.8,9.7,14.2,28.1,75.7,33.4,6.0,0,0,0,0
27003,Anoka County,MN,0.1807,0.0837,0.3303,0.5654,0.3178,4.7,7.8,4.3,2.1,11.4,4.0,5.8,5.1,11.5,20.5,9.8,22.4,71.4,25.1,9.3,12.1,28.2,75.2,35.8,2.0,0,0,0,0
27005,Becker County,MN,0.3808,0.2615,0.4451,0.4165,0.5616,5.1,0.7,6.4,0.2,20.5,4.3,6.9,2.3,5.8,21.5,14.7,14.5,73.5,25.8,8.9,13.3,28.1,73.7,37.3,5.0,0,0,0,0
27007,Beltrami County,MN,0.755,0.5768,0.4572,0.6548,0.9647,6.9,0.9,8.1,0.3,27.1,5.4,7.6,2.6,11.3,23.8,14.8,29.2,71.6,27.5,10.2,16.6,28.7,77.3,39.8,5.0,0,0,0,1
27009,Benton County,MN,0.3719,0.1362,0.4136,0.3748,0.8301,5.3,5.5,3.5,0.9,16.5,3.7,8.3,3.1,22.1,20.9,11.2,12.8,73.1,26.1,9.3,12.8,29.3,79.2,41.2,4.0,0,0,0,0
27011,Big Stone County,MN,0.0881,0.0592,0.1855,0.0474,0.3567,4.7,0.1,4.8,0.5,18.3,2.0,6.6,2.2,7.2,18.1,13.1,4.9,71.4,24.8,9.3,12.9,28.9,76.8,38.2,6.0,0,0,0,0
27013,Blue Earth County,MN,0.3831,0.2822,0.0433,0.4018,0.9325,7.0,4.6,3.6,1.2,24.7,3.7,5.2,4.1,17.1,27.3,10.9,13.9,73.5,26.3,10.0,13.4,29.1,81.1,36.8,4.0,0,0,0,0
27015,Brown County,MN,0.1145,0.05,0.237,0.1928,0.413,4.6,0.8,4.1,0.6,15.8,2.7,7.0,4.8,7.3,18.2,11.5,7.7,73.2,25.1,9.0,12.2,27.9,78.3,36.2,5.0,0,0,0,0
27017,Carlton County,MN,0.3678,0.21,0.4808,0.3649,0.6386,4.8,2.0,4.8,0.5,19.8,4.7,5.9,1.9,6.7,21.6,15.4,12.4,70.4,27.5,9.7,12.3,28.4,77.8,38.5,3.0,0,0,0,0
27019,Carver County,MN,0.0337,0.0048,0.1954,0.3818,0.0862,4.0,1.6,2.6,0.8,6.8,3.1,3.7,4.4,9.2,16.8,7.7,13.1,73.2,23.5,7.3,8.3,26.3,81.7,31.3,2.0,0,0,0,0
27021,Cass County,MN,0.3465,0.4763,0.2291,0.5202,0.2657,4.5,0.5,7.7,0.2,22.9,6.4,6.1,2.4,2.1,22.7,15.1,19.4,72.0,25.4,10.0,14.4,28.9,76.1,36.9,5.0,0,0,0,0
27023,Chippewa County,MN,0.6452,0.5145,0.8024,0.4222,0.6806,7.4,1.1,6.9,1.5,22.6,5.2,9.3,8.1,11.7,24.5,15.3,14.7,71.1,25.6,10.1,15.5,28.7,74.5,40.8,6.0,0,0,0,0
27025,Chisago County,MN,0.0426,0.0385,0.0251,0.2323,0.3131,4.0,1.1,3.9,0.3,11.0,3.7,4.8,2.6,6.1,18.9,11.2,8.6,72.9,25.0,8.6,10.6,29.7,79.0,35.9,2.0,0,0,0,0
27027,Clay County,MN,0.4381,0.2514,0.2383,0.4314,0.8807,8.4,4.3,3.8,0.6,21.3,4.0,5.7,4.9,21.3,26.3,11.8,15.1,72.6,25.9,9.3,12.4,30.7,78.7,34.1,3.0,0,0,0,0
27029,Clearwater County,MN,0.7779,0.7381,0.5552,0.4658,0.9109,8.5,0.2,12.5,0.2,20.1,7.6,12.4,2.5,4.4,22.3,17.7,16.7,70.1,26.5,10.0,15.9,27.9,70.8,34.7,6.0,0,0,0,1
27031,Cook County,MN,0.084,0.0503,0.1298,0.4378,0.2253,4.0,0.3,5.1,0.8,14.5,3.1,2.8,2.5,3.4,19.5,13.2,15.4,72.9,24.9,8.8,11.0,28.2,78.2,35.2,6.0,0,0,0,0
27033,Cottonwood County,MN,0.4903,0.1823,0.9004,0.4613,0.6102,5.6,1.6,4.4,1.1,23.1,3.9,8.7,9.1,5.3,17.8,13.6,16.5,71.7,25.1,10.2,15.6,29.8,77.2,39.8,6.0,0,0,0,0
27035,Crow Wing County,MN,0.2087,0.2889,0.2393,0.1152,0.2984,4.8,0.6,6.0,0.2,17.9,5.0,5.7,1.6,7.5,24.2,15.1,6.3,71.9,24.8,8.7,11.2,26.7,78.2,37.4,5.0,0,0,0,0
27037,Dakota County,MN,0.1492,0.0601,0.4123,0.6013,0.2071,4.5,7.0,3.7,1.7,10.0,3.7,4.4,7.7,17.2,20.9,9.9,24.6,73.8,23.5,8.4,10.0,30.1,78.6,34.2,2.0,0,0,0,0
27039,Dodge County,MN,0.0401,0.0111,0.1839,0.265,0.1543,3.8,0.8,4.8,0.9,8.2,2.9,4.2,5.1,4.5,15.7,9.6,9.4,71.5,24.9,8.3,9.8,28.3,79.0,34.9,4.0,0,0,0,0
27041,Douglas County,MN,0.1174,0.0614,0.2886,0.0675,0.3971,5.4,0.4,3.6,0.3,15.4,3.1,4.3,2.0,11.6,21.0,11.9,5.4,72.6,26.4,8.5,10.7,29.4,76.2,35.5,5.0,0,0,0,0
27043,Faribault County,MN,0.1629,0.1661,0.3742,0.328,0.1734,5.1,0.5,5.3,0.6,21.3,4.3,6.7,7.7,4.6,18.3,13.3,11.2,71.4,25.5,9.7,14.8,29.3,75.5,37.8,6.0,0,0,0,0
27045,Fillmore County,MN,0.2004,0.1584,0.371,0.0579,0.433,6.2,0.5,7.9,0.6,16.2,3.2,8.1,1.9,4.6,18.5,11.1,5.2,71.7,25.6,9.0,11.9,28.7,77.5,40.7,4.0,0,0,0,0
27047,Freeborn County,MN,0.4986,0.3516,0.7203,0.4763,0.524,6.3,1.1,6.6,2.2,20.8,4.4,11.5,10.6,8.2,19.9,13.5,17.2,71.3,24.1,9.9,14.8,28.3,74.8,36.2,5.0,0,0,0,0
27049,Goodhue County,MN,0.1645,0.1266,0.1196,0.2733,0.4979,6.6,1.6,5.4,0.7,14.2,4.0,5.5,3.6,11.0,21.3,10.1,9.6,71.1,24.4,8.5,11.6,28.2,76.5,35.8,5.0,0,0,0,0
27051,Grant County,MN,0.1998,0.2323,0.4951,0.1339,0.1861,4.2,0.6,5.1,0.3,21.2,3.7,6.7,2.5,5.4,23.1,15.3,6.7,71.8,26.7,9.6,13.6,29.6,78.1,39.9,6.0,0,0,0,0
27053,Hennepin County,MN,0.4108,0.1979,0.1979,0.7038,0.8126,8.9,13.2,4.7,2.7,15.5,4.3,6.2,7.1,30.1,24.6,10.1,33.1,73.7,25.8,7.4,11.4,29.3,77.9,27.1,1.0,0,0,0,0
27055,Houston County,MN,0.0207,0.0235,0.1546,0.0983,0.0716,3.5,0.6,4.9,0.6,13.1,1.6,5.2,1.4,3.9,18.2,11.4,6.0,71.5,24.5,8.4,10.4,28.1,75.2,34.0,4.0,0,0,0,0
27057,Hubbard County,MN,0.2809,0.2358,0.2937,0.2364,0.5297,5.2,0.7,5.8,0.4,18.6,4.3,5.9,2.6,5.3,23.3,14.7,8.7,73.0,24.4,9.3,12.0,27.2,78.5,35.3,6.0,0,0,0,0
27059,Isanti County,MN,0.0913,0.2081,0.1199,0.1861,0.0996,3.3,0.9,5.1,0.3,15.2,4.2,7.5,2.4,7.9,23.3,12.7,7.6,71.1,25.4,8.8,12.2,29.3,75.3,32.4,2.0,0,0,0,0
27061,Itasca County,MN,0.4012,0.3465,0.3089,0.314,0.6405,5.6,0.6,5.1,0.1,18.9,6.2,5.6,1.7,6.6,24.6,18.0,10.8,71.8,26.0,9.9,12.9,27.3,74.0,36.1,5.0,0,0,0,0
27063,Jackson County,MN,0.0856,0.0264,0.3503,0.2485,0.2386,4.9,0.3,4.0,0.8,15.6,2.0,6.5,4.3,5.6,17.0,14.3,9.0,71.9,24.5,8.9,11.5,28.9,76.2,36.1,6.0,0,0,0,0
27065,Kanabec County,MN,0.2612,0.308,0.1304,0.1225,0.5565,4.5,0.4,4.9,0.2,20.7,4.4,8.7,1.8,4.1,23.0,15.9,6.5,69.9,26.7,9.8,14.7,28.0,77.2,37.3,6.0,0,0,0,0
27067,Kandiyohi County,MN,0.5383,0.2765,0.7684,0.5667,0.6895,5.5,6.0,6.1,3.6,20.0,3.8,9.9,13.1,9.7,20.8,13.2,22.5,72.7,24.4,10.0,14.2,28.3,79.6,41.0,5.0,0,0,0,0
27069,Kittson County,MN,0.0958,0.0232,0.1123,0.1037,0.609,4.6,0.8,4.4,0.1,17.1,3.1,4.0,1.3,5.8,13.1,10.9,6.1,72.0,25.6,8.8,11.5,28.6,76.4,34.4,6.0,0,0,0,0
27071,Koochiching County,MN,0.3118,0.1989,0.5119,0.2536,0.5323,6.9,0.8,6.0,0.1,18.9,5.1,7.3,1.4,6.3,17.5,19.0,9.1,71.6,25.9,9.3,12.6,28.4,76.9,37.1,6.0,0,0,0,0
27073,Lac qui Parle County,MN,0.0535,0.0169,0.4932,0.0932,0.1276,3.4,0.5,3.0,0.7,14.3,2.1,5.9,2.6,6.5,17.6,15.9,5.9,72.1,24.9,8.7,11.1,28.8,79.7,34.8,6.0,0,0,0,0
27075,Lake County,MN,0.0805,0.0741,0.2873,0.0474,0.1934,4.3,0.3,4.9,0.2,15.7,2.8,7.1,1.6,4.8,19.1,15.7,4.9,70.5,25.5,8.7,11.7,28.0,78.4,35.3,6.0,0,0,0,0
27077,Lake of the Woods County,MN,0.0417,0.0942,0.0264,0.2265,0.1588,2.4,0.4,4.7,0.0,17.2,2.1,4.0,0.5,2.9,23.3,12.6,8.4,71.9,25.1,8.9,11.6,28.9,74.6,35.6,6.0,0,0,0,0
27079,Le Sueur County,MN,0.0694,0.069,0.3408,0.2879,0.0786,2.8,0.9,5.7,1.1,12.2,3.6,5.1,6.7,6.0,19.1,10.4,10.0,72.2,24.7,8.7,11.0,28.1,73.7,35.0,2.0,0,0,0,0
27081,Lincoln County,MN,0.069,0.0961,0.3073,0.0675,0.1002,3.0,0.2,5.5,0.3,18.2,2.7,6.7,2.2,3.2,19.3,13.2,5.4,72.7,25.2,8.9,12.2,27.9,78.1,36.9,6.0,0,0,0,0
27083,Lyon County,MN,0.5348,0.2125,0.7245,0.4913,0.8498,7.3,2.9,6.4,3.1,19.6,3.0,7.2,7.6,12.7,22.4,12.2,17.8,72.8,23.7,9.5,13.1,28.4,76.1,38.4,5.0,0,0,0,0
27085,McLeod County,MN,0.1126,0.0875,0.2603,0.3086,0.2087,4.0,0.5,5.1,0.9,13.3,3.2,6.5,6.9,10.7,20.7,13.9,10.6,71.1,24.6,9.2,11.7,28.6,77.3,42.2,5.0,0,0,0,0
27087,Mahnomen County,MN,0.9577,0.944,0.8645,0.8941,0.8708,8.2,0.2,13.7,0.3,36.0,10.3,13.1,4.8,5.3,24.1,16.8,55.4,72.1,27.9,14.0,28.0,28.7,69.8,44.4,6.0,0,0,0,1
27089,Marshall County,MN,0.1133,0.0414,0.4925,0.2062,0.2246,3.9,0.3,4.1,0.6,15.4,2.9,7.4,4.8,4.8,16.6,12.4,7.9,71.5,25.3,9.1,12.5,29.3,76.2,39.2,6.0,0,0,0,0
27091,Martin County,MN,0.2867,0.2364,0.504,0.2536,0.3859,6.1,0.6,5.6,0.4,21.1,5.2,6.0,5.4,8.9,19.8,16.0,9.1,71.8,25.0,9.7,13.7,28.8,77.7,36.6,5.0,0,0,0,0
27093,Meeker County,MN,0.1018,0.0611,0.286,0.1508,0.2701,4.6,0.3,5.1,0.4,15.2,2.5,5.9,4.3,5.1,19.5,12.1,7.0,72.3,25.4,9.4,12.1,27.9,74.7,37.1,6.0,0,0,0,0
27095,Mille Lacs County,MN,0.5406,0.3754,0.6137,0.3484,0.7636,6.7,0.4,5.5,0.5,18.8,4.7,9.4,2.7,8.2,24.7,15.7,11.8,71.1,26.0,9.7,14.5,30.0,75.4,38.0,2.0,0,0,0,0
27097,Morrison County,MN,0.1448,0.217,0.1394,0.0474,0.2997,5.2,0.3,4.4,0.2,18.6,4.1,7.6,1.8,4.7,22.9,12.9,4.9,71.9,25.9,9.3,12.6,29.2,79.6,37.1,6.0,0,0,0,0
27099,Mower County,MN,0.5021,0.1845,0.8215,0.6083,0.6697,5.9,3.8,4.6,5.2,21.3,3.2,9.0,12.6,9.8,20.1,12.0,25.0,71.8,25.2,10.1,15.9,28.0,79.2,38.3,5.0,0,0,0,0
27101,Murray County,MN,0.0983,0.0719,0.5008,0.2733,0.0942,4.1,0.6,5.1,1.6,15.7,3.0,8.8,4.7,3.3,15.4,12.5,9.6,71.0,26.1,9.1,12.6,28.4,76.4,36.7,6.0,0,0,0,0
27103,Nicollet County,MN,0.1877,0.0468,0.2781,0.3888,0.5943,5.3,3.0,3.7,0.7,17.5,1.9,4.9,5.0,11.9,20.2,12.1,13.4,71.4,25.5,8.8,11.5,27.3,78.7,34.3,4.0,0,0,0,0
27105,Nobles County,MN,0.8323,0.5549,0.9599,0.8225,0.797,7.1,4.9,12.0,10.6,22.8,3.0,20.6,30.0,9.7,19.6,13.1,44.3,70.9,22.1,11.7,21.2,30.0,70.4,39.2,5.0,0,0,0,1
27107,Norman County,MN,0.2806,0.2326,0.2946,0.3535,0.4763,5.1,1.2,6.2,0.1,18.2,5.1,7.2,5.5,6.8,19.5,13.7,12.0,71.2,25.6,9.6,13.7,28.7,76.2,35.8,6.0,0,0,0,0
27109,Olmsted County,MN,0.2361,0.0627,0.2841,0.5654,0.6367,6.7,7.0,3.8,2.2,13.3,3.4,5.1,5.3,15.8,20.8,9.5,22.4,71.4,24.7,8.4,10.1,29.8,81.8,36.5,4.0,0,0,0,0
27111,Otter Tail County,MN,0.3303,0.2482,0.4852,0.2444,0.5221,5.6,1.0,5.1,0.9,17.8,5.3,6.8,3.7,5.5,21.7,14.0,8.9,71.2,25.4,8.7,12.2,30.2,81.0,34.4,5.0,0,0,0,0
27113,Pennington County,MN,0.1416,0.0436,0.2205,0.3217,0.5091,4.7,1.2,3.2,0.3,15.8,1.9,4.7,4.5,13.9,21.2,14.7,11.0,72.4,26.0,9.3,12.4,29.5,77.2,40.5,6.0,0,0,0,0
27115,Pine County,MN,0.4919,0.4493,0.1689,0.3446,0.8482,6.2,2.1,6.0,0.3,19.9,5.8,8.8,3.1,3.4,23.5,18.3,11.7,72.3,26.4,10.1,14.9,29.0,74.1,39.1,6.0,0,0,0,0
27117,Pipestone County,MN,0.2288,0.1059,0.7509,0.4248,0.2043,5.6,0.6,6.7,1.0,19.1,2.9,7.3,7.6,5.1,16.0,13.4,14.8,72.3,25.8,10.0,14.6,29.5,77.1,38.9,6.0,0,0,0,0
27119,Polk County,MN,0.4365,0.2027,0.4018,0.4314,0.8428,6.5,2.4,4.8,0.6,21.0,3.4,6.6,6.8,12.5,23.0,12.7,15.1,71.9,25.7,9.2,13.5,27.5,79.1,39.7,4.0,0,0,0,0
27121,Pope County,MN,0.028,0.0315,0.0585,0.0821,0.1779,4.6,0.4,3.2,0.0,16.0,1.0,4.8,1.9,5.8,20.2,13.3,5.7,72.8,25.7,8.9,11.4,28.5,79.1,38.9,6.0,0,0,0,0
27123,Ramsey County,MN,0.7076,0.4346,0.5278,0.7881,0.9456,10.3,11.8,5.3,4.5,20.5,4.7,8.8,7.7,28.5,27.9,12.0,40.4,73.7,25.9,9.8,14.9,30.3,78.8,32.3,1.0,0,0,0,0
27125,Red Lake County,MN,0.0891,0.0216,0.2978,0.2399,0.3143,4.5,0.8,2.8,0.2,17.2,1.5,5.0,3.8,5.3,18.1,13.2,8.8,72.3,25.8,9.1,12.3,28.6,78.5,38.8,6.0,0,0,0,0
27127,Redwood County,MN,0.1794,0.1047,0.3341,0.4085,0.3223,4.2,0.7,6.9,0.6,19.4,1.7,7.0,3.9,6.5,17.9,11.3,14.1,71.6,25.4,10.0,14.7,29.3,75.4,36.9,6.0,0,0,0,0
27129,Renville County,MN,0.2482,0.118,0.4957,0.4057,0.4375,6.3,0.6,4.7,0.6,20.2,3.1,8.6,9.5,7.3,17.3,12.5,14.0,71.6,24.7,10.2,14.6,29.3,73.9,39.1,6.0,0,0,0,0
27131,Rice County,MN,0.4598,0.2984,0.2491,0.5269,0.8253,5.0,6.3,6.0,2.5,17.0,5.3,7.5,8.7,10.9,22.3,9.6,19.9,73.6,23.3,9.4,13.3,28.3,76.6,38.7,5.0,0,0,0,0
27133,Rock County,MN,0.1304,0.07,0.1594,0.1696,0.4887,6.1,0.2,4.2,0.1,17.3,2.8,6.0,3.4,6.1,20.0,11.8,7.3,72.4,25.5,9.2,12.6,28.6,74.6,37.0,3.0,0,0,0,0
27135,Roseau County,MN,0.2504,0.139,0.4069,0.3016,0.5097,5.4,0.8,4.8,0.6,15.7,4.3,7.1,1.6,9.7,20.2,10.9,10.4,71.5,24.6,9.2,12.8,28.3,77.5,35.7,6.0,0,0,0,0
27137,St. Louis County,MN,0.3054,0.2542,0.0964,0.2816,0.7684,8.5,1.6,3.7,0.3,21.6,4.6,5.1,1.9,10.7,24.6,14.7,9.8,72.3,26.1,9.4,12.3,27.0,77.4,36.2,3.0,0,0,0,0
27139,Scott County,MN,0.1034,0.0175,0.4359,0.5616,0.1807,3.0,5.0,3.4,2.1,9.4,3.2,5.1,5.6,8.4,17.5,8.1,22.2,73.1,22.6,8.5,9.9,28.7,79.7,31.5,2.0,0,0,0,0
27141,Sherburne County,MN,0.1047,0.0245,0.3799,0.3592,0.2612,4.1,3.2,3.3,1.1,9.4,3.0,5.6,3.0,9.5,18.7,9.5,12.2,71.1,24.2,8.3,10.7,28.4,77.9,38.4,2.0,0,0,0,0
27143,Sibley County,MN,0.1139,0.0624,0.168,0.3675,0.3293,5.0,1.0,4.5,1.2,14.7,3.2,6.8,9.3,6.1,18.7,12.5,12.5,71.6,24.7,9.2,13.3,28.2,74.8,38.8,6.0,0,0,0,0
27145,Stearns County,MN,0.4572,0.2673,0.3035,0.4725,0.8473,5.6,8.0,4.3,1.6,20.9,4.4,7.3,3.8,20.0,23.4,11.2,17.0,73.3,25.5,9.4,13.6,29.4,78.0,37.4,4.0,0,0,0,0
27147,Steele County,MN,0.3105,0.1562,0.524,0.4273,0.5247,7.4,3.0,3.7,1.4,17.1,3.4,7.3,8.3,10.3,23.3,11.0,14.9,71.5,24.2,9.0,12.4,28.2,80.2,37.6,5.0,0,0,0,0
27149,Stevens County,MN,0.1728,0.0732,0.1435,0.42,0.5555,4.3,1.6,5.0,3.3,20.3,1.4,6.4,7.9,12.3,18.4,11.3,14.6,71.3,24.7,9.6,13.2,28.5,77.2,39.4,6.0,0,0,0,0
27151,Swift County,MN,0.5119,0.3204,0.9618,0.3503,0.3487,4.6,0.9,5.9,1.4,24.8,3.7,6.9,5.7,7.9,23.3,16.6,11.9,71.8,26.7,10.1,14.8,29.9,75.5,39.1,6.0,0,0,0,0
27153,Todd County,MN,0.5915,0.4031,0.7763,0.363,0.7331,6.1,0.4,9.4,2.8,21.7,4.1,11.0,7.4,4.8,19.4,13.6,12.3,70.4,26.0,9.9,15.8,29.2,75.8,39.6,6.0,0,0,0,0
27155,Traverse County,MN,0.1829,0.0713,0.4257,0.3977,0.3691,5.2,0.6,2.4,1.0,18.9,4.0,6.2,4.4,7.3,16.9,14.3,13.8,71.3,25.4,9.7,14.0,29.5,76.3,39.3,6.0,0,0,0,0
27157,Wabasha County,MN,0.0986,0.0449,0.3293,0.0983,0.2949,4.7,0.2,4.1,0.8,13.3,2.2,5.5,3.2,4.8,20.9,12.6,6.0,72.3,24.4,8.5,10.7,28.0,77.3,37.5,4.0,0,0,0,0
27159,Wadena County,MN,0.7448,0.5027,0.7604,0.2265,0.9822,9.1,0.5,6.1,0.1,24.0,6.1,7.5,2.2,9.8,24.0,15.4,8.4,71.3,26.8,10.1,14.9,28.2,77.0,38.5,6.0,0,0,0,0
27161,Waseca County,MN,0.2195,0.1158,0.4973,0.3388,0.3818,3.3,0.8,3.9,0.9,15.4,3.3,7.1,6.5,5.3,22.0,11.8,11.5,72.4,25.7,9.5,13.4,29.1,76.2,39.2,6.0,0,0,0,0
27163,Washington County,MN,0.0503,0.0134,0.1938,0.5326,0.1263,4.1,4.8,3.5,1.2,8.0,3.0,3.8,4.6,10.4,18.2,9.4,20.2,74.0,23.5,8.7,8.8,29.5,83.0,32.1,2.0,0,0,0,0
27165,Watonwan County,MN,0.6583,0.5199,0.7261,0.6701,0.6557,6.5,0.4,11.4,7.5,19.1,6.1,12.2,27.2,7.3,17.7,12.1,30.3,72.1,23.6,10.4,16.9,28.8,79.3,37.4,6.0,0,0,0,0
27167,Wilkin County,MN,0.1556,0.1629,0.0729,0.2164,0.4941,5.2,0.5,2.6,0.2,19.6,5.0,6.7,3.6,10.8,19.5,14.2,8.1,71.6,26.2,9.6,13.3,28.7,79.8,38.3,5.0,0,0,0,0
27169,Winona County,MN,0.2377,0.2208,0.0134,0.2816,0.8664,7.3,1.4,5.2,0.7,21.3,2.8,6.9,3.2,13.0,24.1,11.1,9.8,71.6,25.5,9.1,11.9,28.0,75.6,36.3,5.0,0,0,0,0
27171,Wright County,MN,0.0235,0.0165,0.1149,0.2914,0.0827,2.8,1.4,4.5,0.5,8.6,2.2,5.1,3.3,6.4,18.1,9.1,10.1,73.5,24.8,8.2,9.6,29.4,77.6,34.8,2.0,0,0,0,0
27173,Yellow Medicine County,MN,0.237,0.076,0.5829,0.335,0.483,5.4,0.8,3.9,0.8,19.2,3.2,7.4,5.1,4.6,17.1,13.2,11.4,72.0,26.0,9.7,13.6,28.4,75.6,38.9,6.0,0,0,0,0
28001,Adams County,MS,0.971,0.9523,0.9402,0.936,0.8393,8.6,53.4,12.7,4.1,41.5,7.1,17.5,7.0,3.5,23.7,15.1,63.2,80.6,18.2,16.8,32.9,33.9,72.0,41.5,5.0,0,1,0,1
28003,Alcorn County,MS,0.8944,0.9494,0.6761,0.5161,0.8785,7.7,9.4,13.6,0.2,32.2,6.4,18.1,3.5,4.8,25.5,22.7,19.2,78.0,22.9,12.4,20.1,36.1,70.2,40.0,5.0,0,1,0,1
28005,Amite County,MS,0.7894,0.7808,0.9348,0.8027,0.3646,7.6,40.2,11.4,0.3,38.0,7.5,12.5,0.1,1.3,17.5,27.6,42.1,79.5,20.9,15.1,28.1,33.9,73.1,45.4,6.0,0,1,0,1
28007,Attala County,MS,0.957,0.9411,0.8893,0.8549,0.8603,8.1,42.2,9.9,0.2,36.4,7.2,15.9,2.2,1.7,27.2,18.8,47.4,80.3,19.9,13.9,25.9,33.6,72.3,43.0,6.0,0,1,0,1
28009,Benton County,MS,0.7725,0.8212,0.7913,0.7821,0.4219,6.3,32.9,13.8,1.0,30.7,4.4,22.0,3.1,0.9,21.7,22.4,39.9,79.1,20.5,14.0,24.9,34.4,71.7,42.3,2.0,0,1,0,0
28011,Bolivar County,MS,0.994,0.9927,0.8883,0.9567,0.9583,10.8,63.2,14.6,0.7,47.1,7.4,17.8,2.3,3.7,32.8,17.5,69.2,82.8,19.5,17.9,34.4,35.3,74.3,46.8,5.0,0,1,0,1
28013,Calhoun County,MS,0.8988,0.7964,0.9844,0.7378,0.7066,7.5,28.4,11.5,1.8,34.4,4.2,21.7,6.5,0.6,21.2,22.2,36.2,78.4,21.2,14.6,26.7,33.8,69.8,41.3,6.0,0,1,0,1
28015,Carroll County,MS,0.7,0.7884,0.3653,0.7442,0.5947,5.1,35.8,7.5,0.0,36.1,6.0,21.2,0.1,0.1,20.0,21.0,36.7,79.0,20.1,14.3,25.8,34.3,69.8,40.4,5.0,0,1,0,0
28017,Chickasaw County,MS,0.9542,0.8664,0.9838,0.8759,0.8081,9.5,43.7,10.6,1.6,35.5,3.1,24.0,5.1,0.9,29.9,17.9,50.9,79.4,19.9,15.7,29.1,35.6,70.8,43.8,6.0,0,1,0,1
28019,Choctaw County,MS,0.7932,0.9074,0.7286,0.7028,0.4305,5.8,29.2,12.4,0.0,31.4,7.3,13.1,1.8,0.7,24.4,25.2,33.0,78.9,20.8,12.9,21.7,34.2,73.8,40.5,6.0,0,1,0,1
28021,Claiborne County,MS,0.819,0.9714,0.0137,0.9924,0.9427,12.0,85.7,19.5,0.0,49.0,9.0,17.9,0.2,2.9,21.4,12.3,88.9,83.4,17.8,19.6,39.9,34.1,73.0,50.5,6.0,0,1,0,1
28023,Clarke County,MS,0.8021,0.8759,0.9087,0.7521,0.3156,6.8,34.3,14.0,0.1,32.1,5.6,14.3,1.6,0.0,23.0,26.2,37.4,79.7,21.6,14.0,25.3,33.9,74.2,38.9,5.0,0,1,0,1
28025,Clay County,MS,0.7913,0.9825,0.2879,0.93,0.3649,8.0,60.0,11.5,0.1,36.7,8.9,18.3,0.2,0.9,28.9,8.1,62.0,81.7,18.9,16.0,30.9,34.1,75.6,47.9,6.0,0,1,0,1
28027,Coahoma County,MS,0.9895,0.9933,0.9045,0.9822,0.8896,12.0,75.9,13.4,1.4,49.3,10.8,18.7,1.8,3.1,28.5,14.7,80.4,83.0,18.4,19.5,39.3,35.6,74.0,47.1,5.0,0,1,0,1
28029,Copiah County,MS,0.7976,0.8034,0.3719,0.9017,0.8148,7.4,51.0,14.4,0.2,35.4,5.2,15.1,3.7,0.2,19.6,15.2,56.5,80.8,19.7,15.3,27.7,33.2,73.8,42.4,3.0,0,1,0,0
28031,Covington County,MS,0.7674,0.8947,0.6678,0.7894,0.3758,6.5,34.9,9.9,0.0,35.1,5.8,17.1,2.5,1.0,24.5,18.2,40.5,80.0,19.9,13.3,23.5,33.5,72.5,40.4,6.0,0,1,0,1
28033,DeSoto County,MS,0.3563,0.3847,0.51,0.7859,0.1289,3.7,30.8,8.9,0.8,17.1,4.4,8.8,5.2,3.6,23.2,11.9,40.2,80.3,19.9,11.4,17.2,33.3,74.1,36.9,2.0,0,1,0,0
28035,Forrest County,MS,0.9497,0.923,0.7346,0.8101,0.9758,8.0,36.1,11.4,0.6,34.9,7.4,10.5,3.2,11.7,29.4,20.2,43.1,80.2,20.6,13.5,23.2,32.9,76.0,37.6,4.0,0,1,0,1
28037,Franklin County,MS,0.5787,0.5568,0.915,0.7537,0.1597,3.3,35.7,10.9,0.0,37.9,2.6,15.7,0.0,0.2,16.8,24.2,37.5,79.4,20.9,14.6,26.8,35.2,69.3,40.6,6.0,0,1,0,0
28039,George County,MS,0.8384,0.9045,0.728,0.3961,0.7591,6.1,7.7,13.6,0.5,32.7,10.4,14.0,3.2,1.3,21.3,20.4,13.7,77.0,21.9,11.7,18.1,34.2,71.6,36.9,6.0,0,1,0,1
28041,Greene County,MS,0.7776,0.888,0.1308,0.6538,0.8969,7.2,25.4,14.1,0.1,27.8,12.6,18.9,1.3,1.2,19.5,24.5,29.1,77.8,20.0,13.1,22.0,34.3,70.6,41.9,6.0,0,1,0,1
28043,Grenada County,MS,0.8492,0.9093,0.6885,0.8616,0.6306,6.9,44.9,12.8,0.0,34.9,4.1,18.0,0.4,3.6,29.6,19.9,48.4,79.2,20.1,14.7,26.6,33.8,71.3,46.1,5.0,0,1,0,1
28045,Hancock County,MS,0.4776,0.5959,0.4343,0.4445,0.3236,3.8,6.9,10.3,0.1,24.3,6.2,9.6,3.9,4.6,20.3,18.4,15.7,77.6,21.1,10.8,15.8,34.3,72.5,37.0,3.0,0,1,0,0
28047,Harrison County,MS,0.9182,0.9246,0.9093,0.756,0.7525,5.9,24.6,14.1,1.1,27.5,8.4,10.9,5.6,11.6,29.8,18.5,37.6,79.9,21.6,12.3,20.3,34.8,71.3,36.6,3.0,0,1,0,0
28049,Hinds County,MS,0.9154,0.9437,0.5686,0.9771,0.8638,7.2,72.7,12.5,0.4,33.6,7.8,11.1,1.6,9.0,32.3,14.6,76.3,82.6,17.6,15.3,28.3,34.0,77.4,44.6,3.0,0,1,0,0
28051,Holmes County,MS,0.992,0.994,0.875,0.9879,0.945,15.1,83.0,12.1,0.1,50.3,8.8,19.0,0.5,1.9,34.4,32.1,84.9,83.1,18.3,21.0,43.0,34.9,74.9,51.5,3.0,0,1,0,0
28053,Humphreys County,MS,0.9787,0.9997,0.9297,0.9815,0.5927,12.2,78.6,15.5,0.1,56.5,13.7,25.2,0.3,1.5,37.8,27.7,80.0,82.5,19.5,20.6,43.6,34.5,72.6,53.0,6.0,0,1,0,1
28055,Issaquena County,MS,0.9539,0.9879,0.0767,0.9682,0.9994,17.3,70.4,12.8,0.0,33.5,12.1,35.7,1.0,2.9,27.6,37.7,72.5,79.0,17.1,17.8,36.9,34.7,72.4,47.3,6.0,0,1,0,1
28057,Itawamba County,MS,0.2463,0.3446,0.0773,0.328,0.4251,3.8,6.0,10.5,0.2,21.8,2.8,14.8,1.8,2.2,14.3,14.9,11.2,77.8,21.8,10.8,16.1,35.1,69.3,37.0,5.0,0,1,0,0
28059,Jackson County,MS,0.8288,0.8533,0.929,0.7066,0.4442,4.5,20.3,12.9,1.2,25.4,8.1,11.3,7.1,6.8,25.1,20.5,33.3,79.3,20.4,12.8,18.4,33.5,73.5,40.5,3.0,0,1,0,0
28061,Jasper County,MS,0.6281,0.5227,0.7591,0.8969,0.4139,9.4,53.8,11.3,0.0,32.4,3.8,11.4,0.8,0.3,17.0,19.4,55.8,80.9,19.3,15.2,28.2,33.7,75.7,45.2,5.0,0,1,0,0
28063,Jefferson County,MS,0.8991,0.9084,0.5822,0.9901,0.8619,5.8,77.2,11.3,0.5,50.6,5.4,24.1,8.5,1.7,21.9,14.5,87.0,82.9,17.3,19.8,40.4,34.6,71.7,51.7,5.0,0,1,0,1
28065,Jefferson Davis County,MS,0.8743,0.9749,0.6831,0.9332,0.4903,7.0,61.0,12.7,0.1,37.7,9.2,14.5,0.2,0.3,27.9,21.3,62.5,81.5,19.3,16.8,33.1,34.4,73.7,45.8,6.0,0,1,0,1
28067,Jones County,MS,0.791,0.6666,0.916,0.7321,0.6319,6.0,28.9,11.0,1.2,32.3,3.7,13.9,4.7,2.0,21.1,16.3,35.8,79.3,20.7,13.6,22.7,34.7,75.2,41.9,5.0,0,1,0,1
28069,Kemper County,MS,0.95,0.9615,0.7054,0.9472,0.8998,4.9,61.8,14.8,0.2,33.1,14.1,20.0,0.8,1.6,22.2,21.6,66.6,81.1,18.2,15.8,29.7,33.9,74.8,45.6,6.0,0,1,0,1
28071,Lafayette County,MS,0.4391,0.5686,0.0057,0.6656,0.8578,5.9,23.3,9.1,0.4,31.5,2.8,8.2,2.6,12.2,27.4,9.5,30.1,79.9,20.0,11.8,16.9,34.5,74.9,37.0,5.0,0,1,0,0
28073,Lamar County,MS,0.6032,0.6662,0.637,0.6373,0.3627,4.5,20.9,12.7,0.7,24.1,5.8,8.8,3.1,10.1,22.6,14.5,27.6,80.1,21.7,11.2,16.3,34.5,70.5,38.5,4.0,0,1,0,0
28075,Lauderdale County,MS,0.959,0.9249,0.8097,0.8638,0.9612,9.8,43.4,9.9,0.3,36.1,5.5,15.8,2.2,5.9,30.4,17.9,48.7,80.3,19.6,14.1,26.2,33.2,74.8,42.3,5.0,0,1,0,1
28077,Lawrence County,MS,0.8505,0.9405,0.9596,0.735,0.2479,5.3,31.5,13.9,0.5,39.0,12.0,17.1,2.4,0.3,20.9,27.3,35.9,79.2,21.8,15.2,28.7,33.6,70.0,46.1,6.0,0,1,0,1
28079,Leake County,MS,0.9574,0.8692,0.9695,0.882,0.8606,8.9,39.8,15.9,1.9,34.6,6.0,18.7,5.1,0.9,18.9,23.3,52.3,79.7,19.9,14.5,27.5,33.9,74.2,42.8,6.0,0,1,0,1
28081,Lee County,MS,0.7455,0.6758,0.7016,0.7391,0.6815,4.9,29.7,11.2,0.9,21.8,5.6,12.7,3.0,8.0,22.3,14.0,36.3,80.2,20.5,12.3,18.6,34.7,70.0,36.3,5.0,0,1,0,0
28083,Leflore County,MS,0.9411,0.9962,0.5485,0.9806,0.763,12.9,74.6,14.4,0.2,48.8,11.8,16.8,2.9,2.7,31.2,13.4,78.8,83.2,18.0,19.0,38.4,34.8,74.0,43.9,5.0,0,1,0,1
28085,Lincoln County,MS,0.6042,0.6551,0.2739,0.7019,0.6252,4.4,30.2,13.9,0.2,30.9,4.3,12.7,1.3,1.2,18.9,14.9,32.9,78.7,20.6,13.1,21.9,34.2,68.0,40.1,5.0,0,1,0,0
28087,Lowndes County,MS,0.7521,0.8559,0.3522,0.8718,0.5787,6.8,44.5,10.6,0.3,29.5,6.2,12.0,2.4,3.5,26.7,11.7,50.0,80.5,19.5,13.6,22.8,32.8,77.2,37.9,5.0,0,1,0,1
28089,Madison County,MS,0.3554,0.2937,0.3656,0.8323,0.2883,3.7,37.6,7.4,0.8,16.6,4.2,7.4,3.1,5.6,23.4,10.7,45.1,81.1,18.2,10.8,14.6,31.5,77.0,36.0,3.0,0,1,0,0
28091,Marion County,MS,0.8928,0.9847,0.6004,0.7423,0.6879,5.8,32.3,15.7,0.3,39.5,9.5,17.2,1.7,2.1,25.5,21.9,36.5,79.2,21.3,14.4,26.8,34.2,70.2,43.6,6.0,0,1,0,1
28093,Marshall County,MS,0.8699,0.8832,0.7133,0.8848,0.7388,3.8,45.5,11.6,1.1,32.6,4.8,17.2,4.3,1.7,25.7,19.6,52.9,80.2,20.1,15.7,29.7,34.8,71.4,42.1,2.0,0,1,0,0
28095,Monroe County,MS,0.6163,0.7512,0.5457,0.7066,0.3054,5.1,30.2,10.5,0.4,30.3,5.5,15.1,1.5,0.2,20.1,14.0,33.3,79.6,20.9,13.5,23.7,35.0,74.8,42.9,6.0,0,1,0,0
28097,Montgomery County,MS,0.9599,0.9774,0.8428,0.8591,0.8295,8.6,46.0,9.7,0.0,42.9,7.8,24.4,0.6,4.2,27.4,21.2,47.9,80.3,20.0,15.3,28.8,34.7,68.6,43.8,5.0,0,1,0,1
28099,Neshoba County,MS,0.9402,0.9087,0.8902,0.804,0.8893,8.3,22.8,12.7,0.5,40.5,9.3,17.7,0.2,1.4,19.2,18.1,42.3,78.8,22.0,14.5,26.9,34.5,72.1,43.4,6.0,0,1,0,1
28101,Newton County,MS,0.6793,0.6882,0.6411,0.7922,0.4747,5.5,31.2,14.3,0.0,34.4,4.3,14.3,2.1,0.4,17.7,20.9,40.8,79.1,20.9,13.7,24.8,33.7,70.2,41.5,6.0,0,1,0,0
28103,Noxubee County,MS,0.964,0.9946,0.9653,0.973,0.4919,7.1,73.6,18.7,0.5,37.2,9.3,18.9,0.3,1.9,27.2,24.5,74.4,81.4,18.7,18.0,37.3,33.2,75.9,46.5,5.0,0,1,0,1
28105,Oktibbeha County,MS,0.6939,0.8463,0.0407,0.819,0.812,4.9,36.6,7.9,0.8,39.8,6.8,9.1,1.8,13.5,31.9,10.8,44.0,80.6,19.0,13.9,21.0,33.1,75.5,39.6,5.0,0,1,0,0
28107,Panola County,MS,0.8626,0.9771,0.6615,0.8851,0.455,5.3,49.6,13.6,0.0,37.1,9.5,18.1,0.6,1.0,24.8,17.7,53.1,80.5,20.8,15.6,30.3,34.1,72.2,46.4,6.0,0,1,0,1
28109,Pearl River County,MS,0.6907,0.7604,0.8422,0.5231,0.3417,2.9,12.5,13.1,0.6,26.3,5.6,13.1,3.4,1.0,21.5,20.7,19.6,78.1,22.1,11.8,19.2,34.0,70.9,38.1,5.0,0,1,0,0
28111,Perry County,MS,0.6914,0.7846,0.7159,0.5679,0.4057,4.5,11.6,14.1,0.0,35.2,6.3,14.1,7.0,0.4,16.6,29.5,22.6,78.9,22.2,13.4,22.0,35.5,70.1,43.6,4.0,0,1,0,0
28113,Pike County,MS,0.9812,0.979,0.7922,0.9077,0.9733,6.8,54.0,12.7,0.1,40.8,7.2,17.3,1.6,5.5,28.1,18.9,57.6,81.8,20.0,16.3,31.6,34.1,70.4,46.5,5.0,0,1,0,1
28115,Pontotoc County,MS,0.6087,0.5679,0.8804,0.6077,0.3035,3.3,14.4,12.0,2.5,28.1,2.9,19.9,7.5,0.9,17.2,18.5,24.9,77.7,21.3,12.2,20.1,34.2,73.2,38.8,6.0,0,1,0,0
28117,Prentiss County,MS,0.6993,0.6303,0.7744,0.5317,0.6389,5.9,10.7,8.8,0.6,31.2,5.0,16.5,1.5,1.7,17.4,18.0,20.1,78.3,22.3,12.3,19.6,34.7,74.0,41.3,5.0,0,1,0,0
28119,Quitman County,MS,0.9551,0.9959,0.4645,0.9749,0.8867,14.6,71.8,15.8,0.0,47.8,12.2,24.8,0.4,1.9,25.3,17.0,75.2,82.1,19.1,19.5,40.7,34.2,71.1,51.1,6.0,0,1,0,1
28121,Rankin County,MS,0.3732,0.3166,0.3436,0.636,0.4225,2.4,21.6,9.3,0.5,15.7,4.4,10.0,2.7,5.3,19.7,13.8,27.5,79.4,19.8,10.7,14.7,34.5,77.2,36.4,3.0,0,1,0,0
28123,Scott County,MS,0.9217,0.8877,0.9936,0.8769,0.5177,8.1,35.6,13.3,2.9,40.7,6.0,22.3,11.8,0.7,19.1,19.6,51.3,79.0,20.6,15.8,30.7,34.9,74.6,43.2,3.0,0,1,0,0
28125,Sharkey County,MS,0.9838,0.9854,0.8027,0.9707,0.9494,15.1,72.5,20.3,0.0,49.1,12.8,20.3,0.7,1.1,22.4,21.6,73.5,82.0,18.8,19.6,41.5,34.3,72.7,50.5,6.0,0,1,0,1
28127,Simpson County,MS,0.7808,0.8632,0.8186,0.7668,0.3583,4.4,35.1,12.7,0.5,27.8,6.0,19.9,2.0,0.3,21.7,20.0,38.8,79.5,20.6,13.2,23.4,34.2,76.6,40.1,3.0,0,1,0,0
28129,Smith County,MS,0.7251,0.6293,0.8708,0.6249,0.5504,6.8,24.3,15.0,0.2,32.1,3.5,18.0,0.5,1.1,14.9,20.5,26.5,78.6,22.2,13.5,24.6,35.0,72.3,43.8,6.0,0,1,0,0
28131,Stone County,MS,0.8587,0.8355,0.6157,0.5892,0.9408,6.9,16.1,12.5,0.2,30.5,8.1,14.4,2.3,1.5,19.9,21.9,23.8,78.6,21.6,12.1,19.1,34.0,72.4,41.3,3.0,0,1,0,0
28133,Sunflower County,MS,0.9303,0.986,0.5068,0.9777,0.8091,9.3,73.5,11.6,0.9,41.8,11.1,23.0,1.9,1.9,26.1,14.7,76.4,82.0,17.2,18.3,37.2,34.0,73.3,48.9,6.0,0,1,0,1
28135,Tallahatchie County,MS,0.9141,0.9809,0.5336,0.9437,0.7639,10.8,61.4,15.9,0.7,40.0,11.0,21.9,1.9,2.1,22.7,16.4,65.1,80.1,18.8,17.0,32.6,35.4,73.3,45.1,6.0,0,1,0,1
28137,Tate County,MS,0.8915,0.951,0.5724,0.7321,0.84,4.0,30.4,12.9,0.5,28.3,7.2,16.5,3.4,1.6,29.0,15.5,35.8,79.1,20.5,12.5,20.8,34.7,68.9,36.4,2.0,0,1,0,1
28139,Tippah County,MS,0.8839,0.924,0.9061,0.574,0.6815,3.7,14.5,14.2,1.3,33.6,6.0,20.7,4.7,2.2,22.1,20.9,22.9,78.6,22.1,13.1,22.0,34.7,69.0,43.5,6.0,0,1,0,1
28141,Tishomingo County,MS,0.7467,0.8094,0.9465,0.2485,0.4073,5.0,1.3,12.0,1.7,32.8,3.5,18.5,3.5,2.1,24.5,21.9,9.0,77.4,23.5,11.9,19.3,35.0,67.0,39.4,6.0,0,1,0,0
28143,Tunica County,MS,0.9602,0.9952,0.2943,0.9838,0.9666,9.5,80.3,13.1,0.1,48.7,12.2,16.4,1.3,8.5,36.1,10.5,81.7,82.7,18.7,19.9,42.7,34.3,72.9,50.8,2.0,0,1,0,0
28145,Union County,MS,0.6977,0.6109,0.9306,0.5727,0.4403,4.1,15.7,10.1,0.8,27.0,4.1,22.4,4.6,2.0,18.1,19.2,22.8,77.7,22.0,12.3,20.9,36.5,71.8,41.5,6.0,0,1,0,0
28147,Walthall County,MS,0.8982,0.936,0.9577,0.8543,0.4448,5.5,40.9,10.4,0.6,34.6,6.5,18.5,2.4,0.1,25.5,23.8,47.3,79.6,20.3,14.4,27.5,34.8,74.0,43.2,5.0,0,1,0,1
28149,Warren County,MS,0.8279,0.7496,0.9386,0.8858,0.5285,6.5,48.7,11.2,1.2,26.7,4.7,12.3,2.2,6.4,25.0,19.8,53.2,81.1,19.1,13.5,23.1,32.9,73.8,43.8,5.0,0,1,0,1
28151,Washington County,MS,0.9971,0.9965,0.9784,0.9758,0.8836,12.4,71.9,13.4,0.8,43.2,9.5,19.9,1.8,7.5,34.5,24.6,75.7,81.6,17.7,17.6,37.3,33.0,71.2,44.2,5.0,0,1,0,1
28153,Wayne County,MS,0.9119,0.9446,0.9739,0.8075,0.4607,6.5,37.9,18.2,1.7,35.1,8.7,17.5,3.7,1.3,21.0,18.9,42.9,79.6,20.6,15.0,28.5,34.1,70.9,44.4,6.0,0,1,0,1
28155,Webster County,MS,0.6112,0.7919,0.6866,0.5542,0.2068,6.9,18.5,13.5,0.1,24.0,6.4,15.2,1.6,1.5,21.2,20.4,21.8,78.4,21.1,11.3,17.9,35.3,72.3,36.3,5.0,0,1,0,0
28157,Wilkinson County,MS,0.8349,0.8498,0.6446,0.9672,0.6497,6.8,67.4,9.8,0.0,41.3,6.3,14.7,1.8,0.7,21.8,24.3,72.4,81.4,17.5,17.6,34.5,34.3,73.0,47.7,6.0,0,1,0,1
28159,Winston County,MS,0.8543,0.8591,0.8438,0.8734,0.6036,7.0,46.7,11.0,0.1,35.2,6.9,14.5,1.5,1.5,21.2,24.2,50.4,81.0,19.8,15.7,29.7,34.1,71.5,42.0,6.0,0,1,0,1
28161,Yalobusha County,MS,0.7429,0.7976,0.7725,0.8031,0.3799,6.1,38.3,13.2,0.4,35.2,5.0,15.5,2.6,0.7,20.1,18.6,42.2,79.2,20.7,15.0,29.1,34.7,71.4,40.1,5.0,0,1,0,0
28163,Yazoo County,MS,0.9975,0.9968,0.8396,0.945,0.9952,11.1,60.4,13.7,1.2,42.0,10.4,23.0,4.0,2.2,29.6,24.3,66.1,79.9,18.7,17.9,36.2,35.3,72.9,50.2,3.0,0,1,0,0
29001,Adair County,MO,0.4006,0.6494,0.0143,0.342,0.6837,7.0,4.1,8.1,1.3,32.9,5.5,8.0,2.8,3.1,23.5,11.5,11.6,76.9,27.2,10.9,14.6,32.4,70.9,38.9,5.0,0,0,0,0
29003,Andrew County,MO,0.0169,0.097,0.048,0.1508,0.0248,3.5,0.8,6.3,0.0,14.7,4.1,5.5,2.7,2.2,18.3,12.1,7.0,75.3,25.0,9.2,11.3,32.4,77.8,35.8,4.0,0,0,0,0
29005,Atchison County,MO,0.2249,0.3347,0.5399,0.0757,0.1339,4.4,0.3,11.6,0.2,25.5,2.6,9.3,1.6,1.4,16.9,17.3,5.6,75.7,27.0,10.9,14.9,32.2,69.7,41.6,6.0,0,0,0,0
29007,Audrain County,MO,0.7105,0.6338,0.8062,0.3802,0.7079,6.7,4.8,15.0,0.7,29.8,3.9,13.2,3.4,2.4,18.8,19.4,13.0,76.5,27.1,11.6,17.8,31.2,70.0,39.9,5.0,0,0,0,0
29009,Barry County,MO,0.5768,0.672,0.749,0.5094,0.2568,3.5,0.3,13.1,1.6,29.0,3.6,14.5,9.9,0.8,20.9,16.1,18.9,74.7,26.0,11.6,18.8,32.9,70.3,37.7,6.0,0,0,0,0
29011,Barton County,MO,0.6767,0.9208,0.8183,0.2628,0.1788,7.8,0.3,11.5,0.2,36.9,6.1,13.4,3.1,1.1,26.3,21.3,9.3,75.4,27.1,12.0,19.1,33.2,70.7,40.8,6.0,0,0,0,0
29013,Bates County,MO,0.7114,0.8027,0.5698,0.1985,0.7261,7.4,2.1,10.6,0.0,29.0,7.5,11.5,2.7,0.8,22.4,17.7,7.8,75.3,27.6,11.1,16.8,33.1,66.5,41.0,2.0,0,0,0,0
29015,Benton County,MO,0.5364,0.7222,0.4079,0.1753,0.4827,6.2,0.7,11.7,0.2,27.4,5.0,12.4,2.3,1.1,22.1,23.5,7.4,75.6,27.3,11.0,16.0,33.0,71.8,38.9,6.0,0,0,0,0
29017,Bollinger County,MO,0.4241,0.6869,0.3373,0.1037,0.2771,3.8,0.6,10.3,0.2,29.6,4.9,15.7,1.7,0.7,19.4,20.0,6.1,75.5,27.6,10.8,16.1,32.5,70.6,38.9,4.0,0,0,0,0
29019,Boone County,MO,0.4244,0.3968,0.062,0.5711,0.7776,6.1,9.1,6.6,1.0,25.2,3.9,5.2,3.6,12.2,27.8,12.3,22.7,77.2,23.7,10.1,12.4,32.5,72.5,31.6,4.0,0,0,0,0
29021,Buchanan County,MO,0.8218,0.7541,0.7639,0.5094,0.8845,8.8,5.7,12.8,1.4,27.3,4.8,10.4,7.0,7.7,25.2,17.4,18.9,76.2,25.5,11.4,16.8,34.0,72.1,43.1,4.0,0,0,0,1
29023,Butler County,MO,0.8412,0.9402,0.6265,0.3888,0.7563,8.8,5.1,13.3,0.0,35.0,5.3,16.4,2.4,2.2,28.6,22.8,13.4,75.9,28.7,12.6,20.7,34.5,63.6,41.3,5.0,0,0,0,1
29025,Caldwell County,MO,0.3163,0.5212,0.1966,0.1457,0.3191,6.6,0.4,11.0,0.1,27.9,4.8,10.2,2.7,0.7,17.6,15.0,6.9,75.4,26.3,10.3,14.7,33.0,69.1,38.9,2.0,0,0,0,0
29027,Callaway County,MO,0.2447,0.4445,0.0589,0.3217,0.3169,4.0,4.2,10.0,0.1,18.6,5.2,9.8,2.2,1.4,20.3,13.4,11.0,75.8,25.5,10.2,13.6,32.5,75.7,37.1,4.0,0,0,0,0
29029,Camden County,MO,0.3493,0.5428,0.2892,0.1572,0.294,2.8,0.9,12.7,0.4,20.0,5.2,8.3,3.1,20.8,22.7,18.6,7.1,76.1,25.8,9.9,12.7,33.1,75.5,35.5,6.0,0,0,0,0
29031,Cape Girardeau County,MO,0.3099,0.3551,0.0598,0.4378,0.6147,5.8,7.6,6.9,0.3,23.1,3.2,8.2,2.6,6.7,24.1,14.0,15.4,77.4,25.1,10.2,13.4,32.1,73.4,35.9,4.0,0,0,0,0
29033,Carroll County,MO,0.1378,0.3019,0.1285,0.1037,0.1556,6.1,1.4,7.0,0.1,24.0,4.7,8.6,1.9,2.5,16.8,13.8,6.1,75.4,26.7,10.6,15.1,31.9,69.5,38.8,6.0,0,0,0,0
29035,Carter County,MO,0.4823,0.8005,0.3353,0.1696,0.2348,10.5,1.0,16.1,0.0,31.2,1.2,16.6,2.3,0.7,27.8,29.6,7.3,75.9,28.3,12.2,19.9,33.2,69.7,39.8,6.0,0,0,0,0
29037,Cass County,MO,0.1257,0.1868,0.2981,0.4165,0.0608,4.0,4.3,8.6,0.2,12.8,4.5,5.9,4.9,2.4,19.8,14.0,14.5,76.1,24.9,9.5,11.3,32.0,77.7,37.8,2.0,0,0,0,0
29039,Cedar County,MO,0.6643,0.756,0.5975,0.1696,0.6809,7.2,0.3,16.0,0.0,34.6,2.5,14.2,2.6,1.5,23.4,22.4,7.3,75.3,27.3,11.7,18.0,33.3,66.2,40.1,6.0,0,0,0,0
29041,Chariton County,MO,0.1747,0.2052,0.3891,0.1094,0.2065,4.6,2.6,8.1,0.0,20.5,4.3,7.9,1.0,0.8,12.7,17.3,6.2,75.6,26.0,10.4,14.4,32.2,74.4,38.8,6.0,0,0,0,0
29043,Christian County,MO,0.1107,0.1724,0.2641,0.2294,0.1047,2.5,0.7,8.6,0.6,15.0,3.6,7.2,3.5,3.2,19.3,12.9,8.5,76.6,25.5,9.1,10.8,31.4,73.8,35.9,3.0,0,0,0,0
29045,Clark County,MO,0.265,0.4381,0.154,0.0264,0.4031,5.8,0.2,12.2,0.1,28.0,3.9,10.4,1.0,0.2,10.6,14.2,4.3,75.1,27.2,11.3,17.2,32.9,70.3,41.4,6.0,0,0,0,0
29047,Clay County,MO,0.2692,0.2218,0.4556,0.546,0.2514,4.5,6.4,7.8,1.1,14.8,4.0,6.2,7.4,12.2,22.5,11.9,21.2,76.0,23.8,9.7,11.3,32.8,75.9,37.1,2.0,0,0,0,0
29049,Clinton County,MO,0.1661,0.3618,0.1772,0.182,0.1136,4.1,0.8,9.0,0.2,17.9,6.1,6.2,2.5,0.7,20.5,14.4,7.5,75.5,26.2,9.6,12.6,32.3,72.0,39.1,2.0,0,0,0,0
29051,Cole County,MO,0.2049,0.1161,0.1877,0.525,0.4696,5.3,11.3,7.0,0.5,15.4,3.1,7.5,3.1,7.0,18.3,12.1,19.8,77.3,23.9,9.4,11.7,31.8,78.0,36.7,4.0,0,0,0,0
29053,Cooper County,MO,0.3716,0.4448,0.3245,0.3592,0.3828,4.4,5.5,9.8,0.2,21.4,5.0,9.5,2.2,1.5,19.6,16.1,12.2,75.8,25.1,10.0,13.4,32.3,76.5,37.7,4.0,0,0,0,0
29055,Crawford County,MO,0.657,0.9179,0.4104,0.1572,0.4773,6.1,0.5,13.8,0.1,26.3,6.9,15.8,2.3,1.3,25.4,21.7,7.1,75.3,27.3,11.0,16.4,32.6,71.8,41.7,6.0,0,0,0,0
29057,Dade County,MO,0.595,0.7894,0.3013,0.1572,0.6338,6.6,0.6,11.2,0.3,35.0,5.7,10.6,2.3,0.7,22.5,16.1,7.1,75.8,27.5,11.8,17.5,33.2,73.8,40.5,6.0,0,0,0,0
29059,Dallas County,MO,0.5466,0.8031,0.6662,0.1276,0.2176,4.8,0.1,15.6,0.3,32.6,4.9,11.1,2.4,0.6,23.2,19.9,6.6,75.1,27.5,11.7,18.1,32.3,69.4,39.3,3.0,0,0,0,0
29061,Daviess County,MO,0.5157,0.5514,0.3213,0.0379,0.7884,8.9,0.5,14.9,0.2,27.1,2.0,12.9,1.7,1.8,20.3,14.4,4.6,75.0,27.4,11.0,16.3,34.2,72.6,38.7,6.0,0,0,0,0
29063,DeKalb County,MO,0.1753,0.2243,0.0293,0.4356,0.4559,6.3,8.2,9.9,0.2,18.2,3.1,10.8,2.9,2.2,14.2,14.9,15.3,75.4,24.6,10.1,13.7,32.2,76.3,39.2,4.0,0,0,0,0
29065,Dent County,MO,0.6551,0.7388,0.7569,0.1861,0.5374,5.6,0.4,13.0,0.1,29.4,4.8,14.4,2.0,1.0,20.4,21.6,7.6,75.6,26.2,11.1,16.4,32.0,69.4,39.3,6.0,0,0,0,0
29067,Douglas County,MO,0.5969,0.8702,0.8196,0.1225,0.1448,4.5,0.5,10.6,0.0,30.2,6.5,15.2,1.0,0.6,23.4,21.2,6.5,75.5,27.4,11.3,17.0,32.8,65.6,37.9,6.0,0,0,0,0
29069,Dunklin County,MO,0.9707,0.9424,0.993,0.5778,0.8291,8.5,7.9,17.6,1.2,33.7,5.7,20.0,7.2,2.8,23.3,21.9,23.2,75.7,27.8,13.1,23.3,33.5,68.6,46.4,5.0,0,0,0,1
29071,Franklin County,MO,0.1066,0.2851,0.07,0.2536,0.0964,4.0,0.9,7.7,0.1,16.2,4.6,9.6,1.9,3.5,19.8,14.3,9.1,76.1,26.8,9.7,12.0,32.8,71.3,39.3,2.0,0,0,0,0
29073,Gasconade County,MO,0.2488,0.2024,0.4085,0.0757,0.4836,6.0,0.9,8.1,0.2,20.1,2.1,11.1,0.8,0.8,16.1,17.5,5.6,75.7,26.7,10.0,13.4,32.6,69.2,39.2,6.0,0,0,0,0
29075,Gentry County,MO,0.4066,0.5711,0.2358,0.0627,0.5129,5.0,0.5,11.6,0.1,27.2,2.9,12.4,2.1,2.4,21.8,15.6,5.3,75.0,26.2,10.6,15.5,32.4,68.2,40.9,6.0,0,0,0,0
29077,Greene County,MO,0.5317,0.5835,0.1034,0.4085,0.8272,7.1,3.0,11.9,0.5,25.0,3.9,6.9,4.1,14.9,28.5,14.9,14.1,76.7,24.8,10.2,13.9,31.9,69.3,37.8,3.0,0,0,0,0
29079,Grundy County,MO,0.679,0.7375,0.7031,0.1409,0.6748,11.1,0.4,18.4,0.9,25.8,4.1,14.6,2.7,3.7,21.9,14.6,6.8,75.6,27.1,11.2,16.9,32.9,70.6,39.6,6.0,0,0,0,0
29081,Harrison County,MO,0.4378,0.4015,0.8113,0.0983,0.3637,6.4,1.0,7.4,0.2,30.7,2.3,9.2,2.7,2.0,21.8,21.1,6.0,75.6,26.9,11.3,16.8,33.5,70.9,39.7,6.0,0,0,0,0
29083,Henry County,MO,0.6526,0.7674,0.8527,0.1928,0.3691,5.1,0.7,10.7,0.4,25.4,6.7,10.9,2.8,1.7,23.8,19.7,7.7,75.5,26.9,11.0,16.4,32.6,73.5,38.6,6.0,0,0,0,0
29085,Hickory County,MO,0.6157,0.9669,0.6182,0.1037,0.1298,3.3,0.1,14.6,1.0,37.4,8.8,10.6,2.1,0.2,33.9,26.9,6.1,75.6,28.5,12.9,22.0,34.1,69.9,43.1,6.0,0,0,0,0
29087,Holt County,MO,0.1705,0.2545,0.5765,0.0627,0.084,3.3,0.7,10.0,0.1,22.8,3.9,6.4,1.4,0.9,17.4,19.6,5.3,75.4,26.0,10.3,14.2,32.6,74.6,37.0,6.0,0,0,0,0
29089,Howard County,MO,0.35,0.4423,0.3458,0.3723,0.3029,3.2,5.8,9.8,0.4,22.1,4.5,11.5,2.0,0.7,18.5,16.4,12.7,76.4,26.2,10.1,13.2,32.9,71.8,36.0,4.0,0,0,0,0
29091,Howell County,MO,0.7693,0.9096,0.7149,0.1572,0.6271,7.5,0.4,15.8,0.2,36.5,5.5,13.8,2.4,2.7,23.8,19.2,7.1,75.5,28.1,12.0,19.4,32.4,72.0,36.8,5.0,0,0,0,1
29093,Iron County,MO,0.6074,0.6242,0.7331,0.1928,0.5778,5.8,0.7,11.0,0.0,27.9,3.3,13.7,2.0,1.8,22.3,22.9,7.7,75.6,28.1,11.5,17.4,33.2,74.2,42.1,6.0,0,0,0,0
29095,Jackson County,MO,0.6866,0.6612,0.5899,0.7684,0.5829,7.9,22.6,11.6,1.6,22.6,4.9,8.3,9.6,15.2,28.7,12.9,38.9,76.1,25.8,11.0,16.9,34.9,75.7,37.2,1.0,0,0,0,0
29097,Jasper County,MO,0.7451,0.7531,0.7703,0.489,0.6344,6.5,1.8,13.8,1.2,29.0,4.1,11.7,8.7,5.8,24.5,15.8,17.7,75.7,26.3,11.5,16.5,32.8,68.8,40.2,4.0,0,0,0,0
29099,Jefferson County,MO,0.1136,0.1931,0.2151,0.2816,0.0983,3.2,1.0,7.9,0.3,14.6,3.8,8.8,2.2,3.3,19.0,13.7,9.8,76.7,24.7,9.4,11.6,31.3,73.6,39.7,2.0,0,0,0,0
29101,Johnson County,MO,0.3815,0.5142,0.0484,0.4416,0.5873,4.3,3.5,10.1,0.5,21.8,4.8,7.6,5.0,3.9,24.3,12.7,15.6,77.1,26.4,10.3,13.3,32.4,72.7,37.5,5.0,0,0,0,0
29103,Knox County,MO,0.2679,0.6583,0.3382,0.0983,0.0509,2.7,1.2,25.3,0.1,28.9,2.1,14.8,0.8,0.0,20.4,17.0,6.0,75.1,26.9,11.6,18.5,33.0,70.7,39.8,6.0,0,0,0,0
29105,Laclede County,MO,0.7327,0.8101,0.861,0.2444,0.503,6.8,0.5,11.6,0.4,30.1,5.9,12.7,2.7,3.7,22.6,18.2,8.9,75.6,27.1,11.5,18.2,33.7,70.6,38.3,5.0,0,0,0,0
29107,Lafayette County,MO,0.1101,0.1247,0.3754,0.2587,0.1094,3.4,2.1,8.4,0.6,17.7,2.4,8.3,3.4,2.8,14.1,16.1,9.2,75.1,25.9,9.5,12.4,33.7,70.7,36.8,2.0,0,0,0,0
29109,Lawrence County,MO,0.7362,0.8352,0.7661,0.3723,0.5027,6.0,0.3,14.5,1.2,28.4,5.2,14.2,8.2,1.5,23.8,16.5,12.7,75.5,26.7,11.5,18.1,33.2,73.1,40.1,6.0,0,0,0,0
29111,Lewis County,MO,0.4486,0.6328,0.0286,0.2109,0.7932,5.7,3.9,8.2,0.0,27.7,5.9,13.6,1.4,2.5,19.3,14.2,8.0,75.4,26.9,10.9,16.6,31.7,69.6,38.2,5.0,0,0,0,0
29113,Lincoln County,MO,0.1976,0.2316,0.4222,0.1928,0.1925,4.0,1.9,8.7,0.3,18.6,3.4,9.3,2.7,1.8,18.2,14.4,7.7,75.8,25.3,9.9,12.4,32.1,75.2,39.4,2.0,0,0,0,0
29115,Linn County,MO,0.1263,0.2682,0.3007,0.0932,0.0687,5.4,0.7,8.8,0.2,25.6,2.8,9.6,2.9,0.6,15.1,14.1,5.9,75.8,26.7,10.5,15.5,32.8,74.4,35.9,6.0,0,0,0,0
29117,Livingston County,MO,0.3073,0.3519,0.2854,0.2164,0.4394,6.2,2.9,10.7,0.0,21.6,3.0,12.5,2.1,2.2,17.4,14.5,8.1,76.2,27.4,10.5,15.9,32.5,73.8,39.6,6.0,0,0,0,0
29119,McDonald County,MO,0.8899,0.9596,0.8581,0.6701,0.5854,5.6,2.0,20.7,4.9,35.2,5.9,20.7,11.6,1.2,23.4,14.1,30.3,75.7,27.3,13.5,23.7,33.5,64.6,42.7,6.0,0,0,0,1
29121,Macon County,MO,0.3388,0.3773,0.6287,0.182,0.2549,5.6,1.9,11.7,0.5,19.7,3.8,8.7,1.7,1.3,20.6,16.4,7.5,75.9,25.5,9.9,13.4,32.1,73.3,34.6,6.0,0,0,0,0
29123,Madison County,MO,0.5097,0.5612,0.7299,0.1094,0.4181,4.9,1.1,15.0,0.0,20.5,5.1,11.8,2.6,2.2,19.0,22.6,6.2,75.0,26.7,10.6,15.0,32.2,75.1,37.5,6.0,0,0,0,0
29125,Maries County,MO,0.4814,0.7423,0.4292,0.1276,0.2835,5.9,0.3,10.4,0.5,23.0,5.6,13.0,1.8,1.2,24.8,22.0,6.6,75.4,26.9,10.3,15.0,32.2,72.3,37.9,6.0,0,0,0,0
29127,Marion County,MO,0.4368,0.3182,0.4865,0.2984,0.6627,7.8,5.5,7.8,0.1,25.3,2.9,10.3,0.4,5.2,18.9,15.4,10.3,76.3,26.1,10.6,14.5,31.4,75.0,39.8,5.0,0,0,0,0
29129,Mercer County,MO,0.4878,0.4728,0.6962,0.1572,0.4852,5.3,0.3,12.1,1.0,28.0,2.9,9.0,3.0,4.3,20.6,16.5,7.1,75.6,27.4,11.8,17.9,33.1,73.0,41.4,6.0,0,0,0,0
29131,Miller County,MO,0.3793,0.5237,0.2914,0.0932,0.4276,4.0,1.0,10.8,0.2,25.4,4.6,10.9,2.1,5.2,19.3,17.3,5.9,75.9,27.2,10.6,15.0,33.0,72.2,37.3,6.0,0,0,0,0
29133,Mississippi County,MO,0.9106,0.9586,0.8851,0.658,0.6844,17.0,24.1,12.4,0.4,39.9,5.1,20.7,1.1,1.9,29.5,26.1,29.5,76.9,26.0,14.1,25.2,33.1,71.3,47.7,5.0,0,0,0,1
29135,Moniteau County,MO,0.5367,0.3882,0.4884,0.3248,0.8288,6.6,2.7,16.0,1.4,18.6,3.0,13.6,5.5,1.5,17.0,13.0,11.1,75.1,25.6,10.2,14.5,32.5,72.2,39.1,4.0,0,0,0,0
29137,Monroe County,MO,0.5059,0.4289,0.6064,0.2164,0.6656,7.4,3.5,12.6,0.5,26.2,1.2,10.0,1.9,2.0,20.1,15.3,8.1,75.8,27.2,11.0,16.3,32.3,73.2,38.0,6.0,0,0,0,0
29139,Montgomery County,MO,0.4187,0.4235,0.6367,0.1696,0.4104,3.8,1.7,9.8,0.1,25.3,3.0,12.3,2.1,1.5,19.0,19.9,7.3,75.2,26.6,10.9,15.9,33.0,72.7,37.1,6.0,0,0,0,0
29141,Morgan County,MO,0.8657,0.853,0.8393,0.1572,0.9481,11.1,0.3,24.1,0.7,30.1,3.5,20.3,2.5,3.4,23.7,21.3,7.1,74.0,28.2,11.6,18.6,32.5,65.4,38.2,6.0,0,0,0,1
29143,New Madrid County,MO,0.7891,0.812,0.9045,0.5915,0.4706,8.0,12.2,13.8,0.2,33.7,4.0,16.7,2.1,1.2,22.7,21.3,23.9,75.7,27.2,12.7,22.0,33.0,70.5,43.0,6.0,0,0,0,1
29145,Newton County,MO,0.5682,0.5628,0.4435,0.489,0.6354,5.0,0.9,13.4,1.5,25.4,4.2,10.7,5.9,3.3,20.1,14.4,17.7,76.0,26.1,11.1,15.9,32.8,76.1,38.9,4.0,0,0,0,0
29147,Nodaway County,MO,0.2151,0.3675,0.0102,0.1654,0.6538,7.0,2.2,8.6,0.3,27.1,2.3,5.8,1.7,5.7,24.5,12.9,7.2,76.9,26.4,10.4,13.8,32.6,76.3,39.5,5.0,0,0,0,0
29149,Oregon County,MO,0.6589,0.8941,0.7273,0.1339,0.3112,3.9,0.1,19.6,0.0,39.6,4.5,14.2,1.9,0.3,24.0,22.7,6.7,75.3,27.9,12.5,20.5,33.2,70.5,41.2,6.0,0,0,0,0
29151,Osage County,MO,0.0181,0.0188,0.0258,0.0057,0.2517,4.7,0.2,4.9,0.1,13.0,1.0,7.2,1.0,1.4,14.1,12.6,3.0,75.7,25.3,9.2,11.4,32.4,76.3,35.6,4.0,0,0,0,0
29153,Ozark County,MO,0.5632,0.9224,0.3099,0.0821,0.3045,6.4,0.6,16.5,0.0,37.8,6.2,19.1,2.1,0.3,20.4,26.3,5.7,75.0,28.4,12.5,20.9,33.0,66.0,42.3,6.0,0,0,0,0
29155,Pemiscot County,MO,0.9364,0.9901,0.9415,0.7105,0.5122,9.4,25.9,13.0,0.3,43.1,9.6,17.8,3.1,1.5,29.8,23.1,33.7,78.1,26.8,14.9,27.9,34.8,73.1,44.9,6.0,0,0,0,1
29157,Perry County,MO,0.3175,0.5164,0.2284,0.0983,0.3315,5.4,0.7,7.1,0.7,19.3,5.1,14.4,2.4,2.1,22.2,13.9,6.0,75.2,25.9,9.9,13.7,32.2,76.5,36.0,6.0,0,0,0,0
29159,Pettis County,MO,0.6936,0.6188,0.84,0.4636,0.6074,7.0,2.8,14.1,2.4,24.5,3.9,12.4,9.2,5.6,21.5,16.5,16.6,76.2,25.4,10.8,15.7,31.7,71.4,36.3,5.0,0,0,0,0
29161,Phelps County,MO,0.6402,0.6309,0.3544,0.3977,0.8361,6.6,2.0,9.3,0.3,27.8,4.2,8.2,2.9,7.4,29.1,16.5,13.8,75.6,26.5,10.9,14.5,32.3,73.2,36.2,5.0,0,0,0,0
29163,Pike County,MO,0.7216,0.5122,0.7321,0.3217,0.9459,7.8,5.0,9.2,0.6,25.3,4.8,13.6,2.3,2.9,17.5,16.4,11.0,75.9,25.1,11.3,17.2,32.8,74.0,38.3,6.0,0,0,0,0
29165,Platte County,MO,0.1632,0.104,0.3379,0.5488,0.2078,4.0,7.2,6.3,0.7,13.1,3.6,3.6,6.6,13.6,21.1,12.6,21.5,78.7,23.4,8.8,9.7,32.6,74.1,36.7,2.0,0,0,0,0
29167,Polk County,MO,0.6077,0.7289,0.3869,0.1861,0.7047,5.6,1.2,14.4,0.5,28.2,3.6,12.1,2.8,1.5,24.5,16.1,7.6,76.3,27.1,11.2,16.5,33.3,72.3,39.5,3.0,0,0,0,0
29169,Pulaski County,MO,0.6927,0.5479,0.419,0.6793,0.9049,5.1,9.7,10.8,0.9,25.0,4.7,5.5,11.6,3.9,25.9,16.8,31.1,76.7,24.0,10.9,15.1,32.1,72.7,38.4,5.0,0,0,0,0
29171,Putnam County,MO,0.3258,0.2409,0.63,0.0525,0.5151,6.8,0.2,12.9,0.4,17.9,4.0,6.6,2.6,0.1,16.9,15.2,5.0,76.5,26.2,10.2,13.8,32.8,74.2,35.1,6.0,0,0,0,0
29173,Ralls County,MO,0.1168,0.377,0.1489,0.1409,0.0363,2.9,1.8,8.1,0.0,20.9,5.3,8.5,1.4,0.7,19.6,16.6,6.8,75.7,26.8,10.4,14.5,32.4,72.6,39.7,5.0,0,0,0,0
29175,Randolph County,MO,0.6268,0.7267,0.4556,0.3649,0.6179,5.4,5.0,11.0,0.1,27.7,5.3,10.4,2.2,2.5,23.6,18.2,12.4,75.4,26.2,11.0,16.1,32.3,72.1,37.6,5.0,0,0,0,0
29177,Ray County,MO,0.0932,0.2911,0.1273,0.1572,0.0468,2.2,1.2,10.3,0.1,21.2,3.1,10.3,2.7,1.3,17.1,14.0,7.1,75.1,26.4,10.6,14.3,32.9,68.4,39.3,2.0,0,0,0,0
29179,Reynolds County,MO,0.6354,0.8575,0.3882,0.1985,0.5301,6.1,1.7,12.9,0.0,28.2,10.0,21.3,1.7,0.7,18.2,31.4,7.8,74.7,27.5,11.8,18.8,33.1,69.9,41.0,6.0,0,0,0,0
29181,Ripley County,MO,0.476,0.8231,0.4384,0.1572,0.1441,4.9,0.1,16.9,0.0,34.9,3.6,17.8,2.2,0.8,22.5,23.9,7.1,75.8,28.5,12.5,20.1,33.7,70.6,41.1,6.0,0,0,0,0
29183,St. Charles County,MO,0.034,0.0178,0.0764,0.4308,0.118,3.3,4.9,4.3,0.5,8.0,3.1,4.6,3.6,7.7,17.2,10.9,15.0,76.3,23.5,8.8,8.8,32.1,77.4,35.5,2.0,0,0,0,0
29185,St. Clair County,MO,0.6182,0.5877,0.7486,0.1696,0.6688,5.1,0.5,14.8,0.2,31.4,2.5,10.6,2.4,1.5,21.1,23.6,7.3,75.1,27.6,11.8,17.8,32.8,71.4,37.7,6.0,0,0,0,0
29186,Ste. Genevieve County,MO,0.1537,0.1734,0.3029,0.0881,0.2669,3.2,1.5,5.6,0.2,18.6,4.8,8.5,1.3,3.7,15.3,16.6,5.8,75.7,25.9,9.8,12.9,32.5,72.2,37.1,6.0,0,0,0,0
29187,St. Francois County,MO,0.7257,0.7426,0.4636,0.2733,0.889,6.8,2.9,12.0,0.3,26.9,4.8,13.1,2.0,4.2,23.0,21.2,9.6,75.6,26.5,11.4,17.2,33.0,72.9,40.3,5.0,0,0,0,0
29189,St. Louis County,MO,0.3401,0.2227,0.4289,0.7458,0.3767,6.4,24.1,5.9,1.0,15.6,4.3,5.8,3.1,11.0,24.4,11.8,36.9,77.3,23.6,9.6,12.6,31.2,76.8,31.5,2.0,0,0,0,0
29195,Saline County,MO,0.44,0.3694,0.4314,0.5616,0.4928,5.5,5.4,6.8,2.4,23.0,2.7,12.1,11.1,4.2,21.9,17.2,22.2,76.0,25.3,11.2,16.2,33.0,72.3,39.2,5.0,0,0,0,0
29197,Schuyler County,MO,0.2329,0.2122,0.3525,0.0379,0.468,7.2,0.4,17.2,0.0,18.3,2.3,7.6,1.3,0.8,14.5,19.8,4.6,75.2,25.7,9.8,12.8,32.3,75.8,39.0,5.0,0,0,0,0
29199,Scotland County,MO,0.3169,0.6395,0.2529,0.007,0.1963,4.6,0.1,31.1,0.0,21.8,1.2,16.8,0.0,0.7,23.2,14.9,3.1,74.9,26.5,10.4,15.5,32.6,70.1,37.7,6.0,0,0,0,0
29201,Scott County,MO,0.665,0.615,0.6923,0.4973,0.6548,7.4,11.3,11.2,0.0,27.0,2.9,13.6,2.6,2.9,23.0,18.3,18.1,76.9,25.7,11.1,18.0,33.0,69.0,38.2,5.0,0,0,0,0
29203,Shannon County,MO,0.4429,0.6052,0.266,0.1508,0.4833,5.5,0.3,12.2,0.0,26.0,2.7,14.1,0.4,0.0,22.4,21.1,7.0,75.1,26.9,11.2,17.3,32.2,74.1,36.8,6.0,0,0,0,0
29205,Shelby County,MO,0.3968,0.4295,0.4874,0.0675,0.5014,5.6,1.4,10.0,0.2,34.7,1.1,11.5,2.3,3.8,17.6,14.7,5.4,74.8,27.1,11.5,17.7,33.0,69.9,40.6,6.0,0,0,0,0
29207,Stoddard County,MO,0.4359,0.6952,0.5994,0.119,0.1514,4.7,1.3,12.8,0.0,29.5,4.3,18.5,1.9,0.9,18.4,21.6,6.4,73.8,27.6,11.3,18.0,32.0,69.7,37.6,6.0,0,0,0,0
29209,Stone County,MO,0.4337,0.734,0.203,0.1037,0.3436,3.1,0.2,9.5,0.2,26.2,8.4,9.7,2.5,4.9,22.8,19.3,6.1,75.8,26.5,10.3,14.2,33.1,69.2,41.1,6.0,0,0,0,0
29211,Sullivan County,MO,0.5068,0.4244,0.4919,0.5854,0.5638,5.8,3.1,8.6,4.4,27.1,2.4,14.2,18.7,1.2,18.7,11.6,23.6,75.4,25.4,11.9,18.7,33.1,69.3,40.4,6.0,0,0,0,0
29213,Taney County,MO,0.7941,0.7887,0.5969,0.377,0.9071,4.9,1.8,15.6,1.0,27.0,5.1,10.2,6.3,18.6,25.2,17.1,12.9,75.6,25.8,10.6,15.1,32.4,73.2,36.4,5.0,0,0,0,1
29215,Texas County,MO,0.8575,0.9675,0.5183,0.2854,0.8702,8.2,2.4,16.7,0.2,35.8,6.0,15.1,2.4,1.8,28.5,24.9,9.9,75.9,26.8,12.7,19.8,33.4,67.8,42.2,6.0,0,0,0,1
29217,Vernon County,MO,0.5733,0.6627,0.5717,0.1339,0.5934,8.4,0.5,16.5,0.3,31.2,4.0,11.6,2.5,0.8,19.6,19.8,6.7,75.7,28.1,11.5,17.7,33.6,68.5,38.1,6.0,0,0,0,0
29219,Warren County,MO,0.1689,0.3719,0.0881,0.2781,0.1518,2.5,2.1,7.4,0.0,17.0,4.8,11.7,3.7,1.0,20.5,15.2,9.7,75.4,26.0,10.0,13.3,32.4,73.3,38.7,2.0,0,0,0,0
29221,Washington County,MO,0.7957,0.8085,0.7327,0.2109,0.8571,9.4,1.7,11.9,0.1,33.5,4.4,18.3,1.7,0.1,22.1,24.2,8.0,75.2,27.4,12.2,19.4,33.0,67.8,41.3,6.0,0,0,0,1
29223,Wayne County,MO,0.6675,0.9233,0.2587,0.1654,0.6122,5.5,1.0,13.6,0.0,35.5,8.3,17.8,2.0,0.7,20.6,29.0,7.2,74.4,28.1,12.6,21.4,33.0,68.0,41.3,6.0,0,0,0,0
29225,Webster County,MO,0.5437,0.5555,0.5122,0.2062,0.6675,5.5,0.6,13.3,1.3,25.3,4.8,12.1,2.3,2.4,16.8,14.7,7.9,75.7,26.8,10.6,15.2,32.5,74.1,41.5,3.0,0,0,0,0
29227,Worth County,MO,0.2237,0.1731,0.7375,0.0337,0.2291,8.5,0.3,8.7,0.0,29.1,0.9,6.0,1.9,1.8,10.9,19.4,4.5,75.3,26.8,11.2,16.2,32.8,71.6,40.7,6.0,0,0,0,0
29229,Wright County,MO,0.749,0.915,0.9564,0.1457,0.2329,6.5,0.2,16.0,0.8,37.2,4.8,17.6,2.4,1.5,24.0,18.1,6.9,75.7,28.1,12.5,20.6,33.3,71.3,42.1,6.0,0,0,0,0
29510,St. Louis City,MO,0.8139,0.8161,0.3668,0.8941,0.8438,18.5,43.7,10.1,1.4,30.3,5.4,10.0,4.3,19.8,32.1,15.6,55.4,80.3,23.9,12.7,19.7,30.9,79.6,37.0,1.0,0,0,0,0
30001,Beaverhead County,MT,0.2043,0.307,0.041,0.3166,0.4343,0.9,1.0,6.5,0.0,25.7,2.8,5.7,5.5,2.8,24.8,16.1,10.9,69.3,25.6,8.4,12.6,28.4,73.4,29.3,6.0,0,0,1,0
30003,Big Horn County,MT,0.7646,0.8861,0.0977,0.9714,0.7661,6.5,0.0,18.7,0.0,42.1,15.0,10.7,6.3,1.4,19.4,10.6,73.8,68.9,25.6,13.8,30.1,26.8,65.7,35.8,6.0,0,0,1,1
30005,Blaine County,MT,0.9443,0.9055,0.8721,0.9036,0.8982,9.2,0.8,17.4,0.3,33.5,13.2,10.9,3.6,3.2,21.8,19.9,56.9,68.2,25.2,12.3,23.7,28.4,68.1,41.6,6.0,0,0,1,1
30007,Broadwater County,MT,0.0827,0.4913,0.0328,0.314,0.0076,1.9,0.3,8.1,0.0,19.7,8.2,6.7,2.2,0.5,22.6,14.7,10.8,68.0,24.7,7.8,11.1,27.5,71.5,30.3,4.0,0,0,1,0
30009,Carbon County,MT,0.1241,0.342,0.2615,0.2109,0.0258,2.7,0.5,7.2,0.6,18.7,4.9,4.2,2.9,1.2,25.5,16.8,8.0,68.7,25.2,8.2,11.1,27.5,73.2,32.6,4.0,0,0,1,0
30011,Carter County,MT,0.4069,0.5084,0.0675,0.1409,0.7681,5.7,0.0,13.6,0.0,26.7,2.4,5.7,1.1,3.3,27.1,15.7,6.8,67.9,26.1,8.5,13.1,28.4,72.7,33.2,6.0,0,0,1,0
30013,Cascade County,MT,0.4435,0.3357,0.3439,0.4613,0.6761,5.7,1.5,6.9,0.1,22.9,3.3,6.6,5.0,10.7,25.4,15.1,16.5,71.8,28.1,8.8,13.6,29.3,75.4,35.9,4.0,0,0,1,0
30015,Chouteau County,MT,0.2584,0.28,0.1222,0.5892,0.3726,5.4,0.1,5.8,0.0,25.7,5.2,7.7,3.0,3.5,16.1,12.4,23.8,69.2,25.5,9.5,16.4,28.2,72.4,35.8,6.0,0,0,1,0
30017,Custer County,MT,0.3589,0.196,0.2806,0.3086,0.7989,4.4,0.2,7.4,0.5,19.6,3.3,5.6,3.6,7.8,21.3,20.3,10.6,69.0,25.2,8.5,12.3,27.1,75.4,32.7,6.0,0,0,1,0
30019,Daniels County,MT,0.1228,0.153,0.1759,0.2692,0.1909,5.9,0.3,4.2,0.0,24.1,1.5,3.8,1.4,2.5,23.4,20.3,9.5,68.4,24.7,8.2,11.8,27.6,71.7,34.0,6.0,0,0,1,0
30021,Dawson County,MT,0.0764,0.0124,0.147,0.2294,0.441,5.1,0.8,4.0,0.0,12.7,3.0,4.8,2.7,4.6,15.5,16.6,8.5,67.0,24.5,8.2,10.9,26.9,72.7,33.0,6.0,0,0,1,0
30023,Deer Lodge County,MT,0.6417,0.6144,0.6656,0.3016,0.7073,9.3,0.5,7.2,0.0,31.5,3.8,9.5,3.7,5.3,28.2,25.5,10.4,67.4,26.0,9.5,15.3,27.2,70.0,32.2,6.0,0,0,1,0
30025,Fallon County,MT,0.1508,0.035,0.1028,0.1508,0.7938,7.2,0.0,6.5,0.0,18.0,0.0,3.5,0.8,3.7,15.9,13.3,7.0,67.1,25.1,8.3,11.8,27.3,75.8,31.4,6.0,0,0,1,0
30027,Fergus County,MT,0.3837,0.3548,0.091,0.1409,0.8772,7.4,0.5,14.1,0.1,21.5,3.1,5.4,2.1,4.4,22.1,15.0,6.8,68.9,25.1,8.4,12.9,26.9,74.5,31.2,6.0,0,0,1,0
30029,Flathead County,MT,0.2094,0.3108,0.0776,0.2444,0.3929,3.7,0.3,8.8,0.3,19.2,3.2,4.4,3.3,5.7,27.0,11.5,8.9,67.5,25.0,7.4,10.7,27.0,71.3,30.8,5.0,0,0,1,0
30031,Gallatin County,MT,0.0783,0.2129,0.0013,0.2984,0.4693,2.6,0.4,7.4,0.3,18.3,2.1,2.4,4.3,10.2,26.8,9.2,10.3,69.0,22.4,7.2,8.6,26.8,71.2,24.0,4.0,0,0,1,0
30033,Garfield County,MT,0.0652,0.1915,0.0496,0.0025,0.1648,0.7,1.1,15.5,0.0,21.6,0.0,2.9,0.0,0.0,18.0,10.4,2.5,68.2,26.6,8.5,12.6,27.5,73.2,30.7,6.0,0,0,1,0
30035,Glacier County,MT,0.9752,0.9583,0.8403,0.9634,0.9529,5.6,0.2,30.0,1.0,43.1,7.9,13.3,3.6,3.2,22.9,15.0,71.2,67.8,26.0,14.5,32.4,27.2,67.0,39.9,6.0,0,0,1,1
30037,Golden Valley County,MT,0.1451,0.2886,0.0916,0.4165,0.1304,2.3,1.1,13.0,0.0,23.3,1.3,8.7,8.6,0.0,17.5,19.0,14.5,68.3,26.5,9.5,16.2,27.9,71.7,32.8,6.0,0,0,1,0
30039,Granite County,MT,0.2246,0.4871,0.0792,0.1225,0.2421,3.1,0.0,6.3,0.0,25.8,5.7,9.6,3.1,0.0,20.6,17.5,6.5,68.4,24.7,8.4,12.9,27.4,73.3,30.6,6.0,0,0,1,0
30041,Hill County,MT,0.4419,0.3723,0.321,0.6923,0.5103,5.5,0.2,7.2,0.1,27.1,3.9,9.6,4.0,3.0,19.2,11.9,32.0,70.0,26.8,10.9,19.0,29.5,67.4,39.0,6.0,0,0,1,0
30043,Jefferson County,MT,0.1158,0.0757,0.1807,0.2364,0.35,3.1,0.3,5.7,0.2,11.3,3.4,6.3,3.0,1.2,19.3,17.1,8.7,68.3,24.3,7.6,10.1,26.6,70.9,32.1,4.0,0,0,1,0
30045,Judith Basin County,MT,0.049,0.1483,0.3207,0.1753,0.0099,1.9,0.0,5.2,0.1,24.9,2.4,5.8,5.5,1.2,19.9,12.1,7.4,68.7,25.9,9.0,13.6,28.1,72.5,31.7,6.0,0,0,1,0
30047,Lake County,MT,0.7541,0.8113,0.8587,0.7308,0.3223,4.0,0.3,15.4,0.8,27.6,6.5,7.7,4.5,1.8,26.0,15.2,35.7,70.3,26.7,9.3,16.6,26.0,72.8,33.2,6.0,0,0,1,1
30049,Lewis and Clark County,MT,0.1906,0.1772,0.1276,0.2984,0.4496,5.3,0.5,5.5,0.1,16.4,3.5,5.0,3.7,5.8,24.9,14.0,10.3,71.7,27.0,7.5,10.0,27.8,76.5,30.8,4.0,0,0,1,0
30051,Liberty County,MT,0.6592,0.4852,0.9421,0.0048,0.7751,13.9,0.0,5.7,0.3,40.4,0.2,23.4,0.6,9.9,19.2,19.8,2.9,68.3,27.2,9.9,18.2,28.4,68.8,34.5,6.0,0,0,1,0
30053,Lincoln County,MT,0.5628,0.8489,0.4874,0.2444,0.2459,3.8,0.1,13.3,0.5,31.3,6.9,7.6,3.5,2.2,28.1,22.2,8.9,69.2,27.4,9.4,15.6,28.1,69.5,37.6,6.0,0,0,1,0
30055,McCone County,MT,0.0121,0.0076,0.0725,0.2733,0.0605,0.0,0.0,5.8,0.4,8.5,2.5,3.1,0.0,0.0,9.1,13.5,9.6,67.6,24.6,7.7,10.5,28.1,74.4,32.9,6.0,0,0,1,0
30057,Madison County,MT,0.098,0.1454,0.0299,0.2234,0.3592,1.7,0.0,8.9,0.0,12.8,2.3,3.6,4.5,5.4,22.8,14.8,8.3,68.1,23.9,7.3,10.2,27.3,71.8,28.6,6.0,0,0,1,0
30059,Meagher County,MT,0.0188,0.1088,0.0379,0.1861,0.0309,0.4,0.1,6.3,0.0,20.1,1.5,2.8,2.6,0.3,20.9,15.3,7.6,68.9,25.3,8.3,11.9,27.4,73.8,32.6,6.0,0,0,1,0
30061,Mineral County,MT,0.2218,0.3328,0.343,0.2816,0.1521,1.9,0.7,7.5,0.0,22.1,3.6,6.9,3.3,0.4,23.5,18.5,9.8,67.8,26.1,8.8,14.0,28.5,72.8,35.8,4.0,0,0,1,0
30063,Missoula County,MT,0.2762,0.3481,0.0181,0.3697,0.7296,5.5,0.6,6.5,0.4,19.9,4.5,3.6,3.6,12.8,29.3,12.3,12.6,70.0,26.7,7.9,10.1,28.6,76.8,26.9,4.0,0,0,1,0
30065,Musselshell County,MT,0.2278,0.3427,0.273,0.2733,0.1928,3.3,0.0,5.8,0.3,22.8,4.9,8.9,3.4,0.4,20.3,18.0,9.6,68.0,25.5,9.0,14.4,27.3,70.1,35.3,6.0,0,0,1,0
30067,Park County,MT,0.1623,0.3287,0.021,0.1928,0.4028,4.4,0.2,9.6,0.1,20.2,3.3,3.1,3.3,5.3,25.8,11.5,7.7,68.3,24.2,7.9,10.9,27.1,74.8,30.0,6.0,0,0,1,0
30069,Petroleum County,MT,0.0013,0.0255,0.0045,0.0016,0.043,0.0,0.0,4.6,0.0,20.4,0.8,0.3,0.0,0.0,14.8,6.5,1.9,67.5,24.4,8.2,11.6,27.3,72.3,32.9,6.0,0,0,1,0
30071,Phillips County,MT,0.2081,0.188,0.3188,0.4839,0.2262,2.1,0.0,9.4,0.0,21.1,3.4,6.8,2.3,1.3,15.9,15.6,17.5,68.4,26.0,8.8,13.7,27.8,71.0,39.0,6.0,0,0,1,0
30073,Pondera County,MT,0.7967,0.6837,0.7582,0.5444,0.8861,5.8,0.1,7.4,1.3,29.1,6.4,12.0,2.4,3.9,21.3,18.4,21.1,67.6,26.8,10.5,19.7,27.8,67.8,37.5,6.0,0,0,1,1
30075,Powder River County,MT,0.1521,0.1919,0.0789,0.2214,0.3875,5.1,0.0,7.7,0.0,19.7,1.0,10.7,2.3,0.3,18.1,17.5,8.2,67.9,24.4,8.0,11.7,27.6,74.6,30.6,6.0,0,0,1,0
30077,Powell County,MT,0.2319,0.1807,0.0544,0.3592,0.7159,3.6,0.9,6.6,0.0,19.3,4.8,7.5,2.2,2.9,14.7,21.5,12.2,67.2,23.0,9.2,14.0,28.4,71.9,35.6,6.0,0,0,1,0
30079,Prairie County,MT,0.3567,0.5495,0.3793,0.2984,0.1884,5.2,0.0,5.8,0.0,42.0,2.9,13.8,0.9,0.0,22.5,18.4,10.3,67.3,26.2,10.2,18.7,27.7,66.5,34.0,6.0,0,0,1,0
30081,Ravalli County,MT,0.1511,0.3306,0.1607,0.2854,0.0888,4.0,0.2,9.8,0.0,16.1,4.4,7.0,3.8,2.7,22.7,18.6,9.9,68.0,24.4,7.3,10.7,27.2,74.0,31.7,6.0,0,0,1,0
30083,Richland County,MT,0.2644,0.2647,0.139,0.363,0.5132,7.4,0.2,7.1,0.3,15.4,4.9,4.3,5.8,7.3,23.9,13.2,12.3,67.7,23.8,7.7,10.5,26.7,74.1,37.6,6.0,0,0,1,0
30085,Roosevelt County,MT,0.7665,0.7515,0.1724,0.9504,0.9042,10.6,0.3,31.3,0.1,44.0,8.6,6.8,3.7,2.4,17.0,13.8,67.6,68.5,26.9,13.5,28.1,28.8,65.7,41.3,6.0,0,0,1,1
30087,Rosebud County,MT,0.9408,0.9205,0.8839,0.8629,0.8536,7.1,0.1,16.4,0.9,32.7,9.2,10.3,5.3,4.3,24.4,17.9,48.5,68.3,25.4,11.5,23.3,26.7,72.3,39.8,6.0,0,0,1,1
30089,Sanders County,MT,0.5778,0.8263,0.385,0.3217,0.3643,5.7,0.3,12.3,0.4,31.8,5.2,9.4,3.4,0.4,30.0,21.5,11.0,65.5,26.0,9.0,15.7,27.3,70.2,34.8,6.0,0,0,1,0
30091,Sheridan County,MT,0.1642,0.2046,0.2304,0.3016,0.2052,3.1,0.0,11.1,0.1,16.6,1.5,9.5,4.5,3.6,18.2,17.4,10.4,68.6,25.6,8.4,12.9,28.2,71.5,35.4,6.0,0,0,1,0
30093,Silver Bow County,MT,0.4534,0.4273,0.4403,0.2984,0.5797,6.8,0.2,7.1,0.4,25.1,4.6,6.5,4.6,9.2,23.7,19.4,10.3,69.1,26.0,8.7,13.8,27.2,73.3,32.8,5.0,0,0,1,0
30095,Stillwater County,MT,0.0608,0.0379,0.2689,0.2234,0.147,3.3,0.1,4.3,0.1,13.2,2.6,7.1,4.2,0.4,18.0,17.1,8.3,68.4,24.7,7.7,10.5,27.5,72.0,29.9,4.0,0,0,1,0
30097,Sweet Grass County,MT,0.0242,0.0678,0.1142,0.2485,0.028,3.5,1.5,9.2,0.3,14.8,2.1,4.0,2.3,0.7,16.5,14.4,9.0,67.9,25.1,7.7,10.9,27.2,75.3,29.7,6.0,0,0,1,0
30099,Teton County,MT,0.3662,0.3633,0.1919,0.1985,0.6825,6.4,0.9,8.5,0.1,21.7,2.1,10.2,1.8,3.6,22.9,12.7,7.8,67.3,25.5,8.3,12.6,28.6,67.0,31.3,6.0,0,0,1,0
30101,Toole County,MT,0.6023,0.6112,0.0703,0.4273,0.959,6.8,1.6,9.3,0.3,27.4,3.9,12.6,4.2,6.5,22.8,18.5,14.9,66.2,23.7,10.3,17.3,28.6,74.8,35.4,6.0,0,0,1,0
30103,Treasure County,MT,0.0719,0.0859,0.0745,0.0757,0.3143,5.1,0.0,4.9,0.0,24.0,1.1,5.9,4.3,1.8,17.7,15.3,5.6,68.5,25.1,8.3,12.4,26.8,74.4,34.1,6.0,0,0,1,0
30105,Valley County,MT,0.2027,0.1998,0.3283,0.4416,0.2081,4.6,0.4,7.0,0.0,20.8,4.0,6.7,2.7,3.8,18.7,16.3,15.6,68.8,25.3,8.6,13.6,28.5,67.6,33.2,6.0,0,0,1,0
30107,Wheatland County,MT,0.1273,0.3395,0.1569,0.119,0.0745,2.5,2.4,19.7,0.0,29.1,0.2,7.6,2.1,0.0,14.1,10.6,6.4,67.5,26.8,9.6,16.8,28.4,71.5,32.3,6.0,0,0,1,0
30109,Wibaux County,MT,0.273,0.1775,0.7471,0.3446,0.2281,2.6,0.9,10.1,0.7,25.8,0.0,4.9,7.2,0.0,17.0,17.6,11.7,68.3,25.9,8.6,13.2,27.9,67.7,33.1,6.0,0,0,1,0
30111,Yellowstone County,MT,0.2889,0.2094,0.2501,0.4416,0.546,4.6,0.5,6.2,0.3,17.7,3.5,4.7,6.2,7.9,25.0,13.2,15.6,72.8,28.2,8.2,11.9,27.4,78.9,34.0,4.0,0,0,1,0
31001,Adams County,NE,0.4769,0.2157,0.8018,0.4569,0.6277,5.0,0.7,5.9,2.1,20.4,2.7,7.6,11.7,5.8,22.6,14.4,16.2,75.0,20.6,9.9,13.2,28.5,72.7,41.9,5.0,0,0,0,0
31003,Antelope County,NE,0.0767,0.0573,0.6592,0.0881,0.0601,3.8,0.9,6.4,1.2,17.9,2.1,6.4,3.6,2.3,14.5,14.4,5.8,73.7,18.2,9.6,12.3,28.6,73.2,43.0,6.0,0,0,0,0
31005,Arthur County,NE,0.0751,0.0795,0.4486,0.1508,0.077,3.4,0.0,6.6,0.0,20.8,0.4,3.5,1.2,0.0,18.5,16.5,7.0,73.5,19.1,9.3,11.5,28.7,72.8,42.4,6.0,0,0,0,0
31007,Banner County,NE,0.0124,0.0372,0.4512,0.2214,0.0006,2.4,0.0,3.6,1.3,13.1,3.3,8.8,5.1,0.0,6.4,14.8,8.2,73.7,18.3,9.0,11.7,28.7,77.4,38.1,5.0,0,0,0,0
31009,Blaine County,NE,0.0799,0.2008,0.5043,0.0,0.0156,1.5,0.0,7.6,0.8,20.1,1.9,9.6,0.0,0.0,18.9,23.4,0.0,72.4,19.2,9.4,12.4,29.4,73.7,38.8,6.0,0,0,0,0
31011,Boone County,NE,0.0162,0.022,0.2463,0.0337,0.0321,3.6,0.1,4.5,0.2,16.9,1.0,6.1,2.8,2.3,15.4,14.0,4.5,72.7,18.4,9.4,12.7,29.5,72.2,33.4,6.0,0,0,0,0
31013,Box Butte County,NE,0.4963,0.3716,0.5218,0.5269,0.615,5.4,3.4,8.8,0.6,20.6,4.0,8.1,13.3,8.1,22.3,13.3,19.9,72.0,17.9,10.4,14.8,28.5,74.1,39.0,6.0,0,0,0,0
31015,Boyd County,NE,0.0601,0.126,0.3471,0.1753,0.0305,1.4,0.3,8.3,0.5,21.6,1.8,4.8,3.2,0.6,17.7,18.7,7.4,73.0,18.2,10.0,13.5,28.3,72.6,38.7,6.0,0,0,0,0
31017,Brown County,NE,0.1444,0.3013,0.3255,0.2364,0.0531,2.9,0.0,7.3,1.4,20.6,0.5,7.5,4.0,3.6,27.3,14.0,8.7,72.2,18.6,9.9,14.2,28.7,72.1,41.0,6.0,0,0,0,0
31019,Buffalo County,NE,0.3828,0.2924,0.4149,0.4165,0.5412,4.3,0.8,7.2,1.8,20.2,2.9,7.4,9.7,9.3,24.5,13.2,14.5,74.1,18.3,9.1,12.3,28.9,73.5,38.9,5.0,0,0,0,0
31021,Burt County,NE,0.1798,0.2399,0.5908,0.2399,0.0703,5.5,0.4,9.6,0.0,21.1,2.7,9.0,3.6,1.3,17.6,18.0,8.8,72.9,18.9,9.7,13.4,28.3,75.0,40.6,6.0,0,0,0,0
31023,Butler County,NE,0.0738,0.0557,0.5988,0.2323,0.0487,2.7,0.1,6.6,2.3,14.9,0.7,7.6,4.9,1.0,15.9,11.7,8.6,72.7,17.4,8.8,11.6,27.6,70.5,38.6,6.0,0,0,0,0
31025,Cass County,NE,0.0379,0.0955,0.0605,0.2164,0.0722,3.5,0.2,7.0,0.2,14.1,2.2,4.6,3.8,3.5,21.3,12.6,8.1,75.0,19.1,8.6,10.1,27.5,74.5,39.6,3.0,0,0,0,0
31027,Cedar County,NE,0.0067,0.0162,0.1441,0.0299,0.0165,2.8,0.1,6.0,0.1,11.1,2.0,5.3,2.3,1.3,13.3,10.4,4.4,71.8,17.4,8.4,10.4,27.1,78.8,40.5,6.0,0,0,0,0
31029,Chase County,NE,0.272,0.3102,0.7057,0.5778,0.056,2.5,0.4,11.6,1.2,18.8,2.6,12.1,18.7,1.2,17.7,12.9,23.2,72.0,17.7,9.7,14.0,29.0,74.0,37.3,6.0,0,0,0,0
31031,Cherry County,NE,0.3016,0.1947,0.1718,0.4416,0.6936,6.4,0.5,8.6,0.0,28.1,0.4,2.2,2.1,4.3,19.0,12.1,15.6,72.0,18.5,10.1,13.5,28.5,72.4,40.9,6.0,0,0,0,0
31033,Cheyenne County,NE,0.2857,0.329,0.1215,0.3649,0.5005,6.0,1.1,6.9,0.1,21.7,2.6,7.7,8.2,9.5,25.9,15.1,12.4,72.3,18.4,9.9,13.9,28.3,71.9,34.8,6.0,0,0,0,0
31035,Clay County,NE,0.0942,0.1069,0.6637,0.3503,0.0137,2.6,0.4,8.1,0.9,18.4,2.2,6.7,9.4,1.0,16.6,13.3,11.9,73.1,17.9,9.3,12.6,29.1,73.9,40.1,5.0,0,0,0,0
31037,Colfax County,NE,0.364,0.3363,0.4862,0.8839,0.1664,1.4,3.3,10.6,18.3,18.9,1.7,26.9,46.1,0.7,12.6,8.1,52.7,70.8,14.3,11.9,19.8,29.4,74.7,39.0,5.0,0,0,0,0
31039,Cuming County,NE,0.0795,0.0964,0.5081,0.3697,0.0235,2.3,0.4,7.5,2.7,17.3,2.6,7.9,10.3,2.4,13.6,9.9,12.6,73.2,18.0,9.5,13.3,29.5,76.9,41.2,6.0,0,0,0,0
31041,Custer County,NE,0.1425,0.1769,0.6233,0.1457,0.0684,4.5,0.6,7.7,0.5,21.9,1.6,5.3,3.7,3.3,21.0,14.9,6.9,72.9,18.0,9.3,11.8,27.2,69.5,40.2,6.0,0,0,0,0
31043,Dakota County,NE,0.7321,0.5065,0.6214,0.8925,0.8517,6.7,7.0,8.4,13.3,19.6,3.0,21.4,39.8,11.2,22.7,11.6,55.0,73.8,16.0,11.9,19.9,29.9,71.5,44.6,4.0,0,0,0,0
31045,Dawes County,NE,0.3156,0.2517,0.4992,0.4222,0.3713,3.5,2.3,8.6,1.7,21.8,1.5,4.4,5.8,6.1,24.2,13.4,14.7,72.8,18.8,9.6,12.2,27.7,71.4,38.3,6.0,0,0,0,0
31047,Dawson County,NE,0.7311,0.5138,0.8069,0.8171,0.7264,5.3,6.5,11.3,10.4,20.7,2.1,21.2,34.3,7.1,20.9,12.9,43.8,71.3,15.8,11.9,19.9,27.9,74.8,41.4,5.0,0,0,0,0
31049,Deuel County,NE,0.063,0.3385,0.1728,0.4356,0.0016,1.6,0.1,12.7,0.0,18.7,3.8,10.3,11.6,0.5,17.2,19.2,15.3,73.1,19.1,9.7,13.5,29.0,74.7,39.8,6.0,0,0,0,0
31051,Dixon County,NE,0.3789,0.3401,0.8683,0.4871,0.1142,2.6,0.2,8.1,6.0,22.3,2.9,15.6,15.0,2.3,17.0,12.0,17.6,71.9,17.1,10.1,15.2,28.4,76.2,43.6,6.0,0,0,0,0
31053,Dodge County,NE,0.5135,0.3392,0.9122,0.5231,0.3541,4.8,0.6,6.5,3.3,18.1,4.1,11.3,15.0,6.1,21.9,14.9,19.6,72.9,17.3,10.0,14.6,28.6,74.2,40.3,5.0,0,0,0,0
31055,Douglas County,NE,0.594,0.4461,0.6236,0.6962,0.657,6.5,10.6,9.1,3.2,18.6,3.8,8.6,13.4,19.8,26.8,10.5,32.3,74.9,18.9,9.3,13.3,29.4,73.2,36.9,3.0,0,0,0,0
31057,Dundy County,NE,0.0156,0.0398,0.1451,0.0032,0.0315,2.9,0.2,5.8,0.0,19.3,0.2,5.8,1.5,1.2,14.6,15.1,2.7,73.5,18.8,9.9,13.6,29.3,74.0,37.4,6.0,0,0,0,0
31059,Fillmore County,NE,0.0083,0.0067,0.0385,0.1409,0.0776,2.5,0.3,4.9,0.0,13.4,1.0,5.6,3.8,3.9,13.1,15.0,6.8,74.0,18.1,9.2,11.3,29.3,75.3,42.0,6.0,0,0,0,0
31061,Franklin County,NE,0.1129,0.1438,0.3589,0.0932,0.1403,3.5,0.2,6.9,0.5,23.2,2.5,6.9,2.8,0.3,16.7,17.9,5.9,73.0,19.9,10.1,14.2,29.3,72.7,39.7,6.0,0,0,0,0
31063,Frontier County,NE,0.3153,0.265,0.3898,0.1928,0.5406,2.9,1.1,10.4,0.2,19.9,4.4,6.2,3.4,2.0,18.4,19.7,7.7,73.1,18.2,9.0,11.7,27.9,75.4,38.7,6.0,0,0,0,0
31065,Furnas County,NE,0.1931,0.2281,0.532,0.1861,0.1432,4.5,0.3,8.2,0.4,20.5,1.0,10.2,4.9,4.1,19.2,18.9,7.6,73.2,18.8,9.9,14.1,28.8,73.8,44.9,6.0,0,0,0,0
31067,Gage County,NE,0.2307,0.1969,0.4989,0.1409,0.3271,7.7,0.7,6.4,0.0,20.5,2.0,7.5,3.1,2.9,22.0,15.8,6.8,74.4,19.0,9.7,12.9,30.6,67.7,41.8,5.0,0,0,0,0
31069,Garden County,NE,0.42,0.5482,0.9453,0.1276,0.0528,2.4,0.0,18.3,0.2,28.6,3.5,6.2,4.2,2.4,22.6,20.1,6.6,72.8,19.3,10.5,15.1,29.0,69.0,40.6,6.0,0,0,0,0
31071,Garfield County,NE,0.0557,0.042,0.1012,0.0299,0.3274,5.9,0.5,5.4,0.0,16.0,1.1,4.3,3.2,1.2,19.4,13.7,4.4,73.0,18.3,8.6,10.4,28.4,78.0,39.7,6.0,0,0,0,0
31073,Gosper County,NE,0.0293,0.1435,0.0296,0.1276,0.0535,0.7,0.3,11.5,0.2,16.3,1.5,6.1,4.3,0.4,18.5,12.1,6.6,73.2,18.1,9.0,11.4,28.5,73.2,38.3,5.0,0,0,0,0
31075,Grant County,NE,0.168,0.2921,0.0811,0.014,0.3748,3.6,0.2,12.8,0.5,17.9,1.4,8.3,0.3,0.0,21.4,10.8,3.7,72.8,18.7,8.8,10.5,28.2,72.9,36.6,6.0,0,0,0,0
31077,Greeley County,NE,0.062,0.0636,0.6306,0.0455,0.0372,1.8,0.6,3.9,0.1,18.3,1.8,7.2,2.1,0.7,19.0,16.0,4.8,71.7,18.2,9.3,12.5,28.4,75.7,35.3,6.0,0,0,0,0
31079,Hall County,NE,0.7343,0.6487,0.882,0.7378,0.496,5.3,3.0,11.9,7.8,23.7,2.9,15.1,30.0,10.2,24.8,12.9,36.2,72.4,16.8,10.7,18.2,29.4,69.6,41.4,4.0,0,0,0,0
31081,Hamilton County,NE,0.0229,0.0433,0.3471,0.1276,0.0105,1.9,0.1,5.9,0.3,12.6,3.6,2.8,3.9,1.3,17.1,10.9,6.6,74.1,18.0,8.3,10.2,29.2,73.4,40.8,6.0,0,0,0,0
31083,Harlan County,NE,0.3312,0.1263,0.9275,0.1508,0.4066,1.9,0.1,7.1,1.5,13.5,2.0,7.3,3.4,0.8,21.0,17.6,7.0,72.7,18.6,9.0,11.8,29.0,75.7,35.5,6.0,0,0,0,0
31085,Hayes County,NE,0.0547,0.0617,0.616,0.1985,0.0172,3.2,0.0,5.2,2.8,22.2,0.2,7.0,6.7,0.0,11.0,14.5,7.8,72.6,18.8,9.9,13.6,28.6,73.6,41.8,6.0,0,0,0,0
31087,Hitchcock County,NE,0.2574,0.1346,0.8791,0.1753,0.2192,4.0,0.1,8.6,0.4,22.2,1.9,6.5,3.9,0.3,15.3,20.7,7.4,72.7,19.0,9.7,13.4,29.1,72.6,42.1,6.0,0,0,0,0
31089,Holt County,NE,0.1098,0.0929,0.6227,0.2062,0.0729,3.0,0.4,6.0,1.1,21.4,1.3,6.1,5.3,2.4,18.3,12.5,7.9,72.7,17.6,9.6,12.8,28.1,76.5,38.7,6.0,0,0,0,0
31091,Hooker County,NE,0.1021,0.1196,0.0172,0.314,0.4782,5.8,1.5,8.2,0.0,19.3,3.2,6.9,0.0,0.0,4.1,12.8,10.8,72.8,19.2,9.4,12.5,29.2,74.0,40.3,6.0,0,0,0,0
31093,Howard County,NE,0.2202,0.1597,0.7849,0.2109,0.154,6.1,0.4,7.2,0.8,15.4,4.0,4.1,2.9,2.4,21.2,14.0,8.0,73.5,18.1,8.7,10.9,28.3,75.3,38.7,4.0,0,0,0,0
31095,Jefferson County,NE,0.2736,0.2934,0.7191,0.2164,0.1502,6.0,0.8,9.1,0.8,20.0,1.1,7.9,5.1,4.6,23.5,20.0,8.1,72.8,19.5,9.8,12.6,28.3,72.7,37.6,6.0,0,0,0,0
31097,Johnson County,NE,0.2927,0.0958,0.7798,0.5326,0.3509,5.5,5.5,5.7,1.7,13.4,1.4,10.5,10.3,2.6,18.4,18.5,20.2,70.9,16.1,10.1,14.5,29.2,68.9,38.1,6.0,0,0,0,0
31099,Kearney County,NE,0.1028,0.0283,0.5444,0.2733,0.1836,3.3,0.1,4.8,1.2,17.9,1.6,6.3,7.8,1.9,13.8,8.9,9.6,73.3,17.9,8.5,9.9,27.5,72.6,38.4,5.0,0,0,0,0
31101,Keith County,NE,0.2603,0.2269,0.5412,0.3217,0.2606,5.3,1.4,6.6,1.3,18.5,2.6,9.2,7.7,2.0,21.8,14.8,11.0,71.0,17.4,9.3,12.7,27.9,68.2,35.7,6.0,0,0,0,0
31103,Keya Paha County,NE,0.0226,0.1276,0.2797,0.021,0.0041,0.6,0.1,6.5,0.0,30.7,0.2,1.9,1.8,0.0,15.8,11.3,4.1,72.4,18.5,9.7,12.9,28.9,71.8,38.0,6.0,0,0,0,0
31105,Kimball County,NE,0.4308,0.6971,0.5571,0.4569,0.0725,3.2,0.2,16.1,1.1,25.4,2.2,14.7,10.5,0.8,24.9,19.1,16.2,72.1,19.2,10.9,17.1,29.6,69.8,42.5,6.0,0,0,0,0
31107,Knox County,NE,0.2717,0.1864,0.7747,0.4445,0.1683,3.6,0.7,6.4,0.4,22.9,4.1,8.1,3.4,1.5,12.3,16.5,15.7,73.1,18.7,10.3,15.3,29.2,72.5,40.4,6.0,0,0,0,0
31109,Lancaster County,NE,0.4031,0.2755,0.2905,0.5371,0.6647,5.1,3.6,6.6,2.1,19.6,3.2,6.7,7.7,20.0,25.6,11.3,20.4,75.4,20.5,9.4,11.5,28.8,77.2,35.7,3.0,0,0,0,0
31111,Lincoln County,NE,0.4617,0.3748,0.7782,0.3939,0.3675,4.3,1.1,7.8,1.0,22.8,3.4,6.5,9.7,7.7,26.1,15.3,13.6,72.6,20.1,10.2,14.5,28.8,71.0,40.1,5.0,0,0,0,0
31113,Logan County,NE,0.0471,0.057,0.2192,0.3649,0.0541,0.0,0.0,8.8,1.0,10.9,0.4,2.5,1.7,0.0,18.6,11.2,12.4,73.2,18.2,8.4,10.0,27.6,76.1,36.2,5.0,0,0,0,0
31115,Loup County,NE,0.202,0.2237,0.6567,0.4556,0.0576,1.8,0.0,7.8,0.0,19.9,0.0,1.1,11.8,0.0,26.8,16.1,16.1,73.4,18.0,8.9,10.6,28.0,71.2,36.7,6.0,0,0,0,0
31117,McPherson County,NE,0.0016,0.0239,0.0118,0.0006,0.0223,1.0,0.0,3.5,0.0,20.6,0.0,6.2,0.7,0.0,8.3,8.1,1.5,74.0,19.1,9.2,11.5,28.7,71.6,39.3,6.0,0,0,0,0
31119,Madison County,NE,0.4633,0.2284,0.6605,0.5501,0.6529,4.7,0.8,8.8,3.0,19.5,2.6,7.0,16.1,12.7,21.2,11.0,21.6,72.9,16.8,10.2,14.3,30.6,72.0,40.4,5.0,0,0,0,0
31121,Merrick County,NE,0.1947,0.2405,0.5953,0.2399,0.0955,2.7,0.0,8.8,0.5,18.0,0.5,7.1,5.4,1.3,24.0,17.8,8.8,72.6,19.1,9.2,12.6,28.0,75.6,39.2,4.0,0,0,0,0
31123,Morrill County,NE,0.3143,0.434,0.5635,0.5161,0.0904,3.9,0.1,6.1,1.2,17.9,5.5,10.6,15.8,1.0,23.0,14.3,19.2,72.4,18.4,10.4,16.4,28.7,72.5,41.9,6.0,0,0,0,0
31125,Nance County,NE,0.05,0.1976,0.2183,0.1094,0.0121,1.5,0.6,5.8,0.1,22.5,4.4,7.8,3.5,0.6,16.3,16.6,6.2,72.8,19.0,9.8,14.0,29.0,72.7,40.7,6.0,0,0,0,0
31127,Nemaha County,NE,0.4712,0.5953,0.2342,0.2781,0.5536,6.0,1.5,8.9,0.3,24.8,6.4,9.8,3.0,4.4,20.7,16.7,9.7,72.9,19.3,9.9,13.6,28.1,68.4,41.8,6.0,0,0,0,0
31129,Nuckolls County,NE,0.014,0.083,0.0414,0.1572,0.0264,2.4,0.2,10.2,0.0,14.2,1.3,7.2,1.5,2.3,10.3,13.4,7.1,73.4,18.8,9.0,11.8,28.6,72.1,42.4,6.0,0,0,0,0
31131,Otoe County,NE,0.2698,0.0993,0.902,0.3847,0.2173,3.8,0.7,5.4,2.2,16.9,3.2,7.1,8.5,3.9,19.0,14.6,13.3,74.3,18.8,9.4,12.0,30.0,76.3,40.7,6.0,0,0,0,0
31133,Pawnee County,NE,0.49,0.4442,0.9249,0.0983,0.3153,7.3,0.2,12.3,0.5,24.4,2.4,14.1,2.1,0.8,17.6,17.3,6.0,71.9,19.3,9.9,15.1,28.1,74.2,38.4,6.0,0,0,0,0
31135,Perkins County,NE,0.14,0.1801,0.546,0.1985,0.0764,3.8,0.1,5.3,1.0,16.2,1.2,9.4,4.8,4.2,23.7,12.2,7.8,73.1,18.3,9.0,11.8,28.1,72.2,40.7,6.0,0,0,0,0
31137,Phelps County,NE,0.3242,0.174,0.5094,0.2485,0.6309,5.8,0.6,5.3,1.4,20.0,0.8,7.7,6.2,5.0,23.0,13.5,9.0,72.5,19.1,9.4,12.7,27.9,68.4,39.1,6.0,0,0,0,0
31139,Pierce County,NE,0.0439,0.0684,0.5215,0.0407,0.0169,3.4,0.3,6.8,1.2,14.1,2.4,5.5,2.3,1.2,19.0,11.8,4.7,73.0,18.3,8.6,10.8,29.3,75.2,39.2,5.0,0,0,0,0
31141,Platte County,NE,0.371,0.2103,0.7493,0.6013,0.3105,5.8,0.7,9.1,5.2,16.6,1.9,10.3,21.3,7.3,19.2,11.7,24.6,74.0,16.4,10.0,13.9,29.6,77.7,42.1,5.0,0,0,0,0
31143,Polk County,NE,0.0477,0.0706,0.2813,0.2628,0.0404,2.4,0.2,8.2,1.0,13.6,1.9,7.9,6.2,1.8,11.4,11.9,9.3,70.6,18.0,8.9,11.5,27.7,72.2,40.6,6.0,0,0,0,0
31145,Red Willow County,NE,0.3522,0.3353,0.3576,0.2781,0.5062,8.2,1.1,10.4,0.1,20.2,2.3,7.7,5.9,6.6,23.3,16.3,9.7,73.0,20.6,9.6,13.4,29.6,73.7,42.5,6.0,0,0,0,0
31147,Richardson County,NE,0.2883,0.4133,0.5784,0.2399,0.1244,6.6,0.4,9.7,0.3,22.3,4.7,8.7,2.2,1.9,19.7,16.7,8.8,71.6,19.5,10.2,13.3,28.3,70.1,45.6,6.0,0,0,0,0
31149,Rock County,NE,0.0423,0.041,0.3812,0.0019,0.07,3.6,0.6,7.5,0.7,17.2,1.2,4.9,0.8,0.5,11.4,11.8,2.1,73.2,18.6,8.8,11.4,28.4,72.5,39.1,6.0,0,0,0,0
31151,Saline County,NE,0.4989,0.3878,0.7082,0.7003,0.3624,2.0,0.7,11.4,7.3,20.7,2.1,19.5,27.1,4.0,15.9,12.3,32.7,71.9,17.3,10.5,16.5,29.8,69.9,41.2,6.0,0,0,0,0
31153,Sarpy County,NE,0.0776,0.0417,0.3551,0.5488,0.0748,3.0,4.0,5.0,1.0,10.4,2.6,4.3,10.5,13.5,20.4,9.9,21.5,76.1,17.5,8.9,9.5,29.5,78.0,35.6,3.0,0,0,0,0
31155,Saunders County,NE,0.0108,0.0143,0.1527,0.0983,0.0337,3.5,0.3,4.4,0.4,11.7,2.4,4.7,2.4,2.3,17.2,12.4,6.0,73.0,17.4,8.4,9.8,28.6,73.2,38.9,3.0,0,0,0,0
31157,Scotts Bluff County,NE,0.7356,0.5367,0.9507,0.6599,0.5733,6.0,0.6,10.0,1.5,21.0,3.5,10.9,24.9,6.4,26.2,15.5,29.6,74.1,18.5,10.5,16.5,28.3,71.7,39.6,5.0,0,0,0,0
31159,Seward County,NE,0.0563,0.0321,0.071,0.0757,0.4095,4.6,0.7,5.3,0.1,12.9,2.2,5.8,2.7,5.2,18.1,11.7,5.6,72.2,19.1,8.3,10.0,28.4,69.8,35.6,3.0,0,0,0,0
31161,Sheridan County,NE,0.3462,0.2825,0.4318,0.5352,0.3891,4.5,0.9,12.1,0.1,20.0,2.2,10.3,6.1,2.0,17.4,18.1,20.3,70.9,18.3,10.0,15.2,26.9,67.2,36.7,6.0,0,0,0,0
31163,Sherman County,NE,0.2641,0.273,0.5714,0.0983,0.2774,5.0,0.5,8.8,0.4,19.9,4.2,9.1,2.5,2.3,17.3,15.9,6.0,72.4,18.7,9.7,13.7,29.2,75.7,41.9,6.0,0,0,0,0
31165,Sioux County,NE,0.3204,0.3439,0.5676,0.1572,0.315,5.3,0.3,10.6,2.2,33.0,3.9,4.0,4.7,2.5,17.3,13.9,7.1,72.4,19.5,11.2,17.0,29.5,68.7,43.5,6.0,0,0,0,0
31167,Stanton County,NE,0.0054,0.0057,0.0907,0.2879,0.013,2.0,0.5,4.3,0.2,12.9,0.7,6.0,6.5,1.5,14.8,11.4,10.0,72.3,17.7,8.9,11.2,29.0,73.5,39.8,5.0,0,0,0,0
31169,Thayer County,NE,0.1301,0.1368,0.3554,0.1094,0.1966,4.1,0.2,7.3,0.1,22.6,3.2,6.5,3.0,2.4,13.5,12.4,6.2,72.8,19.1,9.7,13.3,28.8,70.8,40.2,6.0,0,0,0,0
31171,Thomas County,NE,0.0019,0.0213,0.0207,0.3675,0.0038,2.6,1.4,4.4,0.0,12.2,0.8,8.5,3.5,1.1,12.7,13.3,12.5,73.1,18.2,8.3,10.4,28.1,74.1,37.2,6.0,0,0,0,0
31173,Thurston County,NE,0.798,0.7786,0.6188,0.9443,0.6831,8.6,0.2,17.6,0.7,31.4,10.0,10.2,7.9,4.3,17.0,12.2,65.8,74.6,18.2,13.1,23.8,28.0,70.9,46.3,6.0,0,0,0,1
31175,Valley County,NE,0.1464,0.0824,0.5842,0.0115,0.2851,4.2,0.0,9.6,0.2,17.7,0.6,6.3,2.1,5.1,10.6,16.7,3.6,72.5,18.3,9.5,13.0,28.3,74.2,42.2,6.0,0,0,0,0
31177,Washington County,NE,0.0143,0.0302,0.1187,0.0983,0.0379,2.7,0.4,5.0,0.1,12.3,2.0,4.9,2.9,4.8,19.2,11.9,6.0,74.3,18.7,8.5,9.5,29.6,74.3,40.8,3.0,0,0,0,0
31179,Wayne County,NE,0.1626,0.2596,0.0601,0.3166,0.3013,4.9,1.5,4.4,1.2,23.2,3.4,4.3,6.8,4.0,28.0,15.5,10.9,74.1,18.1,10.0,12.7,28.4,70.0,41.0,6.0,0,0,0,0
31181,Webster County,NE,0.0375,0.0461,0.1814,0.2914,0.0493,2.8,0.1,5.8,0.1,19.5,1.8,6.1,5.3,0.6,12.3,12.3,10.1,72.1,18.9,9.8,12.8,29.7,73.0,39.1,5.0,0,0,0,0
31183,Wheeler County,NE,0.0385,0.105,0.1209,0.0013,0.0617,1.7,0.0,11.0,0.0,20.0,1.4,2.1,0.5,0.0,14.2,17.4,1.7,73.3,17.9,8.9,10.4,28.6,72.9,38.3,6.0,0,0,0,0
31185,York County,NE,0.1359,0.0407,0.1479,0.2959,0.5682,2.8,1.1,5.3,0.1,16.4,2.8,6.2,5.3,9.3,15.5,14.1,10.2,71.5,18.2,9.3,12.8,28.9,75.0,41.8,6.0,0,0,0,0
32001,Churchill County,NV,0.6271,0.5161,0.7703,0.6516,0.5317,3.5,1.9,9.1,1.2,18.9,6.3,7.8,15.2,2.1,23.4,19.8,28.9,69.2,22.8,9.8,16.2,33.9,74.1,37.9,5.0,0,0,1,0
32003,Clark County,NV,0.8635,0.8969,0.6647,0.9217,0.7127,7.7,11.5,12.0,6.1,22.7,7.7,13.5,32.0,16.4,33.3,12.5,60.3,72.3,20.6,11.1,19.6,33.9,68.1,31.2,1.0,0,0,1,1
32005,Douglas County,NV,0.2059,0.2046,0.4448,0.5558,0.1231,2.5,0.7,7.2,1.2,13.7,3.1,6.6,13.2,3.5,24.6,16.2,21.9,71.2,21.2,8.1,11.8,31.7,72.9,27.3,5.0,0,0,1,0
32007,Elko County,NV,0.6185,0.4057,0.5721,0.741,0.7817,5.7,0.9,8.9,1.3,19.2,4.7,11.1,25.0,3.9,19.9,12.7,36.4,70.4,21.6,10.4,17.5,32.6,67.8,37.6,5.0,0,0,1,0
32009,Esmeralda County,NV,0.9077,0.8638,0.7028,0.7436,0.9567,27.2,0.2,10.5,5.5,32.1,4.7,21.9,30.3,17.9,24.5,23.1,36.6,70.1,22.4,12.1,23.8,33.6,70.0,36.6,6.0,0,0,1,1
32011,Eureka County,NV,0.4254,0.147,0.8339,0.4814,0.5692,6.0,0.1,10.0,0.0,25.6,0.0,4.8,12.4,0.6,13.0,18.9,17.4,70.2,25.0,12.3,22.7,34.1,68.8,37.7,5.0,0,0,1,0
32013,Humboldt County,NV,0.616,0.5056,0.6793,0.735,0.5495,4.0,0.7,9.7,3.6,21.2,4.3,14.6,27.9,1.7,20.1,14.6,35.9,70.4,22.1,10.1,17.6,33.3,73.3,36.0,5.0,0,0,1,0
32015,Lander County,NV,0.5762,0.413,0.9135,0.678,0.363,2.4,0.1,6.2,3.0,21.5,11.7,9.8,21.5,1.1,16.2,14.2,31.0,69.4,23.5,11.1,19.7,32.6,70.3,34.9,6.0,0,0,1,0
32017,Lincoln County,NV,0.5749,0.3175,0.5472,0.4569,0.9255,5.9,4.2,10.5,0.0,11.7,4.1,11.8,7.3,2.2,19.3,21.3,16.2,70.2,23.0,8.8,13.4,32.4,73.0,31.7,6.0,0,0,1,0
32019,Lyon County,NV,0.5593,0.7229,0.6602,0.6424,0.1737,2.7,0.8,9.6,1.6,17.9,7.2,12.6,18.9,1.1,26.4,16.6,28.0,70.0,22.4,9.8,16.5,32.6,67.3,35.0,3.0,0,0,1,0
32021,Mineral County,NV,0.5501,0.7935,0.5829,0.8139,0.0738,1.4,4.2,11.0,0.0,33.8,5.8,9.7,18.9,0.0,24.0,15.7,43.4,70.6,24.4,12.8,26.4,33.7,69.2,38.4,6.0,0,0,1,0
32023,Nye County,NV,0.7954,0.8339,0.8606,0.6503,0.469,4.5,2.3,8.9,2.2,24.9,9.3,13.3,16.2,1.4,26.1,23.9,28.7,68.3,23.1,10.9,20.2,34.2,71.3,40.1,5.0,0,0,1,1
32027,Pershing County,NV,0.6761,0.539,0.3341,0.7423,0.901,5.4,3.9,10.4,2.4,17.1,8.5,15.9,24.6,3.7,13.9,17.6,36.5,68.3,20.1,10.3,17.2,33.5,71.8,35.3,6.0,0,0,1,0
32029,Storey County,NV,0.1836,0.3732,0.476,0.4779,0.0108,2.1,2.0,6.9,0.5,11.2,7.0,7.6,5.4,0.0,23.2,22.9,17.3,71.3,22.3,8.2,11.6,32.7,73.0,31.8,3.0,0,0,1,0
32031,Washoe County,NV,0.6971,0.6322,0.3983,0.776,0.7849,6.5,2.3,10.0,3.1,18.1,5.0,11.5,25.5,16.1,28.4,12.0,39.5,72.8,21.6,8.8,15.1,32.6,68.4,28.5,3.0,0,0,1,0
32033,White Pine County,NV,0.2498,0.1279,0.2835,0.6538,0.4524,1.9,7.0,4.1,0.3,16.7,4.1,10.7,17.2,0.4,15.0,14.3,29.1,69.6,22.5,10.2,18.0,32.8,72.5,34.4,6.0,0,0,1,0
32510,Carson City,NV,0.8508,0.6771,0.6965,0.7308,0.9755,6.3,2.1,11.4,2.5,20.1,4.7,11.4,25.0,13.7,28.2,15.3,35.7,69.7,22.2,9.9,16.4,32.3,74.4,33.1,4.0,0,0,1,1
33001,Belknap County,NH,0.1454,0.2033,0.2342,0.1094,0.2221,4.0,0.5,7.0,0.2,13.3,2.7,6.6,2.0,4.1,25.8,16.7,6.2,73.4,24.9,7.7,10.2,28.7,73.4,30.1,5.0,1,0,0,0
33003,Carroll County,NH,0.1406,0.3761,0.1266,0.0579,0.1123,3.0,0.6,7.5,0.1,13.8,5.6,5.0,1.7,3.5,28.2,16.3,5.2,73.5,24.1,7.0,9.6,29.0,76.5,30.5,6.0,1,0,0,0
33005,Cheshire County,NH,0.1702,0.2291,0.0248,0.1457,0.5988,4.7,0.6,5.9,0.1,15.8,3.5,6.2,2.2,7.6,27.1,14.2,6.9,71.2,25.0,7.5,10.6,27.3,76.6,30.2,5.0,1,0,0,0
33007,Coos County,NH,0.4862,0.5377,0.3038,0.0881,0.72,8.1,1.8,7.9,0.4,21.9,4.2,11.1,1.9,3.3,25.7,21.3,5.8,73.9,24.5,9.4,14.4,30.1,72.3,36.1,6.0,1,0,0,0
33009,Grafton County,NH,0.2619,0.2148,0.084,0.328,0.6997,6.6,1.0,6.1,0.4,16.2,2.8,6.8,2.6,8.2,26.3,13.7,11.2,71.6,24.9,7.5,10.2,28.8,76.8,26.5,5.0,1,0,0,0
33011,Hillsborough County,NH,0.2234,0.224,0.097,0.4973,0.4391,5.1,2.2,6.1,2.4,11.8,3.7,7.0,7.7,15.7,26.1,11.7,18.1,75.7,22.1,7.9,10.4,29.8,79.3,32.8,3.0,1,0,0,0
33013,Merrimack County,NH,0.2109,0.1635,0.0815,0.2444,0.6701,5.1,1.5,5.5,0.7,12.5,3.6,6.5,2.5,9.4,24.0,14.3,8.9,76.9,24.6,7.4,9.9,28.0,80.8,33.2,5.0,1,0,0,0
33015,Rockingham County,NH,0.02,0.0595,0.0175,0.2692,0.1161,3.0,0.8,4.5,0.3,8.1,3.4,4.2,3.5,10.4,21.0,10.9,9.5,75.7,23.0,7.1,8.8,30.5,78.1,30.7,2.0,1,0,0,0
33017,Strafford County,NH,0.1833,0.2074,0.0086,0.335,0.7321,5.1,1.1,5.7,0.3,14.3,3.7,5.6,2.9,12.3,27.1,13.2,11.4,75.8,26.6,7.8,10.5,31.5,79.2,33.3,2.0,1,0,0,0
33019,Sullivan County,NH,0.2186,0.3847,0.0659,0.1457,0.3882,5.3,0.7,7.1,0.1,19.6,2.9,9.1,1.9,5.1,28.9,14.6,6.9,72.3,25.8,8.4,12.2,30.2,79.6,33.2,5.0,1,0,0,0
34001,Atlantic County,NJ,0.853,0.7712,0.679,0.8317,0.9026,12.0,12.9,7.7,5.5,21.1,8.3,11.6,19.7,15.9,33.8,14.2,45.0,77.4,17.1,10.3,17.4,35.3,74.1,30.9,3.0,1,0,0,0
34003,Bergen County,NJ,0.4372,0.3191,0.1553,0.8501,0.651,8.0,5.3,6.6,6.7,10.5,5.5,7.0,21.6,18.5,24.9,8.3,46.6,76.6,14.6,8.0,11.3,35.9,73.8,25.4,2.0,1,0,0,0
34005,Burlington County,NJ,0.2434,0.1829,0.2004,0.7261,0.3299,4.8,15.9,4.1,1.9,11.1,5.1,5.9,8.9,9.4,23.7,11.6,35.2,77.6,16.3,8.7,12.0,34.7,80.6,30.0,2.0,1,0,0,0
34007,Camden County,NJ,0.7795,0.665,0.784,0.8396,0.7025,10.5,18.1,6.7,4.5,19.1,7.2,10.7,18.2,16.1,31.5,14.5,45.7,76.0,18.0,9.9,17.0,33.6,76.2,29.6,2.0,1,0,0,0
34009,Cape May County,NJ,0.3541,0.3885,0.3729,0.4445,0.3201,6.2,3.5,5.6,1.1,15.3,6.5,6.1,8.3,6.0,28.0,15.0,15.7,75.4,19.5,8.0,11.7,35.7,73.8,33.9,3.0,1,0,0,0
34011,Cumberland County,NJ,0.9793,0.9418,0.8934,0.8976,0.9726,9.7,17.7,9.6,7.3,26.8,7.8,18.8,32.4,8.8,36.1,14.8,55.9,75.3,16.4,12.1,24.7,34.7,72.8,40.4,4.0,1,0,0,1
34013,Essex County,NJ,0.9415,0.8982,0.7566,0.9644,0.9478,21.4,36.7,11.5,8.1,22.9,8.5,13.1,24.0,24.7,36.1,11.7,71.5,76.2,15.7,11.0,21.5,35.1,78.7,29.4,1.0,1,0,0,0
34015,Gloucester County,NJ,0.2173,0.2141,0.2469,0.5867,0.2259,5.0,10.0,4.3,1.3,11.8,5.2,6.4,7.1,7.7,24.5,12.7,23.7,75.6,19.1,8.9,12.2,34.7,72.9,31.5,2.0,1,0,0,0
34017,Hudson County,NJ,0.7827,0.8241,0.1785,0.9669,0.8365,32.5,10.4,11.6,11.4,22.4,5.8,12.8,42.5,40.8,32.1,8.6,72.3,76.2,14.0,10.8,18.2,35.5,70.3,27.8,1.0,1,0,0,1
34019,Hunterdon County,NJ,0.035,0.0388,0.0592,0.4725,0.0846,2.7,2.4,2.8,1.4,6.8,4.6,4.2,7.3,5.0,17.8,8.8,17.0,75.4,17.7,7.0,8.4,32.5,77.9,26.0,2.0,1,0,0,0
34021,Mercer County,NJ,0.7445,0.5597,0.4053,0.8864,0.9383,11.6,19.1,7.0,6.7,16.8,6.1,10.3,19.2,18.7,27.5,10.3,53.3,77.1,15.1,9.8,15.8,33.3,72.9,25.5,3.0,1,0,0,0
34023,Middlesex County,NJ,0.6647,0.496,0.2361,0.9201,0.9198,8.1,9.5,6.7,6.9,13.3,6.3,10.3,22.3,17.7,26.1,9.6,60.0,77.4,13.0,10.3,14.2,34.9,75.5,29.7,2.0,1,0,0,0
34025,Monmouth County,NJ,0.2138,0.202,0.1254,0.6223,0.3338,6.9,6.2,5.0,2.3,10.5,5.4,5.7,11.3,13.0,23.2,10.4,26.3,76.4,15.1,7.8,9.8,33.6,77.9,30.3,2.0,1,0,0,0
34027,Morris County,NJ,0.1667,0.1142,0.097,0.6847,0.3614,5.1,3.0,4.6,3.7,8.1,5.3,4.9,14.1,15.4,20.0,8.9,31.4,76.1,15.6,7.4,8.9,34.6,73.6,22.6,2.0,1,0,0,0
34029,Ocean County,NJ,0.4133,0.3668,0.609,0.4699,0.3385,5.9,2.8,4.5,1.4,17.2,5.7,6.9,9.7,5.8,28.6,12.7,16.9,74.0,17.3,8.8,13.1,35.4,74.2,30.3,2.0,1,0,0,0
34031,Passaic County,NJ,0.9112,0.917,0.6866,0.922,0.8737,14.7,10.1,12.5,14.2,22.4,7.8,14.8,43.2,14.9,34.4,9.0,60.6,73.2,15.8,11.2,23.1,33.3,74.9,31.1,2.0,1,0,0,0
34033,Salem County,NJ,0.6739,0.6134,0.7073,0.6402,0.5842,9.5,13.6,4.8,1.1,20.7,8.0,9.8,10.3,8.2,31.6,15.9,27.9,75.6,19.4,9.7,16.6,33.7,73.9,33.8,2.0,1,0,0,0
34035,Somerset County,NJ,0.1912,0.1381,0.1072,0.8549,0.2969,4.5,9.2,5.6,4.5,8.6,5.0,6.0,15.5,12.3,20.0,8.2,47.4,76.8,14.4,8.5,10.8,34.2,74.7,25.8,2.0,1,0,0,0
34037,Sussex County,NJ,0.0458,0.1339,0.0391,0.4741,0.0509,3.2,2.1,3.6,0.9,9.3,5.5,4.6,9.9,4.4,21.6,11.2,17.1,75.4,19.0,7.6,10.3,33.4,78.0,26.5,2.0,1,0,0,0
34039,Union County,NJ,0.8145,0.7579,0.6118,0.9325,0.7665,10.6,19.8,12.1,12.2,16.1,6.2,13.2,33.1,15.8,29.1,9.0,62.4,75.3,14.7,10.2,17.7,33.7,76.1,29.4,2.0,1,0,0,0
34041,Warren County,NJ,0.245,0.287,0.1269,0.5558,0.3077,6.3,5.0,5.0,1.9,12.3,6.0,6.2,11.0,8.1,25.4,11.8,21.9,74.8,18.7,8.0,12.3,33.5,76.7,32.3,3.0,1,0,0,0
35001,Bernalillo County,NM,0.7929,0.7296,0.6564,0.9364,0.7168,7.0,2.4,8.5,3.3,26.0,5.4,9.8,50.7,14.0,30.5,14.9,63.3,65.5,25.2,10.2,18.8,31.2,72.4,33.2,3.0,0,0,1,1
35003,Catron County,NM,0.4483,0.4384,0.4524,0.5406,0.4206,5.7,0.5,9.0,0.4,40.6,5.7,3.5,15.5,0.0,15.7,41.2,20.7,65.8,25.7,10.6,19.1,29.7,62.4,32.2,6.0,0,0,1,0
35005,Chaves County,NM,0.9701,0.8683,0.9854,0.9389,0.8864,6.0,1.5,9.0,4.2,33.6,5.3,18.8,59.1,4.8,24.9,19.3,63.8,67.5,24.2,12.9,26.3,31.0,70.9,40.3,5.0,0,0,1,1
35006,Cibola County,NM,0.9663,0.8435,0.9497,0.9844,0.9555,5.5,1.3,11.8,3.4,39.0,7.3,15.8,38.4,2.1,18.5,21.6,81.9,66.3,24.0,14.6,29.6,29.1,68.2,39.2,6.0,0,0,1,1
35007,Colfax County,NM,0.7989,0.5775,0.6513,0.8874,0.9341,8.7,0.6,7.5,0.5,33.2,3.2,9.5,49.2,4.0,26.5,25.4,53.9,66.1,22.8,11.4,21.1,29.2,70.3,32.1,6.0,0,0,1,1
35009,Curry County,NM,0.9395,0.9529,0.9555,0.8934,0.6042,4.3,4.9,9.2,4.2,31.2,7.9,19.1,44.4,4.0,30.1,17.7,55.3,67.0,24.4,12.4,24.3,30.4,71.6,40.5,5.0,0,0,1,1
35011,De Baca County,NM,0.5043,0.7162,0.4232,0.9434,0.0897,5.5,0.1,8.9,0.7,26.8,8.5,15.4,63.5,0.0,18.2,13.8,65.0,65.7,24.6,10.9,20.4,29.8,71.1,33.0,6.0,0,0,1,0
35013,Doña Ana County,NM,0.9873,0.9688,0.9071,0.9714,0.958,5.7,1.6,10.9,8.6,35.4,6.8,18.4,68.9,6.5,29.6,14.7,73.8,68.7,22.2,13.1,25.6,30.0,65.9,37.5,4.0,0,0,1,1
35015,Eddy County,NM,0.6382,0.3888,0.8696,0.9017,0.5237,4.7,1.3,9.2,3.2,20.9,4.2,16.0,51.5,2.2,13.4,15.5,56.5,65.1,23.1,10.7,19.7,29.9,67.6,39.8,5.0,0,0,1,0
35017,Grant County,NM,0.7404,0.6707,0.6936,0.889,0.6106,4.0,0.8,5.1,1.1,33.3,7.7,11.4,50.1,4.4,21.7,22.4,54.3,66.1,23.2,11.4,22.2,30.0,67.5,33.9,5.0,0,0,1,0
35019,Guadalupe County,NM,0.8791,0.8221,0.7766,0.9889,0.7976,3.9,2.0,6.8,6.0,32.3,9.8,19.5,75.3,1.3,21.0,19.7,85.6,64.6,20.0,14.3,29.1,30.5,67.3,37.5,6.0,0,0,1,1
35021,Harding County,NM,0.6615,0.5485,0.6742,0.8988,0.5485,9.1,0.1,5.7,1.7,32.6,7.2,13.2,42.9,0.0,13.2,18.4,56.2,66.0,24.3,12.4,24.4,30.5,64.2,36.5,6.0,0,0,1,0
35023,Hidalgo County,NM,0.9179,0.6984,0.8371,0.9354,0.9905,7.2,0.2,8.4,4.5,35.2,4.4,17.0,59.4,6.0,20.6,17.5,63.1,66.0,23.0,12.6,26.0,29.8,66.9,34.7,6.0,0,0,1,1
35025,Lea County,NM,0.9399,0.9189,0.8301,0.9504,0.8766,4.5,3.6,13.9,8.8,28.5,7.4,23.9,61.5,4.3,21.3,11.8,67.6,65.2,21.5,12.1,26.4,30.7,67.2,37.3,5.0,0,0,1,1
35027,Lincoln County,NM,0.8346,0.8116,0.9195,0.7916,0.5269,4.5,1.6,13.0,1.5,29.4,5.3,9.9,34.3,3.0,26.7,23.1,40.7,67.1,24.7,9.9,17.9,28.4,66.7,30.6,5.0,0,0,1,1
35028,Los Alamos County,NM,0.0099,0.0003,0.0255,0.658,0.0789,1.2,1.2,3.4,0.5,7.1,1.9,2.1,18.3,12.3,10.2,10.7,29.5,69.2,21.3,6.7,6.9,28.2,74.5,25.1,5.0,0,0,1,0
35029,Luna County,NM,0.9997,0.9577,1.0,0.9704,0.9367,8.1,1.3,8.7,12.2,43.2,7.0,26.8,68.8,5.2,26.4,22.6,73.1,65.2,23.5,15.0,35.2,31.7,68.2,36.9,5.0,0,0,1,1
35031,McKinley County,NM,0.9695,0.9325,0.9208,0.9968,0.8985,11.8,0.5,19.9,2.7,48.2,9.6,19.3,14.7,1.4,17.4,15.1,92.0,65.2,25.0,17.9,43.0,30.4,61.9,41.4,5.0,0,0,1,1
35033,Mora County,NM,0.6169,0.399,0.9873,0.9831,0.1562,7.2,0.0,2.1,1.5,34.5,7.4,6.6,81.4,0.0,19.0,34.0,81.5,66.6,19.8,12.7,23.9,29.8,72.9,33.7,5.0,0,0,1,0
35035,Otero County,NM,0.9294,0.8594,0.9192,0.8851,0.8686,4.9,3.5,9.2,4.5,30.9,9.6,13.4,39.0,1.3,23.2,20.5,53.1,67.8,24.4,11.8,23.2,31.0,70.5,38.1,5.0,0,0,1,1
35037,Quay County,NM,0.8711,0.8762,0.9898,0.8832,0.2943,8.0,1.8,10.3,0.8,39.7,4.8,13.8,46.1,1.4,28.0,24.6,52.5,66.9,24.1,12.7,26.4,30.7,66.2,38.2,6.0,0,0,1,1
35039,Rio Arriba County,NM,0.763,0.7152,0.9437,0.9911,0.2545,3.8,0.6,9.1,2.2,32.6,6.0,14.7,71.3,0.4,18.5,15.8,88.0,66.6,21.5,13.7,27.6,28.7,72.6,40.2,5.0,0,0,1,1
35041,Roosevelt County,NM,0.951,0.9182,0.8737,0.8743,0.9106,6.2,1.9,11.5,3.1,32.6,6.6,14.3,44.0,2.1,25.4,19.6,50.7,64.9,24.1,11.7,22.5,31.9,67.4,34.7,5.0,0,0,1,1
35043,Sandoval County,NM,0.3933,0.3201,0.6672,0.9122,0.1435,3.0,2.1,6.6,1.9,16.5,5.9,8.1,40.6,2.6,20.6,14.1,58.6,66.3,24.0,9.7,16.6,29.6,69.1,32.6,3.0,0,0,1,0
35045,San Juan County,NM,0.9669,0.9637,0.9201,0.9389,0.8234,6.1,0.6,12.6,2.1,37.9,8.9,14.4,21.7,1.9,25.9,15.6,63.8,67.7,24.1,12.8,27.4,27.7,57.6,35.2,4.0,0,0,1,1
35047,San Miguel County,NM,0.9854,0.8772,0.9593,0.9873,0.9866,7.3,1.1,6.4,1.6,34.5,6.9,16.5,78.0,2.4,27.0,23.5,84.6,66.4,20.9,13.3,26.1,29.6,65.7,38.0,5.0,0,0,1,1
35049,Santa Fe County,NM,0.7633,0.6462,0.692,0.91,0.7057,4.2,0.8,9.8,4.1,22.1,5.4,9.3,50.8,6.1,26.5,14.0,58.0,66.0,23.4,9.3,15.9,27.5,76.2,25.9,4.0,0,0,1,1
35051,Sierra County,NM,0.7677,0.5746,0.8508,0.7646,0.742,7.4,0.2,4.0,1.5,36.0,4.7,9.7,32.1,4.0,26.0,30.4,38.6,65.1,25.1,11.9,24.0,30.5,63.4,38.1,6.0,0,0,1,1
35053,Socorro County,NM,0.8972,0.7194,0.7948,0.9475,0.9637,4.9,0.9,6.7,2.7,44.9,4.4,15.3,50.3,3.5,23.1,24.0,66.8,65.7,22.7,13.2,27.5,29.3,66.1,37.5,6.0,0,0,1,1
35055,Taos County,NM,0.6955,0.6176,0.8972,0.9411,0.2895,4.5,0.1,7.9,2.0,28.5,5.9,6.6,56.8,2.7,25.3,19.1,64.4,65.1,22.5,10.7,18.8,28.0,72.4,28.1,5.0,0,0,1,0
35057,Torrance County,NM,0.7712,0.8142,0.7776,0.881,0.4047,5.0,1.6,8.5,2.2,37.8,10.8,14.0,44.7,0.4,19.8,23.1,52.2,65.3,25.6,13.0,26.5,30.8,65.9,34.7,3.0,0,0,1,1
35059,Union County,NM,0.9526,0.6666,0.9901,0.8584,0.9771,7.9,1.1,11.6,2.0,34.6,5.8,12.4,42.2,1.5,13.6,23.3,47.7,65.0,23.2,11.8,22.7,30.0,67.4,34.7,6.0,0,0,1,1
35061,Valencia County,NM,0.8823,0.8307,0.9322,0.9561,0.6198,2.7,1.3,7.7,2.7,28.6,7.5,15.2,61.1,2.3,24.5,21.4,68.8,66.5,22.5,12.4,24.3,30.3,68.9,35.6,3.0,0,0,1,1
36001,Albany County,NY,0.461,0.3115,0.1737,0.6656,0.8021,12.5,11.4,3.0,1.8,18.4,5.2,7.4,6.5,13.4,26.2,11.8,30.1,78.4,21.5,8.4,12.9,31.8,80.4,30.9,3.0,1,0,0,0
36003,Allegany County,NY,0.4543,0.4973,0.1362,0.119,0.8155,7.3,1.5,5.3,0.6,26.7,7.3,8.6,1.9,1.9,20.7,16.4,6.4,78.1,22.3,9.5,15.0,33.0,76.7,36.1,6.0,1,0,0,0
36005,Bronx County,NY,0.9965,0.9787,0.9545,0.9952,0.9806,60.2,28.3,7.6,14.5,38.6,11.2,25.5,56.4,67.5,48.5,15.8,91.4,80.8,16.1,14.8,37.5,34.0,79.3,33.7,1.0,1,0,0,0
36007,Broome County,NY,0.7248,0.6227,0.5224,0.5065,0.8972,12.5,5.0,3.8,1.5,27.4,6.9,9.4,4.8,8.5,27.7,15.9,18.7,79.4,21.6,9.5,15.8,30.0,78.8,34.8,4.0,1,0,0,0
36009,Cattaraugus County,NY,0.6809,0.6096,0.6087,0.328,0.8358,10.4,1.5,6.6,0.6,27.1,5.4,10.7,2.4,2.7,23.6,16.3,11.2,78.4,22.9,9.6,17.3,33.3,75.9,35.9,5.0,1,0,0,0
36011,Cayuga County,NY,0.5208,0.4524,0.2062,0.342,0.8839,10.0,3.4,4.1,0.5,23.1,4.3,11.5,3.2,7.2,25.9,14.6,11.6,78.4,22.0,9.3,15.8,32.6,76.6,35.7,5.0,1,0,0,0
36013,Chautauqua County,NY,0.7229,0.6147,0.7579,0.4085,0.798,11.8,2.2,5.5,1.4,27.7,5.4,10.3,8.1,5.0,25.8,17.6,14.1,78.7,21.8,10.0,17.3,32.4,73.1,36.7,5.0,1,0,0,0
36015,Chemung County,NY,0.6093,0.5616,0.5507,0.434,0.7156,10.2,5.3,4.3,0.6,24.1,6.3,9.8,3.4,6.0,26.1,16.1,15.2,78.6,22.5,9.3,15.8,32.1,74.4,30.8,4.0,1,0,0,0
36017,Chenango County,NY,0.4833,0.4604,0.4779,0.1225,0.6898,8.4,0.6,3.6,0.4,22.2,7.1,11.5,2.4,2.8,21.0,18.7,6.5,76.6,22.7,9.3,15.9,31.5,76.8,36.1,6.0,1,0,0,0
36019,Clinton County,NY,0.4445,0.384,0.0837,0.2984,0.9103,9.5,3.4,3.3,0.4,21.4,4.7,12.1,2.9,6.0,23.1,17.3,10.3,78.0,23.5,9.1,14.7,31.0,73.1,33.8,5.0,1,0,0,0
36021,Columbia County,NY,0.427,0.3519,0.4582,0.4518,0.5192,6.2,3.3,3.9,1.2,18.6,5.9,8.0,5.4,3.7,24.3,14.4,15.9,77.7,21.1,8.5,13.0,33.2,78.5,30.7,5.0,1,0,0,0
36023,Cortland County,NY,0.3684,0.4165,0.0305,0.265,0.8444,9.0,2.1,3.7,0.3,21.4,5.4,9.4,3.0,5.7,25.0,13.3,9.4,78.1,23.4,8.6,13.7,32.4,76.2,32.3,5.0,1,0,0,0
36025,Delaware County,NY,0.5142,0.5275,0.4938,0.265,0.5822,7.4,1.4,4.5,0.8,26.0,6.1,9.6,4.3,1.6,23.6,18.5,9.4,77.8,22.3,9.2,15.8,31.2,76.9,33.4,6.0,1,0,0,0
36027,Dutchess County,NY,0.447,0.3058,0.1613,0.6828,0.7696,7.2,10.0,4.3,2.0,14.1,5.0,8.4,13.5,9.7,26.7,12.9,31.3,77.8,19.6,8.3,13.0,31.1,77.2,28.5,3.0,1,0,0,0
36029,Erie County,NY,0.4913,0.3602,0.4235,0.6233,0.6395,12.1,12.5,2.9,1.8,21.8,5.0,7.8,6.0,8.5,25.8,13.7,26.4,81.1,21.3,9.1,14.2,32.0,81.3,33.0,1.0,1,0,0,0
36031,Essex County,NY,0.3516,0.3096,0.279,0.2164,0.6424,9.4,2.4,4.1,0.5,19.8,5.1,8.4,2.9,3.0,22.9,16.7,8.1,77.1,22.3,8.5,13.1,31.1,79.2,34.7,6.0,1,0,0,0
36033,Franklin County,NY,0.5597,0.5539,0.1425,0.4683,0.8626,11.0,3.4,6.0,0.3,26.2,5.1,13.0,3.0,3.9,21.8,17.4,16.8,76.9,22.9,10.0,17.3,31.5,78.2,40.8,6.0,1,0,0,0
36035,Fulton County,NY,0.3977,0.4566,0.2603,0.3016,0.5189,10.0,1.5,3.6,0.2,24.2,4.3,12.5,3.9,2.8,24.7,17.1,10.4,77.7,23.0,9.5,16.7,31.6,77.6,35.5,5.0,1,0,0,0
36037,Genesee County,NY,0.2335,0.2234,0.1139,0.2959,0.5501,9.8,2.0,3.1,0.4,17.5,4.7,7.5,3.5,3.8,23.3,15.4,10.2,78.0,22.3,8.5,13.4,31.7,76.6,30.1,5.0,1,0,0,0
36039,Greene County,NY,0.4076,0.2899,0.1597,0.4569,0.7961,8.6,4.6,3.5,1.0,18.8,2.8,11.5,6.5,4.0,26.5,13.8,16.2,78.1,21.7,8.9,14.6,32.5,74.5,34.5,6.0,1,0,0,0
36041,Hamilton County,NY,0.1654,0.3474,0.2122,0.2062,0.1012,2.4,1.1,4.7,0.2,20.0,4.9,14.2,2.0,0.4,19.5,17.8,7.9,77.8,22.2,8.5,13.4,32.2,75.5,30.8,6.0,1,0,0,0
36043,Herkimer County,NY,0.2755,0.2071,0.2596,0.182,0.6357,10.1,1.1,4.7,0.5,20.4,4.2,8.7,2.5,5.4,19.7,15.4,7.5,77.4,21.8,8.8,14.1,31.6,75.9,37.0,3.0,1,0,0,0
36045,Jefferson County,NY,0.6653,0.5453,0.3796,0.5237,0.9252,8.5,5.4,5.4,0.6,22.1,6.4,8.4,7.9,6.6,27.4,14.6,19.7,79.2,20.6,9.7,14.8,30.2,74.9,38.8,4.0,1,0,0,0
36047,Kings County,NY,0.8874,0.8775,0.5352,0.9395,0.9249,55.3,28.3,6.3,11.3,28.3,7.3,16.2,18.9,43.3,36.8,10.3,63.9,79.4,16.3,11.1,23.7,34.4,77.8,25.0,1.0,1,0,0,0
36049,Lewis County,NY,0.1925,0.3023,0.2106,0.0675,0.2676,5.6,0.7,4.3,0.3,23.1,5.2,8.8,1.6,2.1,19.9,15.0,5.4,78.1,22.3,9.2,14.6,32.6,76.6,40.7,6.0,1,0,0,0
36051,Livingston County,NY,0.2294,0.2453,0.0471,0.3016,0.6328,6.0,2.0,3.4,0.5,18.3,4.7,7.7,3.9,4.3,23.4,13.5,10.4,77.7,21.6,8.5,13.1,32.7,79.0,31.9,2.0,1,0,0,0
36053,Madison County,NY,0.1801,0.1689,0.0452,0.2536,0.6207,6.1,1.6,3.3,0.3,17.3,4.1,6.9,2.5,5.0,23.0,13.0,9.1,78.7,22.3,8.3,12.4,32.5,71.1,37.2,3.0,1,0,0,0
36055,Monroe County,NY,0.5943,0.4136,0.6093,0.6806,0.7162,10.9,14.1,3.2,2.3,20.7,5.3,8.6,9.6,10.8,28.0,14.2,31.2,77.8,22.6,9.6,14.0,29.9,79.5,31.8,1.0,1,0,0,0
36057,Montgomery County,NY,0.7881,0.6895,0.8867,0.5501,0.7232,12.8,2.6,5.6,2.1,26.8,5.9,11.2,15.4,4.5,28.0,16.5,21.6,76.8,22.2,9.5,18.5,30.9,77.4,38.9,5.0,1,0,0,1
36059,Nassau County,NY,0.2778,0.1324,0.1696,0.8129,0.5584,6.6,11.1,4.0,4.8,9.1,4.6,8.2,17.5,10.8,20.2,8.8,43.3,79.9,14.0,8.3,11.9,34.0,75.8,28.3,2.0,1,0,0,0
36061,New York County,NY,0.7283,0.6268,0.0996,0.8896,0.9784,77.9,12.4,4.6,8.0,22.2,6.8,11.5,26.0,89.7,28.7,11.1,54.4,79.2,18.6,8.4,15.0,34.4,80.6,19.5,1.0,1,0,0,0
36063,Niagara County,NY,0.4454,0.3595,0.489,0.4604,0.5383,10.7,6.4,2.3,0.8,20.2,5.8,8.3,3.6,7.0,23.9,15.3,16.4,80.0,22.3,8.9,14.3,30.0,75.5,39.4,2.0,1,0,0,0
36065,Oneida County,NY,0.6828,0.3907,0.7401,0.5237,0.9259,10.6,5.6,3.4,2.7,23.6,4.4,11.1,6.5,7.7,23.6,14.6,19.7,78.1,21.3,9.5,15.8,32.4,77.2,36.4,3.0,1,0,0,0
36067,Onondaga County,NY,0.588,0.4146,0.4881,0.6045,0.804,12.2,10.4,3.5,1.7,21.6,5.6,8.6,5.4,13.6,25.3,13.9,24.8,80.3,22.8,9.3,14.3,30.8,82.0,37.4,3.0,1,0,0,0
36069,Ontario County,NY,0.2682,0.1327,0.3242,0.3484,0.6367,6.5,1.9,3.3,0.8,16.0,4.0,6.7,5.2,7.2,22.0,14.5,11.8,78.5,21.6,8.1,11.7,30.4,75.9,30.8,2.0,1,0,0,0
36071,Orange County,NY,0.7299,0.5097,0.6246,0.776,0.882,8.6,10.5,4.9,5.3,20.2,5.3,10.3,22.3,10.5,29.6,11.6,39.5,78.3,18.2,10.1,16.9,30.9,80.2,32.4,3.0,1,0,0,0
36073,Orleans County,NY,0.58,0.6427,0.3958,0.42,0.6201,7.6,5.3,5.4,1.2,22.0,6.1,13.9,5.3,2.0,26.1,15.5,14.6,77.6,21.6,9.3,16.9,31.5,76.3,32.8,2.0,1,0,0,0
36075,Oswego County,NY,0.5962,0.6137,0.2094,0.1985,0.9227,8.5,1.0,4.2,0.4,25.4,7.3,10.2,2.9,4.1,25.8,15.0,7.8,78.4,22.7,9.4,15.2,31.6,76.4,36.7,3.0,1,0,0,0
36077,Otsego County,NY,0.3287,0.3417,0.0986,0.3086,0.6796,7.0,2.1,5.1,0.6,21.9,5.0,7.4,4.2,2.4,23.1,14.1,10.6,76.7,21.5,9.0,13.9,33.0,82.2,32.1,5.0,1,0,0,0
36079,Putnam County,NY,0.1187,0.1209,0.062,0.6115,0.2326,4.1,3.0,3.5,1.9,9.2,4.4,6.7,17.3,4.1,22.1,10.2,25.3,78.0,18.5,7.7,11.2,31.8,79.1,27.3,2.0,1,0,0,0
36081,Queens County,NY,0.8024,0.8282,0.1899,0.9765,0.8772,36.7,16.7,8.7,14.5,20.0,7.0,17.2,28.0,36.0,33.8,9.9,76.2,79.3,14.2,12.2,22.7,36.3,78.2,23.8,1.0,1,0,0,0
36083,Rensselaer County,NY,0.4047,0.2727,0.2396,0.5183,0.7302,10.3,6.3,3.1,0.8,17.3,5.6,7.6,5.4,10.1,23.3,14.5,19.3,78.0,20.6,8.5,12.9,31.7,74.9,31.7,3.0,1,0,0,0
36085,Richmond County,NY,0.5956,0.4413,0.3328,0.8021,0.811,15.2,9.1,3.9,5.9,16.5,5.4,11.3,18.7,11.6,27.8,10.3,42.0,80.1,15.8,10.1,16.4,36.2,75.9,30.0,1.0,1,0,0,0
36087,Rockland County,NY,0.7471,0.6087,0.5062,0.7607,0.8915,9.9,10.9,4.1,7.9,23.3,6.2,11.4,18.6,12.2,28.8,9.0,38.1,78.6,18.4,9.9,16.8,31.9,79.3,30.9,2.0,1,0,0,0
36089,St. Lawrence County,NY,0.7108,0.6701,0.2854,0.2265,0.9815,10.4,2.1,6.0,0.8,27.6,6.3,11.2,2.4,6.3,24.2,17.2,8.4,79.5,24.5,10.2,15.8,31.9,77.7,42.9,5.0,1,0,0,0
36091,Saratoga County,NY,0.0649,0.0519,0.035,0.335,0.3611,4.8,1.6,2.8,0.6,11.1,3.5,6.0,3.5,9.2,20.1,11.3,11.4,78.1,21.2,7.6,9.6,32.4,83.0,32.8,3.0,1,0,0,0
36093,Schenectady County,NY,0.4874,0.4012,0.1744,0.6634,0.7388,12.2,9.7,3.9,0.9,18.3,6.0,8.4,7.7,10.8,26.4,12.7,29.9,78.1,19.9,8.9,14.7,31.4,77.9,34.6,3.0,1,0,0,0
36095,Schoharie County,NY,0.3172,0.2704,0.1044,0.2914,0.7576,6.3,1.3,4.2,0.2,18.0,5.3,8.9,3.7,2.9,21.3,16.8,10.1,78.3,21.5,8.7,13.4,32.3,73.1,33.0,3.0,1,0,0,0
36097,Schuyler County,NY,0.3159,0.4267,0.1343,0.119,0.5507,5.9,0.8,4.4,0.5,25.1,5.7,8.1,1.9,3.2,22.7,15.3,6.4,77.6,22.5,9.1,15.0,31.0,73.7,31.2,6.0,1,0,0,0
36099,Seneca County,NY,0.5737,0.6564,0.2902,0.3535,0.707,8.7,4.2,8.6,0.9,21.6,4.5,15.8,3.8,3.2,25.3,17.1,12.0,78.1,22.4,9.1,16.2,31.7,73.0,34.8,5.0,1,0,0,0
36101,Steuben County,NY,0.4683,0.4349,0.4378,0.1861,0.6764,9.4,1.4,5.0,0.6,23.5,6.3,8.5,1.8,4.9,21.7,15.0,7.6,78.0,23.0,9.0,14.4,32.1,76.9,34.7,5.0,1,0,0,0
36103,Suffolk County,NY,0.2596,0.223,0.1114,0.7226,0.4321,5.2,7.0,4.4,3.8,10.5,4.8,9.5,20.6,5.8,22.4,9.9,34.9,79.5,16.6,8.3,13.2,34.3,78.8,29.7,2.0,1,0,0,0
36105,Sullivan County,NY,0.8654,0.7499,0.7652,0.6901,0.9475,9.9,8.1,5.6,3.0,24.2,7.2,13.3,17.4,3.5,29.3,15.9,31.8,78.0,20.1,10.0,17.7,31.8,74.5,31.8,5.0,1,0,0,1
36107,Tioga County,NY,0.1505,0.2584,0.0939,0.119,0.279,6.5,1.1,3.4,0.3,18.7,5.6,8.0,2.2,2.8,21.3,14.7,6.4,77.9,22.6,8.6,13.7,32.5,78.9,30.5,4.0,1,0,0,0
36109,Tompkins County,NY,0.3907,0.3312,0.0197,0.5829,0.9131,13.3,3.2,3.3,0.9,22.7,4.7,4.3,5.4,14.7,30.9,11.3,23.5,77.0,22.6,8.2,11.2,29.8,80.3,27.6,4.0,1,0,0,0
36111,Ulster County,NY,0.5511,0.5043,0.2125,0.6115,0.7811,7.2,5.6,6.2,1.2,20.6,5.1,8.5,11.1,5.7,30.0,14.5,25.3,79.0,20.3,8.8,13.7,31.6,78.3,30.6,4.0,1,0,0,0
36113,Warren County,NY,0.1954,0.2319,0.1279,0.1985,0.4171,8.5,1.2,3.8,0.4,16.5,4.2,8.3,2.9,5.4,24.4,15.8,7.8,78.3,22.6,8.3,11.9,30.8,77.1,30.9,4.0,1,0,0,0
36115,Washington County,NY,0.4127,0.4505,0.2523,0.2485,0.6087,8.8,2.4,5.5,0.8,19.0,5.1,10.9,3.0,2.8,24.5,15.3,9.0,78.6,21.7,8.6,13.9,33.6,78.5,31.2,4.0,1,0,0,0
36117,Wayne County,NY,0.3633,0.3226,0.342,0.3446,0.5294,7.3,2.3,5.8,0.9,18.4,4.3,9.4,4.8,3.5,23.3,14.5,11.7,77.7,22.3,8.6,14.0,31.2,79.6,37.1,2.0,1,0,0,0
36119,Westchester County,NY,0.6685,0.4216,0.3821,0.8641,0.9373,14.2,13.3,4.9,5.4,13.6,6.0,10.7,25.8,29.5,25.5,10.1,48.8,78.4,16.2,8.8,13.1,31.6,81.0,25.9,2.0,1,0,0,0
36121,Wyoming County,NY,0.2399,0.2606,0.0636,0.3322,0.5686,7.7,3.6,4.3,0.5,18.4,4.1,12.5,3.4,2.1,20.5,13.3,11.3,77.9,21.7,9.0,15.1,32.2,68.9,35.4,6.0,1,0,0,0
36123,Yates County,NY,0.5724,0.6522,0.1581,0.0675,0.9173,13.0,0.5,17.6,0.6,22.1,3.2,15.7,2.2,3.2,22.5,11.6,5.4,77.7,22.3,8.9,15.7,31.7,75.5,34.5,6.0,1,0,0,0
37001,Alamance County,NC,0.7136,0.6643,0.5266,0.7668,0.7076,5.0,19.4,9.7,2.8,23.5,5.0,11.7,13.5,8.0,24.4,12.8,38.8,78.5,24.6,10.7,17.2,30.8,79.1,38.9,4.0,0,1,0,0
37003,Alexander County,NC,0.4559,0.4922,0.2924,0.4018,0.5466,2.8,4.4,9.1,0.5,21.5,5.6,14.0,5.1,0.6,16.5,17.1,13.9,76.4,27.0,10.1,15.8,31.9,76.5,36.2,3.0,0,1,0,0
37005,Alleghany County,NC,0.7168,0.8613,0.4998,0.3977,0.5807,5.6,1.8,13.4,1.5,34.0,5.3,17.7,10.0,1.3,21.4,17.4,13.8,76.6,27.6,11.2,18.5,32.5,75.2,36.6,6.0,0,1,0,0
37007,Anson County,NC,0.9529,0.9736,0.8034,0.8969,0.8256,7.1,47.3,13.0,0.6,34.8,6.4,17.5,4.6,0.9,29.9,20.6,55.8,79.2,24.3,14.6,28.2,31.9,77.1,43.4,2.0,0,1,0,0
37009,Ashe County,NC,0.4518,0.5632,0.6382,0.2164,0.2695,4.2,1.0,11.0,1.0,24.5,5.1,13.0,5.3,2.3,17.9,17.9,8.1,76.6,27.6,9.9,14.6,32.4,72.7,36.3,6.0,0,1,0,0
37011,Avery County,NC,0.7191,0.6624,0.4986,0.3675,0.909,4.5,3.6,14.6,0.9,25.8,5.0,13.1,5.1,8.0,18.9,19.0,12.5,76.5,26.4,10.2,15.1,32.0,73.4,37.4,6.0,0,1,0,0
37013,Beaufort County,NC,0.8066,0.8654,0.8451,0.7156,0.447,5.8,23.1,11.3,1.0,27.6,5.6,13.2,8.4,2.2,28.6,17.1,34.3,78.2,25.9,11.4,19.3,31.8,77.1,37.0,5.0,0,1,0,1
37015,Bertie County,NC,0.9586,0.9784,0.658,0.9446,0.9138,11.3,61.3,11.9,0.0,35.8,6.4,19.5,1.4,0.4,32.9,23.5,65.9,80.0,23.0,14.9,28.7,31.9,77.9,43.4,6.0,0,1,0,1
37017,Bladen County,NC,0.8326,0.86,0.7709,0.8352,0.5848,7.9,33.7,10.0,1.5,35.0,5.5,11.8,8.1,1.4,27.8,14.8,45.4,79.0,25.8,12.7,22.5,32.2,77.5,41.3,6.0,0,1,0,1
37019,Brunswick County,NC,0.2275,0.3535,0.1244,0.504,0.2004,2.4,8.6,8.8,0.4,16.3,5.0,6.5,5.1,4.0,23.3,14.9,18.6,78.7,26.0,8.9,11.9,30.8,79.0,32.9,3.0,0,1,0,0
37021,Buncombe County,NC,0.5994,0.5094,0.3691,0.4839,0.8409,5.4,5.6,11.3,2.3,21.2,3.6,7.9,7.1,10.2,27.3,13.6,17.5,76.6,25.9,8.9,12.1,30.1,74.9,31.2,3.0,0,1,0,0
37023,Burke County,NC,0.7079,0.7149,0.6793,0.5148,0.6249,4.6,5.9,10.8,1.2,28.2,6.0,15.2,6.7,2.1,18.3,20.4,19.1,77.2,27.4,10.9,17.4,31.4,76.1,36.7,3.0,0,1,0,0
37025,Cabarrus County,NC,0.4321,0.3614,0.4817,0.7706,0.3376,3.7,18.6,8.0,1.4,16.5,4.9,8.0,11.3,8.5,22.9,10.7,39.1,77.8,23.6,9.9,13.7,31.1,78.6,32.7,2.0,0,1,0,0
37027,Caldwell County,NC,0.6503,0.7257,0.6981,0.4018,0.4808,4.8,4.2,11.3,0.7,26.0,5.8,18.1,6.2,3.0,18.5,18.8,13.9,76.8,27.7,10.3,16.6,31.9,77.3,33.2,3.0,0,1,0,0
37029,Camden County,NC,0.2523,0.2561,0.6032,0.546,0.1021,1.3,8.1,3.7,0.5,13.0,5.7,7.7,3.7,4.1,23.7,15.5,21.2,77.7,25.6,8.8,11.0,31.2,76.6,34.4,2.0,0,1,0,0
37031,Carteret County,NC,0.3888,0.4547,0.2558,0.4057,0.4432,3.9,4.2,10.1,0.4,16.8,4.9,7.9,4.5,10.5,24.3,17.4,14.0,77.6,26.3,8.7,11.4,31.1,78.3,33.7,5.0,0,1,0,0
37033,Caswell County,NC,0.7302,0.7442,0.7646,0.7881,0.4384,4.7,32.0,9.9,1.2,23.4,6.0,16.3,4.8,0.6,22.1,19.9,40.4,78.2,24.9,12.0,20.3,31.5,77.0,39.1,6.0,0,1,0,0
37035,Catawba County,NC,0.6818,0.6055,0.6312,0.6249,0.7016,4.9,8.1,11.8,2.0,22.2,5.1,12.6,10.4,6.4,20.4,14.0,26.5,76.5,26.6,10.1,15.2,32.4,74.4,37.2,3.0,0,1,0,0
37037,Chatham County,NC,0.2949,0.2997,0.469,0.6516,0.167,3.1,10.6,8.8,3.3,19.4,2.8,10.6,12.2,2.4,20.3,12.9,28.9,78.4,24.0,9.4,12.7,31.1,78.9,30.2,3.0,0,1,0,0
37039,Cherokee County,NC,0.3729,0.7213,0.2482,0.2854,0.1333,4.3,1.5,16.2,0.3,29.8,4.9,8.8,3.7,0.4,22.6,18.1,9.9,77.2,28.5,10.1,14.9,32.5,75.1,34.8,6.0,0,1,0,0
37041,Chowan County,NC,0.7394,0.6806,0.8769,0.7814,0.4594,10.2,33.4,6.6,0.8,31.8,4.3,13.4,3.7,0.5,25.6,16.5,39.8,78.8,25.5,12.5,21.4,32.2,76.0,40.6,6.0,0,1,0,0
37043,Clay County,NC,0.4232,0.678,0.133,0.2234,0.4155,7.3,1.0,15.3,0.3,23.3,4.0,11.7,3.9,3.2,24.2,16.3,8.3,76.7,27.9,9.3,12.8,31.5,76.6,35.5,6.0,0,1,0,0
37045,Cleveland County,NC,0.8524,0.8699,0.7044,0.6481,0.8085,6.5,20.1,11.2,0.7,29.6,6.4,13.2,4.1,2.6,24.9,16.2,28.5,77.9,26.9,11.2,18.5,32.3,75.8,38.6,5.0,0,1,0,1
37047,Columbus County,NC,0.937,0.952,0.8116,0.7951,0.846,6.2,28.5,14.2,1.2,35.9,5.8,14.4,5.9,1.6,29.5,17.5,41.2,78.3,25.5,12.8,22.7,32.2,77.7,41.2,6.0,0,1,0,1
37049,Craven County,NC,0.8126,0.6373,0.8081,0.7261,0.8597,5.9,20.8,9.2,1.5,24.0,5.1,9.1,7.8,4.8,26.5,15.4,35.2,78.8,25.3,10.5,15.9,30.8,77.0,37.5,5.0,0,1,0,1
37051,Cumberland County,NC,0.943,0.833,0.8718,0.9141,0.9558,6.9,36.4,10.8,1.4,28.1,7.9,7.7,12.5,11.1,34.5,16.7,59.0,79.8,24.8,12.6,20.5,31.4,77.9,41.1,3.0,0,1,0,0
37053,Currituck County,NC,0.0862,0.2409,0.196,0.4248,0.0134,1.7,5.6,11.2,0.4,13.8,3.2,7.2,4.8,0.9,21.3,11.7,14.8,77.4,25.8,8.6,10.7,30.7,81.0,33.6,2.0,0,1,0,0
37055,Dare County,NC,0.2071,0.3805,0.1384,0.4117,0.1422,1.8,3.0,11.6,1.5,13.2,5.1,5.1,7.6,4.7,24.3,10.6,14.2,77.6,26.0,8.1,9.6,30.6,79.4,31.0,5.0,0,1,0,0
37057,Davidson County,NC,0.553,0.6249,0.6812,0.5558,0.2752,4.2,9.5,10.9,1.5,24.8,4.3,13.5,7.8,2.9,21.9,15.3,21.9,77.0,26.7,10.3,16.5,31.3,77.0,36.0,3.0,0,1,0,0
37059,Davie County,NC,0.4057,0.3665,0.5523,0.4658,0.3668,5.0,4.1,10.2,1.2,18.0,4.6,10.2,7.3,3.3,19.0,18.1,16.7,76.8,26.5,9.2,12.8,31.2,81.8,33.3,3.0,0,1,0,0
37061,Duplin County,NC,0.9144,0.9058,0.9749,0.8683,0.5549,5.2,21.4,14.8,7.2,31.6,5.4,19.7,23.2,1.1,22.7,17.2,49.4,77.7,24.4,12.7,22.8,32.1,74.9,39.6,6.0,0,1,0,1
37063,Durham County,NC,0.686,0.5873,0.238,0.9065,0.8661,7.0,34.0,11.4,4.9,20.1,4.3,9.3,13.8,21.3,28.0,9.7,57.4,80.4,22.8,10.4,14.3,30.8,80.3,36.5,3.0,0,1,0,0
37065,Edgecombe County,NC,0.9605,0.966,0.901,0.9418,0.7773,10.4,56.0,11.6,0.8,35.5,8.6,14.4,5.4,1.7,28.9,16.0,64.6,79.9,23.9,14.3,27.8,30.9,78.3,43.8,4.0,0,1,0,1
37067,Forsyth County,NC,0.8126,0.7652,0.6825,0.8291,0.7436,6.6,25.2,10.5,2.7,24.9,5.6,10.8,13.7,14.4,27.3,12.3,44.8,78.6,24.0,11.0,16.7,29.9,82.6,41.5,3.0,0,1,0,0
37069,Franklin County,NC,0.6491,0.5819,0.7019,0.756,0.5107,3.2,23.5,9.8,1.6,20.6,5.9,13.1,9.4,1.7,20.1,16.8,37.6,78.2,25.2,10.7,17.0,31.5,75.0,38.3,2.0,0,1,0,0
37071,Gaston County,NC,0.65,0.6984,0.6163,0.6726,0.4578,5.4,17.0,10.2,1.5,22.3,4.9,12.4,8.0,5.7,26.2,14.7,30.5,78.2,25.9,10.7,16.7,32.0,77.9,35.9,2.0,0,1,0,0
37073,Gates County,NC,0.4053,0.5765,0.5199,0.7464,0.0633,3.4,31.4,7.4,1.0,24.0,9.3,9.5,3.2,0.0,20.4,19.1,37.0,77.8,26.1,11.7,19.1,31.6,77.4,38.5,2.0,0,1,0,0
37075,Graham County,NC,0.6933,0.7684,0.7792,0.42,0.4591,6.4,0.5,17.7,1.0,21.2,7.7,15.9,4.1,1.3,19.0,19.6,14.6,76.4,27.5,9.8,14.6,31.6,78.4,35.5,6.0,0,1,0,0
37077,Granville County,NC,0.6612,0.6745,0.5778,0.8164,0.4811,4.1,28.8,10.6,1.8,23.7,4.7,14.2,9.3,0.9,22.8,16.4,43.7,78.4,24.2,11.3,18.9,31.8,77.4,35.9,6.0,0,1,0,0
37079,Greene County,NC,0.9863,0.9745,0.8272,0.8883,0.985,5.5,31.9,16.9,3.1,33.0,5.5,23.9,15.9,2.6,28.2,20.5,54.2,77.5,23.7,14.3,26.7,32.3,78.3,42.7,6.0,0,1,0,1
37081,Guilford County,NC,0.7865,0.6962,0.5469,0.8797,0.84,6.3,33.9,9.2,2.5,24.1,5.2,9.9,8.6,14.3,28.8,11.9,51.9,79.7,24.5,11.2,17.5,31.2,79.2,38.6,3.0,0,1,0,0
37083,Halifax County,NC,0.987,0.9844,0.9007,0.9332,0.936,9.2,51.5,10.3,0.4,38.1,9.3,18.9,3.3,3.3,33.5,20.1,62.5,79.7,23.9,15.2,30.9,32.3,77.6,42.6,5.0,0,1,0,1
37085,Harnett County,NC,0.7372,0.7432,0.8107,0.7836,0.4302,4.3,20.2,10.8,1.9,24.7,5.3,11.8,13.7,1.0,25.2,15.5,40.0,78.5,26.1,11.1,17.4,31.8,76.5,36.7,5.0,0,1,0,0
37087,Haywood County,NC,0.3646,0.5266,0.5441,0.2323,0.1702,4.3,0.8,11.2,0.6,23.4,3.5,9.6,4.5,2.0,23.9,17.2,8.6,76.5,28.5,9.2,12.8,31.6,80.0,33.2,5.0,0,1,0,0
37089,Henderson County,NC,0.4286,0.4365,0.5959,0.4913,0.2806,3.7,3.1,12.3,2.3,19.7,3.5,8.4,10.6,4.1,23.1,14.8,17.8,77.2,25.8,9.1,12.8,31.3,76.6,30.4,3.0,0,1,0,0
37091,Hertford County,NC,0.9427,0.9656,0.735,0.9513,0.8279,9.0,57.9,10.8,0.6,35.4,7.2,16.1,4.6,1.3,31.4,20.9,67.7,80.5,23.9,15.2,28.7,32.2,77.6,43.3,6.0,0,1,0,1
37093,Hoke County,NC,0.8909,0.8384,0.9345,0.931,0.6535,5.2,32.4,11.0,2.3,25.8,6.4,11.1,14.7,1.6,29.8,18.1,62.2,79.5,24.4,13.2,22.4,31.7,77.5,38.1,3.0,0,1,0,0
37095,Hyde County,NC,0.874,0.9949,0.8966,0.8101,0.1989,2.2,28.5,13.8,1.9,37.0,8.7,19.0,12.4,0.0,34.8,18.8,43.1,77.6,24.3,13.3,23.3,32.5,73.9,40.8,6.0,0,1,0,1
37097,Iredell County,NC,0.3773,0.3487,0.4041,0.615,0.3398,3.3,11.4,9.3,1.8,16.3,4.6,9.1,8.3,6.2,20.9,11.8,25.5,78.3,25.2,9.0,12.6,31.7,77.6,32.3,2.0,0,1,0,0
37099,Jackson County,NC,0.7862,0.8174,0.2899,0.5352,0.9386,4.8,1.9,15.1,2.0,29.2,5.9,10.7,6.5,5.1,23.1,13.2,20.3,77.2,27.9,10.9,15.7,32.2,76.0,36.7,6.0,0,1,0,1
37101,Johnston County,NC,0.5294,0.4683,0.6102,0.7261,0.4152,4.1,16.4,11.2,2.6,19.3,3.7,10.5,14.5,3.4,22.8,12.8,35.2,78.2,24.6,10.5,15.4,31.5,81.5,34.5,2.0,0,1,0,0
37103,Jones County,NC,0.6736,0.7973,0.2654,0.7598,0.5695,7.8,27.7,12.5,0.1,30.7,4.8,14.2,5.7,1.2,22.8,20.5,38.0,78.2,26.5,12.7,22.3,32.2,79.2,39.6,5.0,0,1,0,0
37105,Lee County,NC,0.8953,0.8571,0.9666,0.8072,0.6112,4.0,18.4,13.7,5.4,27.0,5.2,14.9,20.0,4.3,25.6,17.4,42.8,77.8,25.1,11.7,19.1,32.9,74.4,37.7,5.0,0,1,0,1
37107,Lenoir County,NC,0.9984,0.971,0.9975,0.8794,0.9774,8.6,39.8,10.8,1.9,36.9,7.1,17.9,8.3,4.5,29.3,23.4,51.8,79.5,25.6,14.1,27.1,32.2,76.9,42.5,5.0,0,1,0,1
37109,Lincoln County,NC,0.2517,0.2746,0.2685,0.4658,0.2666,3.4,5.6,8.5,1.2,15.9,4.4,10.2,7.6,2.1,18.6,15.2,16.7,76.8,26.3,9.1,12.6,31.3,79.2,34.4,2.0,0,1,0,0
37111,McDowell County,NC,0.7518,0.6421,0.7502,0.3847,0.861,6.4,3.6,12.6,1.2,26.5,5.5,13.8,6.5,1.8,16.6,19.1,13.3,77.0,27.4,10.3,16.0,32.9,74.0,35.0,5.0,0,1,0,1
37113,Macon County,NC,0.4906,0.6195,0.6351,0.3592,0.2288,6.4,1.0,15.5,2.4,27.4,3.5,10.5,7.9,1.3,21.9,16.9,12.2,77.1,27.8,10.0,15.1,32.2,77.4,35.6,6.0,0,1,0,0
37115,Madison County,NC,0.35,0.3573,0.118,0.1654,0.7483,4.5,1.1,9.0,0.0,22.8,1.7,11.1,2.7,1.8,21.0,18.5,7.2,77.5,27.4,9.1,12.3,31.4,77.2,34.9,3.0,0,1,0,0
37117,Martin County,NC,0.9306,0.9275,0.959,0.8641,0.6586,9.3,41.6,8.2,1.1,30.0,9.6,18.0,4.4,2.7,27.2,20.9,48.8,79.0,25.9,13.1,23.9,31.9,78.7,40.4,6.0,0,1,0,1
37119,Mecklenburg County,NC,0.6115,0.5787,0.4747,0.8915,0.5135,5.6,30.9,11.5,4.9,18.3,4.5,9.1,13.9,24.6,28.8,8.1,54.9,78.8,22.4,10.1,14.5,30.6,80.3,29.5,1.0,0,1,0,0
37121,Mitchell County,NC,0.5689,0.5437,0.629,0.2444,0.658,8.4,0.8,10.6,0.6,20.9,6.3,10.2,6.0,2.2,19.6,18.6,8.9,76.8,27.5,9.4,12.8,31.6,75.3,37.0,6.0,0,1,0,0
37123,Montgomery County,NC,0.7741,0.5705,0.9628,0.7537,0.5816,4.4,17.1,13.9,3.5,27.1,3.1,16.1,15.9,0.3,18.1,18.0,37.5,78.0,25.9,11.8,20.5,32.2,77.4,38.9,6.0,0,1,0,1
37125,Moore County,NC,0.3306,0.2778,0.6074,0.5867,0.2157,4.2,10.3,8.3,1.8,16.4,4.6,7.2,7.3,3.6,21.1,14.3,23.7,78.3,25.2,8.9,11.4,31.5,77.3,32.8,4.0,0,1,0,0
37127,Nash County,NC,0.8902,0.8403,0.741,0.881,0.8804,6.9,40.4,11.6,1.2,24.5,6.4,13.4,7.5,3.9,26.3,15.1,52.2,79.2,23.8,12.3,21.2,32.1,80.9,38.3,4.0,0,1,0,1
37129,New Hanover County,NC,0.4289,0.5638,0.0824,0.5797,0.4989,6.3,11.9,10.5,1.1,21.4,4.8,6.5,6.1,16.7,30.5,12.0,23.3,78.4,25.7,9.2,11.8,32.9,79.5,31.8,3.0,0,1,0,0
37131,Northampton County,NC,0.8906,0.9548,0.5157,0.9233,0.7786,8.1,53.8,11.2,0.3,32.3,7.6,16.5,2.6,0.6,27.8,19.0,61.1,80.4,24.4,14.2,26.7,31.3,76.2,43.1,5.0,0,1,0,1
37133,Onslow County,NC,0.7948,0.7585,0.6793,0.7213,0.7499,3.8,13.4,10.3,0.9,25.0,6.4,8.0,13.3,6.9,31.6,16.3,34.8,79.1,23.8,10.7,15.8,30.4,78.1,36.0,4.0,0,1,0,1
37135,Orange County,NC,0.3945,0.2857,0.0474,0.686,0.8454,4.7,10.6,6.3,2.7,18.0,3.9,6.6,8.7,15.3,26.2,8.3,31.5,78.6,24.4,9.0,10.4,31.2,78.4,29.5,3.0,0,1,0,0
37137,Pamlico County,NC,0.5616,0.5972,0.5603,0.6211,0.4146,4.8,19.2,9.3,1.3,25.1,4.6,10.0,4.5,0.9,24.0,20.9,26.1,77.8,25.4,10.4,15.6,31.0,74.1,36.3,5.0,0,1,0,0
37139,Pasquotank County,NC,0.7626,0.7324,0.6001,0.8473,0.6774,6.2,35.1,10.7,1.1,21.1,5.8,10.3,6.2,4.5,29.4,15.1,46.3,79.5,24.4,11.3,17.3,31.5,77.1,38.7,5.0,0,1,0,1
37141,Pender County,NC,0.5606,0.5294,0.4671,0.6204,0.573,3.1,13.3,9.3,1.1,18.8,6.4,9.8,7.8,3.3,21.5,16.0,26.0,77.2,25.8,9.7,13.4,30.3,78.7,35.6,3.0,0,1,0,0
37143,Perquimans County,NC,0.5921,0.7175,0.7451,0.6567,0.1858,4.0,22.8,10.7,0.2,22.5,5.0,13.6,3.2,1.6,24.9,20.9,29.4,78.2,26.2,10.7,16.9,31.5,77.9,37.5,6.0,0,1,0,0
37145,Person County,NC,0.5393,0.5558,0.6532,0.7165,0.2787,5.2,25.5,8.4,0.4,24.8,3.7,11.6,4.9,1.1,24.5,20.2,34.4,78.1,26.2,11.6,18.9,31.4,78.1,38.5,3.0,0,1,0,0
37147,Pitt County,NC,0.9001,0.8721,0.5282,0.8524,0.9679,9.2,35.0,10.1,1.4,29.9,7.5,9.8,6.7,15.0,30.6,14.8,46.9,79.4,25.0,12.0,18.9,31.4,77.9,40.8,4.0,0,1,0,1
37149,Polk County,NC,0.3583,0.3121,0.4578,0.4165,0.413,3.7,4.9,9.9,0.9,19.6,4.3,7.2,5.9,3.6,20.1,18.1,14.5,76.8,26.8,9.4,12.9,31.5,77.0,35.7,6.0,0,1,0,0
37151,Randolph County,NC,0.6475,0.6736,0.7681,0.5679,0.4108,3.7,5.5,12.9,2.6,25.3,3.9,16.0,12.4,2.9,21.4,17.2,22.6,77.1,27.4,10.9,17.9,32.6,77.7,39.7,3.0,0,1,0,0
37153,Richmond County,NC,0.986,0.9761,0.882,0.825,0.9739,10.7,31.8,10.3,1.0,36.7,9.6,17.3,7.1,2.4,30.1,16.2,44.4,78.8,26.8,13.8,26.0,32.2,78.5,43.0,5.0,0,1,0,1
37155,Robeson County,NC,0.9962,0.9828,0.9523,0.9758,0.9784,8.0,23.5,14.5,2.2,41.9,6.4,21.6,9.4,2.0,26.3,17.0,75.7,80.1,23.4,16.4,31.2,33.8,74.9,48.1,5.0,0,1,0,1
37157,Rockingham County,NC,0.8514,0.875,0.825,0.6516,0.6997,7.0,17.4,10.0,1.4,28.5,6.5,16.4,6.5,5.0,24.5,17.6,28.9,77.8,26.7,11.3,19.0,31.8,75.8,37.1,3.0,0,1,0,0
37159,Rowan County,NC,0.8435,0.7725,0.742,0.6599,0.8832,5.9,15.8,10.8,2.4,26.1,6.3,12.6,9.8,3.7,22.7,15.5,29.6,77.7,25.4,10.8,17.4,31.6,75.5,37.4,2.0,0,1,0,0
37161,Rutherford County,NC,0.8072,0.7897,0.8584,0.4973,0.6958,6.0,8.6,11.9,0.7,30.0,6.0,14.1,5.0,1.3,20.5,21.2,18.1,76.7,28.3,11.1,18.1,31.7,76.9,38.0,5.0,0,1,0,1
37163,Sampson County,NC,0.9459,0.93,0.8702,0.8721,0.867,5.1,25.0,15.8,4.5,31.9,5.7,17.4,21.0,2.4,24.2,14.1,50.2,77.6,25.4,13.0,23.3,32.5,76.6,41.7,6.0,0,1,0,1
37165,Scotland County,NC,0.9959,0.9857,0.8225,0.9135,0.9981,11.5,39.0,12.3,0.7,40.2,10.8,17.8,3.6,2.1,28.2,16.7,58.8,79.0,25.0,15.2,29.4,33.1,75.0,45.5,5.0,0,1,0,1
37167,Stanly County,NC,0.6631,0.6169,0.769,0.5352,0.5549,5.4,11.2,11.2,1.4,23.9,4.3,14.0,4.8,0.6,21.4,17.1,20.3,76.8,26.7,10.5,16.2,31.9,76.8,36.3,5.0,0,1,0,0
37169,Stokes County,NC,0.4324,0.5584,0.4893,0.2959,0.2816,2.8,4.3,8.6,0.2,21.9,5.3,12.5,3.6,1.0,21.2,19.8,10.2,77.1,28.2,9.9,14.5,32.6,75.6,36.8,3.0,0,1,0,0
37171,Surry County,NC,0.8005,0.8024,0.8797,0.4814,0.622,5.1,3.5,12.6,2.1,29.3,4.9,18.0,11.5,2.9,21.5,19.0,17.4,77.0,28.4,10.8,18.0,33.0,75.7,40.8,5.0,0,1,0,1
37173,Swain County,NC,0.901,0.8581,0.832,0.7894,0.8788,8.9,1.2,24.0,0.5,30.0,7.5,14.9,6.9,0.2,18.4,17.9,40.5,77.7,27.9,12.5,21.9,32.9,73.8,40.8,6.0,0,1,0,1
37175,Transylvania County,NC,0.4773,0.3764,0.4661,0.2959,0.7098,4.6,4.3,13.6,0.6,20.5,4.0,6.2,3.5,2.8,21.2,14.9,10.2,78.1,27.0,8.9,11.4,31.3,78.9,34.4,5.0,0,1,0,0
37177,Tyrrell County,NC,0.854,0.819,0.7945,0.8075,0.7531,7.6,32.8,12.3,1.7,25.7,3.9,22.7,8.6,0.0,26.6,19.9,42.9,77.4,24.5,13.3,23.6,32.2,78.2,41.3,6.0,0,1,0,1
37179,Union County,NC,0.2008,0.2221,0.3786,0.6701,0.0932,2.7,11.1,8.8,2.6,12.8,4.3,9.6,11.8,1.7,17.9,9.2,30.3,78.3,24.6,9.3,12.3,32.0,73.5,33.0,2.0,0,1,0,0
37181,Vance County,NC,0.9672,0.9532,0.9745,0.929,0.7283,7.8,48.8,12.5,1.4,30.8,7.0,15.3,8.5,2.0,29.6,18.3,61.8,80.3,24.1,13.9,26.3,31.8,80.9,42.8,5.0,0,1,0,1
37183,Wake County,NC,0.3621,0.2526,0.3229,0.7989,0.4257,4.0,19.2,8.3,2.5,13.9,4.2,6.0,10.4,18.7,23.3,8.8,41.7,79.8,23.1,9.0,10.4,31.7,80.4,28.9,1.0,0,1,0,0
37185,Warren County,NC,0.9879,0.9707,0.9605,0.931,0.923,10.4,47.7,11.2,1.0,38.6,9.9,14.6,4.2,1.1,27.9,22.0,62.2,79.9,24.0,14.8,28.3,31.8,79.6,44.3,6.0,0,1,0,1
37187,Washington County,NC,0.8603,0.9475,0.8511,0.9036,0.3716,18.2,47.6,8.7,0.0,35.0,12.7,14.2,6.2,0.6,30.5,23.6,56.9,80.0,25.6,14.8,28.9,31.9,78.5,44.1,6.0,0,1,0,1
37189,Watauga County,NC,0.4238,0.8619,0.0048,0.2444,0.5969,3.4,1.7,9.4,0.7,34.5,9.3,7.5,4.0,11.4,33.6,11.1,8.9,77.9,28.1,10.5,14.1,32.4,76.2,37.0,5.0,0,1,0,0
37191,Wayne County,NC,0.9564,0.8788,0.8991,0.8616,0.9545,7.0,30.5,12.2,3.5,29.9,5.0,14.3,12.7,4.3,27.9,15.6,48.4,78.7,24.8,12.5,21.7,31.5,76.7,39.9,4.0,0,1,0,1
37193,Wilkes County,NC,0.707,0.8164,0.6491,0.3917,0.5272,5.7,3.7,11.7,0.6,28.3,6.0,18.5,7.0,3.0,20.5,19.0,13.5,76.8,28.5,10.7,17.5,32.6,75.8,38.2,5.0,0,1,0,0
37195,Wilson County,NC,0.952,0.9599,0.8543,0.8909,0.8136,9.2,39.1,12.0,1.7,35.0,6.6,16.6,11.2,2.8,28.5,14.8,54.6,79.8,24.8,14.0,26.2,31.7,78.9,38.5,5.0,0,1,0,1
37197,Yadkin County,NC,0.6233,0.7206,0.5113,0.4741,0.5202,4.6,2.9,12.2,1.6,26.0,5.2,13.5,11.6,2.5,21.3,15.6,17.1,76.8,27.7,10.4,16.4,32.3,77.5,36.3,3.0,0,1,0,0
37199,Yancey County,NC,0.5307,0.7089,0.6971,0.2109,0.2533,4.2,0.4,10.1,0.8,25.7,7.6,11.5,5.4,2.0,20.3,18.4,8.0,76.7,28.3,10.0,14.9,31.8,77.0,35.6,6.0,0,1,0,0
38001,Adams County,ND,0.2052,0.1495,0.1648,0.2062,0.5708,7.1,0.5,10.2,0.0,18.9,0.7,6.7,3.8,9.9,18.2,13.1,7.9,72.0,21.6,9.8,13.9,30.7,79.3,35.7,6.0,0,0,0,0
38003,Barnes County,ND,0.1842,0.1355,0.0885,0.2879,0.5838,5.6,1.9,6.2,0.1,19.0,3.3,5.0,2.3,13.4,20.4,13.1,10.0,71.1,21.4,9.0,10.9,28.8,74.9,38.5,6.0,0,0,0,0
38005,Benson County,ND,0.7426,0.4117,0.8565,0.9211,0.8107,9.2,0.3,8.0,1.6,39.3,2.2,12.8,1.4,3.0,15.9,13.2,60.1,73.1,22.2,13.4,24.8,31.7,66.7,43.8,6.0,0,0,0,0
38007,Billings County,ND,0.0095,0.0127,0.015,0.0003,0.2113,3.8,0.0,5.5,0.0,13.8,2.1,4.8,1.4,1.8,9.7,7.7,1.4,72.9,20.3,9.2,11.2,30.1,77.6,36.4,5.0,0,0,0,0
38009,Bottineau County,ND,0.111,0.0907,0.1333,0.2854,0.3073,2.2,0.5,8.0,0.0,13.1,3.5,7.3,2.5,2.9,12.8,13.6,9.9,72.2,21.0,8.7,10.9,30.7,76.4,38.1,6.0,0,0,0,0
38011,Bowman County,ND,0.2421,0.251,0.5896,0.2164,0.1899,1.6,0.0,10.3,1.8,16.4,4.1,11.0,5.4,2.5,9.1,10.8,8.1,71.6,21.0,8.5,11.1,29.7,73.0,36.7,6.0,0,0,0,0
38013,Burke County,ND,0.0363,0.0159,0.3194,0.1572,0.0815,1.3,0.7,3.8,0.7,11.4,2.0,8.1,1.1,3.3,9.4,12.2,7.1,72.0,21.0,8.2,9.6,30.3,76.9,37.2,6.0,0,0,0,0
38015,Burleigh County,ND,0.1963,0.0382,0.1556,0.3939,0.7655,5.7,1.9,4.7,0.3,12.5,2.7,5.1,2.9,17.9,19.5,11.3,13.6,73.3,19.8,8.1,8.9,30.1,77.7,35.5,4.0,0,0,0,0
38017,Cass County,ND,0.2485,0.1511,0.0649,0.4636,0.7477,6.0,6.5,5.9,1.0,17.0,2.8,4.4,3.0,36.2,24.0,10.0,16.6,75.2,23.4,8.5,9.5,30.7,81.8,35.1,3.0,0,0,0,0
38019,Cavalier County,ND,0.0955,0.0563,0.3882,0.1457,0.1992,4.6,0.0,5.9,0.7,15.5,0.9,6.7,0.9,5.1,18.4,10.7,6.9,73.5,21.3,8.2,9.8,31.0,79.4,40.1,6.0,0,0,0,0
38021,Dickey County,ND,0.146,0.1855,0.2036,0.3217,0.1922,1.6,0.2,8.6,0.0,18.3,3.1,8.6,4.8,2.6,17.6,11.9,11.0,72.0,21.4,9.2,11.4,30.9,75.1,39.6,6.0,0,0,0,0
38023,Divide County,ND,0.2768,0.1858,0.2619,0.413,0.5587,4.6,3.2,9.5,0.2,18.4,3.2,9.6,5.5,2.6,8.4,11.0,14.3,72.6,21.5,9.0,11.7,29.4,78.3,37.8,6.0,0,0,0,0
38025,Dunn County,ND,0.4104,0.2036,0.5819,0.552,0.5927,1.9,0.7,18.4,2.7,11.5,2.4,9.4,6.2,4.3,14.6,14.9,21.7,72.0,20.7,9.4,11.9,29.9,75.3,36.5,5.0,0,0,0,0
38027,Eddy County,ND,0.4082,0.2078,0.5628,0.2733,0.7327,7.4,0.0,6.0,0.2,29.6,2.3,8.0,2.7,7.3,17.1,20.0,9.6,72.6,22.0,10.2,14.6,30.7,71.2,38.8,6.0,0,0,0,0
38029,Emmons County,ND,0.0506,0.1664,0.028,0.0407,0.1705,3.3,0.2,6.9,0.0,16.4,1.4,10.5,1.5,2.8,19.6,12.5,4.7,72.5,21.6,9.2,12.4,30.0,75.0,38.8,6.0,0,0,0,0
38031,Foster County,ND,0.0127,0.007,0.0716,0.0675,0.1149,4.6,0.5,3.8,0.2,15.5,0.2,5.7,0.6,1.7,15.0,11.1,5.4,72.4,21.6,8.7,10.3,30.4,76.1,35.9,6.0,0,0,0,0
38033,Golden Valley County,ND,0.1982,0.1024,0.5164,0.4117,0.2711,5.6,0.2,2.0,0.0,20.7,5.4,5.3,5.3,5.6,11.0,20.0,14.2,72.6,22.2,9.8,12.8,30.3,76.0,37.8,6.0,0,0,0,0
38035,Grand Forks County,ND,0.3198,0.2867,0.0191,0.4839,0.8654,5.7,3.7,5.7,0.5,21.9,3.4,4.4,4.8,31.7,28.6,9.4,17.5,73.8,22.7,9.8,11.1,31.8,77.4,37.9,4.0,0,0,0,0
38037,Grant County,ND,0.2097,0.1973,0.3124,0.2109,0.3535,3.8,0.1,4.7,0.5,25.1,2.9,8.2,1.7,1.8,19.8,13.2,8.0,72.3,22.5,10.3,14.6,29.8,73.6,41.8,6.0,0,0,0,0
38039,Griggs County,ND,0.0407,0.0258,0.1534,0.021,0.202,3.9,0.0,3.7,0.3,14.6,1.2,8.8,1.5,7.2,13.1,11.8,4.1,71.7,20.8,8.3,10.2,30.0,73.8,37.9,6.0,0,0,0,0
38041,Hettinger County,ND,0.1495,0.3268,0.2218,0.1985,0.0853,2.1,0.5,8.9,0.0,17.0,4.2,12.0,0.6,0.6,18.6,18.6,7.8,72.5,21.9,8.9,11.8,30.0,72.0,37.9,6.0,0,0,0,0
38043,Kidder County,ND,0.0321,0.1031,0.0843,0.2444,0.0312,0.3,0.2,4.7,0.0,20.1,1.0,10.0,4.6,0.0,17.1,10.6,8.9,72.5,22.1,9.1,11.5,30.8,73.3,40.2,6.0,0,0,0,0
38045,LaMoure County,ND,0.0305,0.0894,0.0843,0.0229,0.0687,3.4,0.2,6.2,0.1,17.8,1.7,9.8,2.0,0.3,11.1,11.6,4.2,72.1,21.1,8.8,11.2,29.9,74.4,35.2,6.0,0,0,0,0
38047,Logan County,ND,0.0754,0.0856,0.3761,0.1037,0.1053,1.3,0.1,3.0,1.3,22.4,1.3,8.8,2.8,1.1,16.6,11.9,6.1,71.8,22.0,9.5,13.3,29.7,76.4,40.9,6.0,0,0,0,0
38049,McHenry County,ND,0.0907,0.1709,0.1588,0.0627,0.1416,5.0,0.7,6.2,0.1,17.4,4.4,9.5,1.4,2.6,15.2,13.4,5.3,72.4,21.4,8.9,11.5,29.7,79.2,41.7,4.0,0,0,0,0
38051,McIntosh County,ND,0.1368,0.1674,0.1578,0.1572,0.2867,7.1,0.6,7.0,1.0,19.8,0.5,12.4,2.6,0.9,14.6,12.4,7.1,72.1,21.8,9.8,14.1,30.3,77.7,36.7,6.0,0,0,0,0
38053,McKenzie County,ND,0.468,0.3369,0.1145,0.6029,0.874,2.5,2.1,15.7,1.2,25.4,1.7,7.3,10.6,23.2,18.6,9.8,24.7,71.7,20.5,9.9,13.0,30.2,74.1,40.9,6.0,0,0,0,0
38055,McLean County,ND,0.0662,0.0156,0.2959,0.363,0.1915,3.3,0.4,4.8,0.5,11.6,1.4,6.8,2.7,2.2,15.1,11.3,12.3,73.4,21.9,8.6,10.3,30.5,79.1,40.2,6.0,0,0,0,0
38057,Mercer County,ND,0.3296,0.2577,0.4652,0.2587,0.5056,2.3,0.3,11.7,1.7,19.0,2.7,10.5,2.6,6.4,15.8,13.5,9.2,72.1,21.6,9.1,12.3,30.6,73.6,39.6,6.0,0,0,0,0
38059,Morton County,ND,0.0519,0.0589,0.0274,0.3592,0.2746,2.5,1.3,5.5,0.2,14.0,2.0,6.4,4.2,10.4,19.4,8.1,12.2,73.4,21.6,8.3,10.3,31.0,74.9,38.4,4.0,0,0,0,0
38061,Mountrail County,ND,0.7156,0.4333,0.7868,0.8088,0.8142,4.8,1.9,17.2,1.8,24.0,3.5,11.1,9.1,6.4,13.3,13.9,43.0,71.8,20.7,11.6,18.2,30.7,73.0,41.8,6.0,0,0,0,0
38063,Nelson County,ND,0.0468,0.0274,0.4047,0.2214,0.0646,2.4,0.0,5.9,0.4,15.6,1.2,6.0,3.9,1.4,13.6,18.4,8.2,72.4,21.6,8.6,10.6,30.4,79.3,39.8,6.0,0,0,0,0
38065,Oliver County,ND,0.0808,0.0242,0.5256,0.2164,0.1584,4.2,0.0,4.4,0.4,16.1,2.9,5.4,3.3,0.8,13.8,10.3,8.1,72.4,20.9,8.3,9.5,29.8,76.3,34.6,4.0,0,0,0,0
38067,Pembina County,ND,0.1206,0.1934,0.14,0.3016,0.1429,2.3,1.0,6.9,0.3,17.8,4.3,7.9,3.7,4.2,18.4,12.6,10.4,71.4,21.6,9.3,12.2,29.9,77.1,42.1,6.0,0,0,0,0
38069,Pierce County,ND,0.1155,0.111,0.4776,0.1654,0.1199,3.2,0.3,7.3,0.5,17.5,1.0,6.8,1.2,2.2,19.4,9.8,7.2,73.1,22.0,9.0,11.9,29.7,73.1,40.9,6.0,0,0,0,0
38071,Ramsey County,ND,0.4747,0.2186,0.5848,0.4973,0.7658,8.0,0.6,10.3,0.3,23.1,0.8,7.3,3.2,12.1,18.4,17.4,18.1,73.5,21.9,9.8,13.5,31.5,75.7,41.4,6.0,0,0,0,0
38073,Ransom County,ND,0.0935,0.0805,0.0515,0.2914,0.4015,4.1,2.2,5.0,0.1,15.3,2.9,9.1,2.1,7.8,16.9,12.6,10.1,73.0,21.4,9.4,11.8,31.0,75.8,38.2,6.0,0,0,0,0
38075,Renville County,ND,0.0245,0.0363,0.0375,0.0264,0.195,3.4,0.0,4.4,0.0,12.1,2.3,8.8,2.5,0.2,15.7,10.2,4.3,71.7,21.1,8.5,10.6,29.3,79.7,38.7,4.0,0,0,0,0
38077,Richland County,ND,0.2459,0.1091,0.1448,0.2984,0.7821,7.2,0.8,5.9,0.2,19.4,2.5,6.5,3.6,15.3,19.3,12.1,10.3,72.4,22.6,9.0,11.1,30.0,74.8,37.6,5.0,0,0,0,0
38079,Rolette County,ND,0.8934,0.8358,0.6847,0.985,0.8947,8.5,0.8,26.4,0.1,36.8,6.4,14.6,2.4,2.7,16.4,17.2,82.4,73.3,22.2,16.5,31.1,31.4,68.8,50.2,6.0,0,0,0,1
38081,Sargent County,ND,0.0251,0.0022,0.2253,0.2536,0.1059,2.5,2.5,3.7,0.3,10.4,1.5,5.8,3.3,6.1,9.6,12.9,9.1,72.1,20.9,9.0,10.9,30.2,78.7,41.3,6.0,0,0,0,0
38083,Sheridan County,ND,0.0073,0.071,0.0325,0.0264,0.0207,2.2,0.0,6.5,0.2,14.8,0.8,9.6,0.4,2.8,14.1,12.0,4.3,72.1,22.5,9.0,12.0,30.3,75.8,37.6,6.0,0,0,0,0
38085,Sioux County,ND,0.9176,0.9551,0.6166,0.9908,0.8104,13.4,0.3,28.0,0.1,54.1,20.7,14.1,1.0,1.8,20.8,16.2,87.9,73.5,23.7,20.1,42.6,31.0,62.6,49.7,6.0,0,0,0,1
38087,Slope County,ND,0.0134,0.0977,0.1378,0.0299,0.006,1.1,0.0,1.9,0.0,17.0,4.5,8.4,0.1,0.2,16.0,17.9,4.4,71.3,21.2,9.4,12.4,30.3,74.4,38.6,6.0,0,0,0,0
38089,Stark County,ND,0.3112,0.1944,0.0865,0.3977,0.8425,5.2,2.5,7.9,0.7,16.4,2.9,8.1,6.1,20.4,20.7,10.2,13.8,72.9,19.8,8.9,11.5,31.9,74.3,37.5,5.0,0,0,0,0
38091,Steele County,ND,0.0299,0.028,0.0783,0.015,0.1906,0.7,0.2,5.2,0.2,19.2,2.2,3.8,2.2,2.2,9.8,8.7,3.8,72.1,21.5,9.0,11.4,30.5,74.5,34.9,6.0,0,0,0,0
38093,Stutsman County,ND,0.4419,0.4792,0.2164,0.2399,0.6723,5.2,1.9,7.3,0.5,21.6,4.7,8.3,2.8,14.7,25.8,18.0,8.8,70.9,21.5,9.0,12.2,29.2,76.8,40.3,5.0,0,0,0,0
38095,Towner County,ND,0.2297,0.4311,0.5784,0.4222,0.02,3.3,0.4,9.5,1.8,25.2,1.6,14.6,3.9,1.9,19.5,14.7,14.7,72.6,22.3,10.4,15.3,30.8,75.6,43.9,6.0,0,0,0,0
38097,Traill County,ND,0.0697,0.0293,0.0576,0.2692,0.4493,5.8,0.9,5.4,0.3,13.9,2.0,6.3,3.9,8.4,16.4,11.3,9.5,72.1,20.7,8.5,9.6,29.4,80.8,38.8,6.0,0,0,0,0
38099,Walsh County,ND,0.3385,0.23,0.4521,0.4683,0.4843,4.8,0.8,7.5,1.1,19.3,2.3,13.1,12.1,5.3,17.4,13.5,16.8,72.6,20.9,9.4,13.6,29.5,70.4,36.0,6.0,0,0,0,0
38101,Ward County,ND,0.2571,0.1499,0.0671,0.5065,0.756,4.3,4.0,6.1,0.7,13.9,3.7,5.9,6.7,19.3,22.3,12.2,18.7,72.2,20.6,8.8,10.4,30.0,74.9,34.7,4.0,0,0,0,0
38103,Wells County,ND,0.2437,0.1508,0.3557,0.0525,0.6217,6.2,0.0,5.4,0.0,19.7,1.8,8.9,2.4,4.8,20.1,12.4,5.0,72.2,21.8,9.4,12.5,29.8,74.7,38.2,6.0,0,0,0,0
38105,Williams County,ND,0.5062,0.2262,0.4766,0.5778,0.8762,6.5,5.2,12.4,1.0,13.9,2.5,9.2,9.5,33.9,18.9,10.4,23.2,71.4,20.8,9.4,12.9,29.8,79.0,40.2,5.0,0,0,0,0
39001,Adams County,OH,0.6516,0.8349,0.7181,0.0229,0.4508,7.8,0.4,8.5,0.0,32.4,5.8,15.0,1.1,0.9,25.0,23.0,4.2,76.7,27.9,12.7,18.9,32.6,72.4,39.9,6.0,0,0,0,0
39003,Allen County,OH,0.5673,0.4152,0.672,0.5326,0.6659,7.5,10.7,6.2,0.3,21.5,6.1,8.0,3.5,5.9,21.6,16.1,20.2,79.3,28.2,12.2,15.7,32.0,71.9,40.0,4.0,0,0,0,0
39005,Ashland County,OH,0.3096,0.3194,0.2081,0.0675,0.6522,6.9,0.8,8.2,0.6,20.9,3.7,10.1,1.7,3.8,19.6,14.6,5.4,77.0,27.4,11.2,14.6,31.9,75.0,38.5,5.0,0,0,0,0
39007,Ashtabula County,OH,0.8247,0.8995,0.6704,0.3675,0.7906,8.5,3.5,10.0,0.6,30.0,7.6,13.4,4.7,4.5,26.5,17.2,12.5,75.5,29.0,13.0,18.7,32.5,74.0,45.7,2.0,0,0,0,0
39009,Athens County,OH,0.5772,0.7165,0.0363,0.3086,0.9332,6.7,2.5,6.0,0.7,34.8,5.7,8.3,2.0,9.5,30.9,17.3,10.6,77.1,30.0,12.6,15.6,32.8,73.7,37.9,5.0,0,0,0,0
39011,Auglaize County,OH,0.0261,0.0229,0.1915,0.0579,0.092,3.6,0.9,4.2,0.2,12.4,2.9,6.6,1.8,3.6,15.4,12.2,5.2,77.0,26.1,9.8,11.4,31.3,72.9,39.5,5.0,0,0,0,0
39013,Belmont County,OH,0.3067,0.3503,0.1505,0.2234,0.5609,6.9,3.0,6.5,0.2,22.7,6.0,8.5,1.2,4.6,17.7,16.1,8.3,77.1,27.3,11.5,14.9,34.1,72.9,40.9,4.0,0,0,0,0
39015,Brown County,OH,0.3691,0.504,0.4006,0.021,0.392,5.9,0.9,6.5,0.1,24.6,4.4,12.5,1.2,1.7,22.4,17.0,4.1,77.7,28.7,11.6,16.4,33.4,74.0,41.2,2.0,0,0,0,0
39017,Butler County,OH,0.4346,0.3649,0.5145,0.5597,0.4254,4.9,8.2,6.3,2.1,18.8,5.1,8.8,5.2,9.3,22.5,12.1,22.1,79.2,26.1,11.3,14.1,31.3,78.5,39.6,2.0,0,0,0,0
39019,Carroll County,OH,0.3255,0.3729,0.6137,0.0525,0.3032,7.0,0.8,10.5,0.6,21.4,3.9,11.1,1.4,0.4,17.8,17.6,5.0,76.8,27.4,11.2,15.1,32.5,75.3,38.7,3.0,0,0,0,0
39021,Champaign County,OH,0.1123,0.1705,0.1559,0.1861,0.181,4.9,2.0,4.9,0.1,15.9,4.5,8.6,1.7,2.8,19.5,13.8,7.6,76.7,26.8,10.2,12.6,31.3,76.4,43.0,5.0,0,0,0,0
39023,Clark County,OH,0.6627,0.6287,0.8387,0.4699,0.4998,7.1,8.1,6.9,0.7,24.5,6.8,11.0,3.8,6.0,22.7,17.2,16.9,77.6,28.1,12.2,16.7,33.7,72.6,42.4,4.0,0,0,0,0
39025,Clermont County,OH,0.1479,0.1896,0.1575,0.2109,0.2634,4.8,1.4,5.6,0.3,15.2,4.1,8.6,2.2,11.5,20.9,14.5,8.0,77.0,26.7,10.4,11.7,31.4,73.9,34.4,2.0,0,0,0,0
39027,Clinton County,OH,0.3038,0.3299,0.4979,0.1753,0.3303,4.0,1.8,5.7,0.4,24.0,4.7,8.9,1.9,4.6,19.7,16.2,7.4,77.1,27.4,11.2,14.9,32.0,73.9,39.9,5.0,0,0,0,0
39029,Columbiana County,OH,0.4162,0.4225,0.3621,0.1654,0.6058,7.2,2.1,7.4,0.1,22.7,4.9,10.2,2.0,3.5,20.0,17.3,7.2,76.0,26.7,11.8,15.7,31.1,72.2,41.0,5.0,0,0,0,0
39031,Coshocton County,OH,0.6351,0.7623,0.7213,0.0579,0.5262,9.7,1.1,10.3,0.4,27.9,6.1,15.5,1.2,3.0,20.4,16.8,5.2,76.5,29.2,12.2,17.3,33.1,70.4,41.4,5.0,0,0,0,0
39033,Crawford County,OH,0.3856,0.5291,0.7576,0.0757,0.1489,5.5,0.9,6.7,0.6,25.8,5.5,10.1,1.8,2.9,21.6,16.4,5.6,76.0,28.5,11.5,15.6,31.4,65.8,39.5,5.0,0,0,0,0
39035,Cuyahoga County,OH,0.7305,0.6554,0.6946,0.8043,0.6281,12.3,28.7,5.5,1.8,24.8,7.2,9.1,6.5,19.7,28.8,15.1,42.4,78.1,24.7,11.3,17.5,32.9,78.2,35.4,1.0,0,0,0,0
39037,Darke County,OH,0.0961,0.2148,0.2755,0.0407,0.0649,5.0,0.7,6.9,0.2,22.5,2.6,8.9,1.7,2.0,19.0,13.5,4.7,76.7,28.2,11.3,14.5,32.9,76.2,36.6,5.0,0,0,0,0
39039,Defiance County,OH,0.2529,0.2144,0.6239,0.4222,0.1747,5.1,1.5,6.9,0.9,18.1,4.9,8.0,10.7,3.3,17.2,13.9,14.7,76.9,26.2,10.9,13.8,31.0,75.7,35.5,5.0,0,0,0,0
39041,Delaware County,OH,0.0239,0.0054,0.1651,0.4998,0.0445,2.6,3.8,4.4,0.8,7.1,3.0,2.8,2.9,7.8,15.3,8.2,18.2,80.1,21.6,8.7,7.8,30.2,83.5,30.9,2.0,0,0,0,0
39043,Erie County,OH,0.4015,0.3462,0.5962,0.5081,0.3283,5.9,8.7,5.5,0.4,18.9,6.1,8.1,4.8,7.1,21.3,15.2,18.8,78.7,26.2,11.0,14.0,31.5,79.7,40.3,4.0,0,0,0,0
39045,Fairfield County,OH,0.196,0.1594,0.4543,0.4699,0.182,4.0,8.4,6.0,0.9,15.4,3.7,6.1,2.5,5.0,22.3,14.2,16.9,78.0,26.1,10.4,12.2,32.4,70.7,35.3,2.0,0,0,0,0
39047,Fayette County,OH,0.3913,0.5807,0.5943,0.2364,0.1454,6.6,2.3,7.9,0.2,25.4,4.3,15.0,2.3,2.1,21.8,19.6,8.7,75.8,27.9,11.9,16.9,34.6,70.2,41.0,5.0,0,0,0,0
39049,Franklin County,OH,0.6497,0.5409,0.5297,0.776,0.6977,7.1,22.8,8.0,2.6,22.3,4.7,8.5,6.0,16.2,27.7,11.5,39.5,79.7,25.6,11.8,15.4,31.8,77.8,33.7,1.0,0,0,0,0
39051,Fulton County,OH,0.0585,0.0675,0.4467,0.3563,0.0255,2.5,0.5,5.7,0.9,15.6,3.5,6.1,9.1,2.1,16.7,14.6,12.1,76.7,25.9,10.7,12.8,32.6,74.3,36.8,3.0,0,0,0,0
39053,Gallia County,OH,0.601,0.6535,0.3385,0.1753,0.8193,9.1,1.8,11.0,0.1,28.6,4.1,13.7,1.5,1.5,21.1,19.1,7.4,76.9,29.7,12.3,17.5,33.5,71.1,36.7,5.0,0,0,0,0
39055,Geauga County,OH,0.0961,0.1139,0.1129,0.1152,0.2918,8.9,1.0,8.1,0.6,11.4,3.1,8.9,1.7,2.6,15.7,9.9,6.3,77.1,25.1,9.3,9.9,30.3,79.2,32.7,2.0,0,0,0,0
39057,Greene County,OH,0.1658,0.1715,0.0799,0.489,0.3471,4.5,6.3,5.2,0.4,16.3,4.6,5.8,3.1,9.7,21.5,13.6,17.7,78.0,24.9,9.8,10.8,32.4,76.7,38.5,3.0,0,0,0,0
39059,Guernsey County,OH,0.5352,0.6844,0.538,0.1339,0.4636,6.9,1.8,9.7,0.1,26.2,4.6,13.8,1.2,3.2,23.1,17.5,6.7,76.7,28.7,11.9,16.4,33.3,74.4,38.1,5.0,0,0,0,0
39061,Hamilton County,OH,0.5908,0.462,0.5243,0.7366,0.6713,10.4,25.2,5.6,1.2,22.1,5.0,7.9,3.7,17.7,27.2,12.2,36.1,78.7,25.9,11.9,15.0,30.7,78.6,35.8,1.0,0,0,0,0
39063,Hancock County,OH,0.1604,0.1177,0.2246,0.3563,0.349,4.9,1.7,4.8,0.6,17.7,3.7,6.2,6.0,6.8,20.2,12.8,12.1,77.3,26.0,10.7,11.9,31.3,76.6,39.6,5.0,0,0,0,0
39065,Hardin County,OH,0.5177,0.5533,0.1775,0.119,0.8575,8.2,1.2,12.4,0.3,26.6,4.7,8.4,2.1,2.5,20.5,13.1,6.4,76.8,27.5,11.9,16.1,32.4,72.1,41.8,6.0,0,0,0,0
39067,Harrison County,OH,0.5262,0.6182,0.4598,0.1037,0.5985,7.3,2.9,12.9,0.1,23.5,4.5,11.8,1.3,0.7,21.6,17.1,6.1,75.8,28.7,11.8,15.6,33.2,73.6,41.1,6.0,0,0,0,0
39069,Henry County,OH,0.0977,0.1289,0.3093,0.342,0.0719,3.7,0.5,5.4,0.6,17.7,4.5,7.0,8.0,2.5,16.8,12.9,11.6,77.1,26.1,10.5,13.1,31.5,77.8,38.5,6.0,0,0,0,0
39071,Highland County,OH,0.4763,0.5912,0.357,0.0675,0.5724,8.8,1.6,9.1,0.4,24.8,4.4,15.0,1.4,1.7,21.0,17.5,5.4,75.7,28.7,11.8,16.1,33.1,75.0,41.1,6.0,0,0,0,0
39073,Hocking County,OH,0.4976,0.545,0.812,0.0675,0.3528,4.1,0.6,7.0,0.7,28.9,4.7,12.1,1.1,1.8,20.6,17.8,5.4,77.0,28.7,12.3,16.8,31.7,70.6,35.8,2.0,0,0,0,0
39075,Holmes County,OH,0.3923,0.4887,0.1037,0.0022,0.7646,31.3,0.2,41.8,1.2,17.4,2.0,42.4,1.0,2.2,17.7,7.8,2.4,74.1,29.8,11.7,19.0,32.0,69.2,38.8,6.0,0,0,0,0
39077,Huron County,OH,0.301,0.3118,0.6809,0.328,0.1744,4.5,0.5,6.9,0.5,19.1,4.4,9.8,7.0,3.4,20.4,15.4,11.2,77.3,26.8,11.1,14.4,30.7,73.5,34.9,5.0,0,0,0,0
39079,Jackson County,OH,0.5663,0.6713,0.525,0.0337,0.6443,7.0,0.7,7.3,0.1,26.5,5.9,12.9,1.1,1.6,22.4,21.6,4.5,76.6,29.9,12.4,16.9,35.3,70.4,44.5,6.0,0,0,0,0
39081,Jefferson County,OH,0.433,0.3856,0.3853,0.3058,0.6141,8.6,5.3,4.9,0.2,26.6,5.5,7.4,1.7,5.7,21.2,17.3,10.5,77.3,29.4,12.0,15.5,31.6,72.0,43.1,4.0,0,0,0,0
39083,Knox County,OH,0.2822,0.322,0.3576,0.1094,0.4111,6.0,0.8,10.4,0.5,21.3,3.3,8.5,1.7,1.5,19.9,13.8,6.2,75.7,26.8,10.5,13.0,32.0,72.7,37.8,5.0,0,0,0,0
39085,Lake County,OH,0.1438,0.1432,0.335,0.4018,0.1483,4.4,4.5,5.2,1.3,13.4,4.4,6.4,4.8,10.9,21.2,13.5,13.9,78.4,25.9,10.2,11.6,29.8,76.9,36.8,2.0,0,0,0,0
39087,Lawrence County,OH,0.3672,0.4623,0.6503,0.0932,0.2447,5.5,1.5,4.9,0.1,27.9,3.8,10.6,1.0,2.1,24.2,23.2,5.9,77.7,28.8,12.2,16.9,33.4,69.4,41.2,3.0,0,0,0,0
39089,Licking County,OH,0.2256,0.1308,0.4906,0.3748,0.3443,5.2,4.0,5.3,0.7,17.0,3.3,6.8,2.2,4.1,20.9,15.2,12.8,77.2,26.7,10.9,12.2,31.9,76.0,37.3,2.0,0,0,0,0
39091,Logan County,OH,0.1578,0.1254,0.2676,0.1861,0.3773,5.4,1.6,5.1,0.1,20.7,3.5,7.0,2.0,2.9,18.0,13.5,7.6,76.8,26.7,11.1,13.8,31.4,73.0,38.9,5.0,0,0,0,0
39093,Lorain County,OH,0.4499,0.3589,0.595,0.5819,0.4209,5.7,7.2,5.6,1.1,20.1,4.4,8.8,10.6,8.3,24.3,14.1,23.4,77.5,26.4,11.5,14.6,32.5,73.5,36.7,2.0,0,0,0,0
39095,Lucas County,OH,0.678,0.6545,0.6252,0.7019,0.5794,8.6,18.7,5.9,0.6,26.4,6.8,9.1,7.7,12.1,26.3,15.3,32.9,79.2,26.9,12.2,17.7,31.1,73.8,36.2,3.0,0,0,0,0
39097,Madison County,OH,0.195,0.1963,0.2988,0.377,0.2319,3.0,5.1,6.8,0.9,15.3,3.4,11.2,2.6,3.0,18.7,15.0,12.9,77.2,25.2,10.8,13.3,31.7,70.8,36.8,2.0,0,0,0,0
39099,Mahoning County,OH,0.6179,0.559,0.7216,0.6128,0.5043,8.1,13.9,5.0,0.8,26.1,7.2,8.6,6.5,7.9,23.7,16.2,25.4,76.3,25.9,11.8,17.2,31.0,76.7,38.9,3.0,0,0,0,0
39101,Marion County,OH,0.6443,0.6007,0.6242,0.3802,0.7222,7.6,4.8,5.6,0.5,26.8,5.7,10.5,3.0,5.7,24.4,18.3,13.0,77.0,28.2,12.5,16.8,33.2,73.0,44.1,5.0,0,0,0,0
39103,Medina County,OH,0.0111,0.0207,0.0888,0.1861,0.0388,3.5,1.4,3.7,0.4,10.5,3.0,5.0,2.5,7.1,18.2,11.6,7.6,77.4,25.2,9.4,9.6,31.9,76.4,35.9,2.0,0,0,0,0
39105,Meigs County,OH,0.5848,0.7795,0.7149,0.015,0.3831,6.6,0.4,8.2,0.2,33.2,6.4,14.2,0.8,3.1,21.4,22.6,3.8,76.5,29.4,13.5,19.8,33.2,74.4,44.0,6.0,0,0,0,0
39107,Mercer County,OH,0.0223,0.0223,0.104,0.0627,0.1257,4.4,0.5,4.3,0.3,15.0,2.0,7.0,2.0,2.5,14.5,11.0,5.3,76.2,26.1,9.7,11.5,31.8,77.3,36.4,5.0,0,0,0,0
39109,Miami County,OH,0.0643,0.1034,0.2752,0.2444,0.0579,4.7,1.9,5.0,0.5,15.4,3.4,7.2,1.9,3.6,20.0,11.9,8.9,76.5,26.6,10.3,12.0,31.4,71.0,33.3,3.0,0,0,0,0
39111,Monroe County,OH,0.4263,0.483,0.4429,0.0299,0.5437,9.0,0.9,7.1,0.2,26.7,5.5,11.2,0.3,2.2,17.9,19.4,4.4,76.5,28.7,12.0,16.9,32.3,70.9,40.4,6.0,0,0,0,0
39113,Montgomery County,OH,0.6904,0.5803,0.6952,0.6752,0.686,9.0,20.4,6.9,1.1,23.5,5.9,8.3,3.4,9.4,26.1,15.1,30.7,79.1,26.7,12.5,15.8,29.0,76.5,37.4,3.0,0,0,0,0
39115,Morgan County,OH,0.5425,0.7101,0.483,0.2485,0.4372,5.7,3.2,7.2,0.2,30.6,4.9,13.5,1.0,0.8,24.0,21.2,9.0,77.4,28.3,12.3,16.7,33.0,72.3,41.0,6.0,0,0,0,0
39117,Morrow County,OH,0.1486,0.195,0.3366,0.0474,0.2011,4.5,0.7,10.0,0.4,16.7,2.6,10.3,1.7,1.1,16.1,16.4,4.9,77.2,26.7,11.0,13.4,31.7,73.2,39.4,2.0,0,0,0,0
39119,Muskingum County,OH,0.511,0.4989,0.4795,0.2587,0.636,6.9,3.2,6.1,0.3,24.2,4.6,9.6,1.3,4.2,25.3,16.1,9.2,79.4,29.0,12.0,15.0,34.4,74.6,43.9,5.0,0,0,0,0
39121,Noble County,OH,0.5902,0.5282,0.5307,0.119,0.8508,10.2,3.9,8.1,0.4,25.4,4.5,15.3,1.3,2.0,19.1,21.8,6.4,75.9,27.3,11.8,15.6,32.2,72.9,41.6,6.0,0,0,0,0
39123,Ottawa County,OH,0.105,0.0659,0.3306,0.2485,0.2027,3.9,0.9,4.5,0.3,14.0,3.4,6.9,5.3,4.2,18.7,15.6,9.0,76.2,25.9,9.6,11.0,32.9,75.7,37.9,4.0,0,0,0,0
39125,Paulding County,OH,0.1387,0.1658,0.7187,0.2399,0.0356,4.3,0.6,5.9,0.4,18.2,3.9,10.1,5.1,1.4,15.7,16.9,8.8,76.8,27.1,11.2,14.3,32.6,74.9,41.1,6.0,0,0,0,0
39127,Perry County,OH,0.3688,0.441,0.2803,0.0229,0.5889,7.3,0.3,7.5,0.1,23.5,4.9,12.0,1.0,3.8,18.4,18.1,4.2,76.6,28.2,11.6,15.5,32.7,72.5,38.1,2.0,0,0,0,0
39129,Pickaway County,OH,0.3592,0.3681,0.2488,0.2164,0.5867,6.0,3.6,5.5,0.3,19.6,4.1,12.3,1.6,1.6,22.7,15.6,8.1,77.1,27.4,11.1,14.1,32.1,70.0,39.6,2.0,0,0,0,0
39131,Pike County,OH,0.6701,0.7617,0.7229,0.0735,0.629,6.1,1.1,5.5,0.1,36.1,5.2,15.8,0.8,2.2,25.3,25.0,5.5,77.2,30.5,13.2,20.3,32.7,69.2,43.0,6.0,0,0,0,0
39133,Portage County,OH,0.3293,0.4006,0.029,0.3649,0.7337,7.1,4.6,5.5,0.4,19.5,5.6,7.1,2.1,9.9,25.6,12.9,12.4,77.6,25.1,10.5,12.6,31.6,72.9,34.0,3.0,0,0,0,0
39135,Preble County,OH,0.0328,0.1079,0.2313,0.0337,0.0153,4.1,0.7,5.4,0.1,16.6,3.4,8.0,1.1,1.4,18.1,15.0,4.5,76.4,27.5,10.5,12.9,31.1,73.7,39.4,6.0,0,0,0,0
39137,Putnam County,OH,0.0102,0.0025,0.1422,0.2364,0.0407,2.6,0.4,3.1,0.9,10.2,2.2,5.2,6.6,1.6,13.3,9.5,8.7,77.6,25.5,9.8,10.7,30.6,81.5,43.5,6.0,0,0,0,0
39139,Richland County,OH,0.5329,0.5208,0.3455,0.4407,0.679,7.6,7.7,6.7,0.3,23.5,4.8,10.4,2.1,5.5,24.2,16.0,15.5,76.2,27.3,12.1,16.4,32.0,69.3,39.2,4.0,0,0,0,0
39141,Ross County,OH,0.5931,0.6408,0.363,0.3322,0.7257,6.5,5.4,6.6,0.2,25.5,5.7,11.3,1.4,3.9,24.6,18.7,11.3,75.8,28.8,12.6,16.9,32.3,70.5,43.9,5.0,0,0,0,0
39143,Sandusky County,OH,0.2622,0.2466,0.4537,0.4779,0.2208,4.6,3.1,5.5,0.7,21.1,4.8,6.8,10.5,4.2,20.3,15.9,17.3,77.4,26.2,11.6,14.8,31.9,74.7,40.6,5.0,0,0,0,0
39145,Scioto County,OH,0.7474,0.8008,0.4575,0.1861,0.9049,7.2,2.7,6.0,0.1,35.4,7.5,12.4,1.6,4.5,25.0,23.2,7.6,78.9,30.4,12.9,19.2,33.0,69.0,44.7,5.0,0,0,0,0
39147,Seneca County,OH,0.2265,0.1607,0.2975,0.3322,0.4416,5.7,2.9,5.4,0.3,20.7,4.2,6.6,5.5,3.6,18.6,14.4,11.3,76.3,26.4,11.1,13.6,31.4,71.7,36.3,5.0,0,0,0,0
39149,Shelby County,OH,0.1467,0.1874,0.2778,0.2164,0.1855,4.0,2.0,4.4,0.4,18.4,4.9,8.8,1.6,4.0,18.3,13.5,8.1,76.3,26.7,10.9,13.8,31.4,73.9,39.5,5.0,0,0,0,0
39151,Stark County,OH,0.3147,0.2835,0.4088,0.4248,0.3742,6.8,7.4,5.9,0.4,21.5,4.3,7.3,2.3,6.1,22.0,14.0,14.8,76.4,26.4,11.1,14.0,32.4,71.4,40.5,3.0,0,0,0,0
39153,Summit County,OH,0.4407,0.3815,0.5237,0.6096,0.3843,7.8,13.9,5.7,1.5,20.2,5.3,7.5,2.4,10.9,24.1,13.4,25.1,79.1,26.8,11.4,14.4,31.7,71.6,37.5,3.0,0,0,0,0
39155,Trumbull County,OH,0.5533,0.56,0.6023,0.413,0.5183,8.0,7.8,7.0,0.4,27.2,4.8,10.4,2.0,6.0,22.9,17.2,14.3,77.4,27.2,12.1,17.3,32.1,76.7,39.8,3.0,0,0,0,0
39157,Tuscarawas County,OH,0.4216,0.5822,0.3723,0.1225,0.3898,7.1,0.6,8.6,0.7,21.9,5.5,11.2,3.4,3.0,22.6,15.1,6.5,76.9,26.2,11.0,15.2,30.1,73.5,43.4,5.0,0,0,0,0
39159,Union County,OH,0.0172,0.0089,0.0455,0.3723,0.1066,2.9,2.5,4.6,0.4,8.7,2.9,5.1,2.3,2.2,14.2,10.4,12.7,78.5,24.4,9.3,9.5,31.5,78.9,39.0,2.0,0,0,0,0
39161,Van Wert County,OH,0.0449,0.0608,0.4015,0.1753,0.0299,4.2,0.7,3.7,0.3,15.9,3.8,7.3,3.9,2.0,16.0,14.1,7.4,76.6,27.1,10.6,13.0,30.5,75.2,37.4,5.0,0,0,0,0
39163,Vinton County,OH,0.3595,0.4979,0.5291,0.0169,0.2765,4.5,0.1,7.7,0.2,30.4,3.6,19.7,0.2,1.1,15.2,23.2,3.9,76.3,29.4,12.3,17.9,33.0,66.9,39.7,6.0,0,0,0,0
39165,Warren County,OH,0.0461,0.0102,0.1339,0.4569,0.1689,2.6,3.4,3.7,0.8,9.0,3.0,5.2,3.1,6.2,16.3,10.7,16.2,77.9,23.3,9.4,9.3,30.7,79.1,32.1,2.0,0,0,0,0
39167,Washington County,OH,0.3274,0.454,0.2628,0.0881,0.4388,5.2,1.1,6.7,0.2,23.3,5.2,8.2,1.1,3.7,22.8,16.5,5.8,77.9,27.5,10.8,13.6,30.9,73.3,43.9,5.0,0,0,0,0
39169,Wayne County,OH,0.4123,0.392,0.244,0.1457,0.7413,10.0,1.3,14.1,1.0,17.1,3.3,13.5,2.1,3.1,18.5,12.5,6.9,76.3,26.5,10.8,13.8,31.6,72.4,38.0,5.0,0,0,0,0
39171,Williams County,OH,0.1785,0.1903,0.4585,0.2323,0.1635,4.5,1.2,5.4,0.5,20.0,3.5,8.9,5.0,2.2,19.6,17.5,8.6,76.2,27.1,11.6,14.8,32.1,75.6,40.7,6.0,0,0,0,0
39173,Wood County,OH,0.1562,0.2164,0.022,0.3818,0.4741,4.3,1.9,4.4,0.5,19.4,4.9,5.2,6.0,11.2,22.6,11.9,13.1,78.6,27.8,10.2,11.7,31.1,76.2,38.9,3.0,0,0,0,0
39175,Wyandot County,OH,0.0487,0.021,0.4263,0.0821,0.1177,4.6,0.2,3.6,0.4,15.1,2.8,6.0,3.2,3.6,15.7,13.8,5.7,76.7,26.1,10.2,11.9,30.5,76.3,35.5,6.0,0,0,0,0
40001,Adair County,OK,0.9472,0.9348,0.9039,0.9284,0.7967,10.1,0.3,23.2,0.7,36.6,6.4,18.2,7.6,1.0,20.7,21.1,61.7,76.1,27.0,15.2,31.4,34.5,60.6,46.1,6.0,0,1,0,1
40003,Alfalfa County,OK,0.3048,0.2953,0.377,0.5119,0.3051,1.9,3.5,10.4,0.7,17.7,4.0,12.6,6.6,0.4,11.4,17.1,19.0,75.1,23.9,11.1,16.4,33.8,69.2,39.6,6.0,0,1,0,0
40005,Atoka County,OK,0.8556,0.8199,0.7076,0.6949,0.8718,7.0,3.2,19.4,1.1,29.4,5.6,17.3,4.2,0.2,19.0,23.4,32.2,74.6,25.6,12.7,23.0,33.9,64.9,40.4,6.0,0,1,0,1
40007,Beaver County,OK,0.4034,0.3309,0.9332,0.6936,0.0595,2.5,0.4,16.1,4.0,18.7,1.9,14.5,26.4,0.0,12.0,15.9,32.1,76.1,24.0,11.3,19.3,34.3,70.2,39.0,6.0,0,1,0,0
40009,Beckham County,OK,0.8403,0.8473,0.3045,0.6287,0.9698,5.6,5.5,13.7,0.3,30.3,6.2,15.2,16.0,6.3,21.0,13.8,26.8,75.3,24.5,12.4,22.7,34.1,65.0,40.1,5.0,0,1,0,1
40011,Blaine County,OK,0.7553,0.7009,0.9621,0.6701,0.3656,2.2,4.4,12.7,3.0,24.2,6.8,17.4,13.6,1.1,14.8,17.2,30.3,76.6,25.9,11.4,19.3,34.3,68.2,38.4,6.0,0,1,0,1
40013,Bryan County,OK,0.8416,0.8209,0.7506,0.6764,0.7747,5.2,1.9,19.4,0.7,29.7,4.8,12.8,6.9,3.5,23.1,19.7,30.8,77.2,27.6,12.0,21.1,35.4,64.8,40.4,5.0,0,1,0,1
40015,Caddo County,OK,0.8705,0.7601,0.8801,0.8304,0.8171,8.1,3.2,18.5,3.1,31.0,6.0,13.4,15.0,0.8,16.3,19.6,44.9,75.8,24.4,13.9,25.2,33.1,64.2,40.3,6.0,0,1,0,1
40017,Canadian County,OK,0.3433,0.245,0.5253,0.6316,0.3248,3.3,3.5,9.5,1.4,13.7,4.1,8.0,10.5,4.5,20.1,13.2,27.0,77.8,24.9,9.9,13.7,33.8,69.5,38.6,2.0,0,1,0,0
40019,Carter County,OK,0.7751,0.6532,0.9707,0.6971,0.4652,5.1,6.1,15.6,1.3,26.0,4.2,12.6,8.5,2.2,20.5,21.6,32.4,77.0,26.2,11.9,20.2,34.1,66.9,39.7,5.0,0,1,0,1
40021,Cherokee County,OK,0.9236,0.847,0.7241,0.8899,0.9669,6.5,1.2,19.9,1.0,31.4,5.6,11.6,7.9,4.6,22.4,20.8,54.5,77.6,25.9,13.1,23.2,33.1,62.9,44.4,5.0,0,1,0,1
40023,Choctaw County,OK,0.9485,0.9367,0.9567,0.797,0.7588,8.3,9.5,16.7,0.3,34.3,6.9,15.6,5.3,4.2,22.7,26.0,41.5,76.7,26.8,13.8,26.2,33.7,64.3,45.5,6.0,0,1,0,1
40025,Cimarron County,OK,0.3134,0.2587,0.9647,0.6656,0.015,3.2,0.1,18.6,2.2,16.4,0.2,12.5,23.9,0.3,7.8,26.2,30.1,76.0,23.6,10.1,16.0,33.4,73.9,38.4,6.0,0,1,0,0
40027,Cleveland County,OK,0.5527,0.4954,0.3404,0.6752,0.6694,4.1,4.6,10.0,1.3,20.7,4.7,7.8,9.6,9.9,24.5,14.6,30.7,77.2,25.5,10.7,15.6,34.9,69.1,37.6,2.0,0,1,0,0
40029,Coal County,OK,0.8358,0.8314,0.9373,0.7226,0.4753,6.4,0.2,23.4,0.7,37.8,5.6,16.3,5.2,0.6,17.0,24.7,34.9,76.0,29.0,13.9,27.0,34.9,65.1,42.9,6.0,0,1,0,1
40031,Comanche County,OK,0.9211,0.8129,0.8899,0.8346,0.9345,8.3,14.4,12.9,1.0,26.8,6.6,9.7,14.2,7.4,25.1,20.9,45.3,78.0,25.0,12.7,21.4,33.5,72.1,43.7,4.0,0,1,0,1
40033,Cotton County,OK,0.3859,0.4976,0.3274,0.6233,0.21,7.1,1.8,10.6,0.1,29.4,2.2,16.0,9.2,0.3,17.7,24.3,26.4,76.0,27.1,12.1,20.8,34.4,67.5,42.9,4.0,0,1,0,0
40035,Craig County,OK,0.9316,0.8333,0.936,0.7798,0.91,5.2,3.4,17.0,1.1,34.0,4.6,15.0,4.8,4.5,22.0,21.9,39.6,76.2,27.1,13.2,25.0,34.8,65.5,41.9,6.0,0,1,0,1
40037,Creek County,OK,0.5205,0.4076,0.5358,0.6185,0.5714,4.6,2.0,11.8,0.6,22.5,3.7,9.7,4.9,2.7,19.3,15.1,25.8,76.9,26.0,11.2,18.1,34.7,70.7,39.7,2.0,0,1,0,0
40039,Custer County,OK,0.7607,0.6332,0.756,0.7089,0.7528,4.0,3.2,10.4,2.9,29.1,2.9,11.9,19.2,7.2,24.9,12.5,33.5,75.8,26.0,11.8,19.4,32.2,67.7,43.1,5.0,0,1,0,1
40041,Delaware County,OK,0.7878,0.8326,0.7222,0.7474,0.5326,4.3,0.4,16.5,0.5,30.9,5.2,14.1,4.2,1.6,22.1,21.9,37.1,76.1,27.5,12.5,23.5,35.9,64.1,38.0,6.0,0,1,0,1
40043,Dewey County,OK,0.3347,0.4318,0.3649,0.5326,0.1982,2.5,0.0,15.4,0.0,25.1,5.2,6.9,7.8,0.0,13.5,18.8,20.2,76.0,26.1,11.0,17.7,33.9,68.9,38.4,6.0,0,1,0,0
40045,Ellis County,OK,0.5323,0.671,0.8218,0.4273,0.1413,5.2,0.2,14.5,1.3,22.9,8.8,13.5,8.0,0.8,13.7,20.8,14.9,75.7,26.2,10.6,16.7,34.3,67.2,40.1,6.0,0,1,0,0
40047,Garfield County,OK,0.7706,0.6783,0.9303,0.6402,0.5517,4.1,2.0,14.6,1.7,23.4,4.6,13.2,13.8,5.0,21.7,17.8,27.9,76.7,23.5,11.3,18.5,35.6,67.6,42.1,4.0,0,1,0,1
40049,Garvin County,OK,0.546,0.5336,0.8689,0.6328,0.1931,4.0,1.9,16.7,0.9,27.5,2.8,12.7,10.1,1.6,18.1,16.4,27.1,76.2,26.9,11.9,20.7,33.5,69.1,38.5,6.0,0,1,0,0
40051,Grady County,OK,0.434,0.3637,0.4368,0.5326,0.4983,4.0,2.2,12.6,0.6,18.0,5.0,9.4,6.4,3.0,16.0,17.9,20.2,76.1,24.7,10.3,15.9,33.5,67.8,38.3,2.0,0,1,0,0
40053,Grant County,OK,0.2208,0.2714,0.4413,0.4273,0.1225,3.0,2.2,10.7,0.1,25.1,3.4,8.0,5.8,0.6,10.5,17.9,14.9,76.3,26.1,10.4,16.3,33.5,68.2,36.5,6.0,0,1,0,0
40055,Greer County,OK,0.727,0.7353,0.5177,0.6287,0.7162,8.1,5.2,13.2,0.3,24.9,5.8,18.4,12.7,0.7,18.3,21.6,26.8,75.3,24.4,11.6,18.9,33.8,65.9,42.2,6.0,0,1,0,0
40057,Harmon County,OK,0.7572,0.8807,0.7779,0.8508,0.2428,5.2,10.0,18.5,1.9,32.8,7.4,20.0,31.8,1.9,16.4,18.5,46.7,76.6,24.4,13.8,25.9,34.7,66.6,42.7,6.0,0,1,0,1
40059,Harper County,OK,0.4028,0.3089,0.8489,0.6487,0.146,1.7,0.0,11.5,5.1,25.2,2.6,9.8,24.2,0.0,13.7,18.1,28.6,75.8,24.5,11.2,18.8,34.1,65.3,39.3,6.0,0,1,0,0
40061,Haskell County,OK,0.8387,0.916,0.9166,0.686,0.3866,5.4,0.5,18.2,0.6,33.3,7.7,15.5,5.1,0.7,20.4,23.4,31.5,76.3,26.8,12.4,22.7,34.3,63.4,42.3,6.0,0,1,0,1
40063,Hughes County,OK,0.7945,0.7999,0.727,0.776,0.6096,4.7,4.0,19.0,0.7,33.4,6.3,15.8,6.2,0.8,13.7,20.3,39.5,75.8,25.8,13.4,25.1,34.4,58.8,42.2,6.0,0,1,0,1
40065,Jackson County,OK,0.6981,0.6831,0.7646,0.7706,0.4451,6.4,5.8,13.4,1.5,24.5,4.2,14.1,25.4,6.1,22.3,15.5,39.1,76.5,25.0,12.2,20.5,34.1,69.9,41.1,5.0,0,1,0,0
40067,Jefferson County,OK,0.8056,0.7232,0.992,0.5978,0.398,8.4,1.9,14.8,0.5,35.2,4.3,15.2,11.5,0.3,18.3,26.3,24.4,75.7,27.0,12.8,23.4,34.9,65.7,41.2,6.0,0,1,0,1
40069,Johnston County,OK,0.875,0.7611,0.9154,0.7016,0.8556,6.8,2.2,16.2,0.3,36.2,5.5,11.9,6.1,0.4,18.2,25.3,32.8,76.1,27.9,13.2,23.8,34.1,66.6,40.2,6.0,0,1,0,1
40071,Kay County,OK,0.8549,0.8053,0.957,0.6449,0.6341,6.5,1.8,13.0,0.6,30.1,6.2,10.6,8.8,4.2,22.7,19.0,28.2,75.5,27.6,11.9,20.1,34.1,65.2,43.1,5.0,0,1,0,1
40073,Kingfisher County,OK,0.398,0.3153,0.7117,0.6166,0.2297,3.2,0.7,15.0,3.4,18.8,2.5,9.0,16.9,1.3,19.2,12.7,25.6,75.5,24.3,10.3,16.5,34.2,65.8,37.2,6.0,0,1,0,0
40075,Kiowa County,OK,0.741,0.7763,0.9475,0.6373,0.2577,2.8,3.6,13.0,0.5,36.2,4.4,14.4,12.1,2.3,21.1,22.0,27.6,76.2,26.9,13.1,23.5,34.3,62.8,42.8,6.0,0,1,0,0
40077,Latimer County,OK,0.8396,0.8816,0.6672,0.7655,0.7038,3.9,1.2,20.1,0.2,32.2,7.8,14.5,4.9,1.8,18.9,21.9,38.7,75.3,27.8,13.8,26.9,34.9,65.0,43.1,6.0,0,1,0,1
40079,Le Flore County,OK,0.924,0.8899,0.972,0.6742,0.7566,5.9,1.9,19.0,1.6,33.8,5.2,15.1,7.6,1.8,22.5,21.2,30.6,76.5,26.7,13.0,23.6,35.0,65.7,40.4,6.0,0,1,0,1
40081,Lincoln County,OK,0.4101,0.4362,0.651,0.5183,0.196,2.9,1.8,12.9,0.2,24.4,3.0,10.9,3.7,0.4,18.6,20.2,19.3,75.9,26.8,11.4,19.2,34.1,65.4,43.9,2.0,0,1,0,0
40083,Logan County,OK,0.3003,0.2418,0.2374,0.5829,0.4699,3.2,7.2,12.5,0.6,19.5,2.9,8.2,7.3,1.0,16.6,15.6,23.5,77.0,25.3,10.3,15.5,34.0,69.5,40.2,2.0,0,1,0,0
40085,Love County,OK,0.7961,0.7019,0.9367,0.686,0.5752,3.6,2.0,15.2,2.1,25.4,5.4,16.1,17.3,3.9,17.3,22.2,31.5,76.0,25.8,12.2,21.0,33.9,70.7,38.8,6.0,0,1,0,1
40087,McClain County,OK,0.2991,0.3061,0.5479,0.574,0.1619,1.3,1.0,10.6,1.3,15.5,4.1,11.1,8.8,2.3,18.0,14.3,22.9,76.1,25.8,9.8,14.7,34.0,71.5,38.1,2.0,0,1,0,0
40089,McCurtain County,OK,0.8976,0.7906,0.9819,0.7859,0.6971,7.8,7.7,20.4,1.2,34.1,4.9,15.0,6.6,1.7,18.5,21.7,40.2,76.6,26.4,13.3,25.0,34.1,66.3,42.7,6.0,0,1,0,1
40091,McIntosh County,OK,0.7528,0.7986,0.6694,0.706,0.5418,5.2,2.5,23.9,0.2,34.9,4.0,13.6,3.2,0.2,21.6,23.5,33.2,76.7,28.3,13.2,25.0,34.7,63.2,44.9,6.0,0,1,0,1
40093,Major County,OK,0.3579,0.1893,0.8654,0.4741,0.2491,3.5,0.0,10.9,1.3,19.7,1.8,9.3,10.3,1.4,13.4,17.4,17.1,75.0,25.8,10.5,16.6,33.5,68.8,42.2,6.0,0,1,0,0
40095,Marshall County,OK,0.8769,0.868,0.9946,0.7442,0.3843,4.1,1.0,19.0,3.8,30.7,5.8,18.1,18.7,0.5,19.8,23.0,36.7,76.0,26.2,12.2,22.6,34.0,65.3,39.7,6.0,0,1,0,1
40097,Mayes County,OK,0.7499,0.7394,0.8269,0.7474,0.4788,4.4,0.4,16.0,0.3,28.0,5.9,10.8,4.0,2.1,19.9,23.9,37.1,76.5,26.1,12.1,21.8,35.0,67.5,41.6,6.0,0,1,0,0
40099,Murray County,OK,0.5775,0.4397,0.6879,0.6656,0.581,3.4,1.2,12.7,0.2,22.9,2.1,13.2,7.4,1.4,19.3,23.3,30.1,76.6,26.1,11.3,19.4,33.0,66.9,41.6,6.0,0,1,0,0
40101,Muskogee County,OK,0.9774,0.8886,0.9427,0.8403,0.9882,7.8,9.9,15.5,0.7,31.1,5.7,13.1,7.1,6.9,24.2,22.1,45.8,77.4,26.8,13.4,24.4,33.9,66.1,41.7,5.0,0,1,0,1
40103,Noble County,OK,0.4458,0.2431,0.8743,0.5326,0.3538,1.6,1.1,8.3,0.8,21.0,4.0,9.7,4.4,1.0,12.5,18.3,20.2,76.9,26.9,10.5,16.5,33.9,68.4,41.8,6.0,0,1,0,0
40105,Nowata County,OK,0.6529,0.6004,0.6895,0.7276,0.518,5.6,1.5,16.6,0.2,27.6,4.3,10.0,3.9,0.5,19.6,18.6,35.3,76.8,27.0,12.3,21.3,33.6,64.0,40.3,6.0,0,1,0,0
40107,Okfuskee County,OK,0.8715,0.8037,0.783,0.7843,0.8632,6.9,6.4,16.0,0.3,39.9,3.5,16.6,4.6,0.3,21.8,21.4,40.1,75.7,26.6,14.7,28.6,34.8,64.2,45.6,6.0,0,1,0,1
40109,Oklahoma County,OK,0.8431,0.7801,0.8454,0.8403,0.7012,6.2,14.4,14.0,3.6,25.3,4.6,11.5,18.3,12.1,27.5,14.0,45.8,77.6,25.1,12.0,18.9,33.4,74.2,37.9,1.0,0,1,0,0
40111,Okmulgee County,OK,0.922,0.8928,0.8495,0.7646,0.9033,6.5,7.4,15.3,0.3,31.5,7.2,12.8,4.7,2.6,22.3,22.4,38.6,76.6,26.7,13.2,22.9,34.5,64.0,45.3,2.0,0,1,0,1
40113,Osage County,OK,0.6207,0.5997,0.4477,0.7537,0.5896,4.1,10.6,12.5,0.3,22.8,5.6,10.5,4.2,1.7,20.0,19.7,37.5,77.4,25.4,11.4,19.5,32.5,66.1,46.4,2.0,0,1,0,0
40115,Ottawa County,OK,0.9252,0.8015,0.9717,0.7458,0.8756,5.6,1.1,17.2,1.1,33.7,3.8,13.3,6.1,4.6,23.5,20.8,36.9,76.2,27.9,13.2,23.9,34.2,67.1,42.3,5.0,0,1,0,1
40117,Pawnee County,OK,0.4979,0.4636,0.5227,0.6083,0.4464,3.3,0.5,14.2,0.3,23.8,3.5,12.3,3.8,1.2,16.6,17.1,25.0,76.2,27.4,11.5,19.8,33.6,68.1,39.6,2.0,0,1,0,0
40119,Payne County,OK,0.6408,0.7693,0.0445,0.5969,0.8842,5.6,3.8,11.9,0.7,33.4,4.8,6.9,5.0,15.1,36.4,13.0,24.3,77.0,25.3,11.7,18.1,33.5,66.0,38.0,5.0,0,1,0,0
40121,Pittsburg County,OK,0.868,0.8702,0.8104,0.6949,0.7572,7.1,2.3,16.1,0.6,29.5,6.3,13.3,5.8,2.2,22.4,23.1,32.2,76.6,26.1,11.8,21.2,33.9,68.4,40.3,5.0,0,1,0,1
40123,Pontotoc County,OK,0.6561,0.5498,0.6316,0.7391,0.6472,6.4,2.3,17.7,0.4,23.5,4.3,10.5,6.0,3.3,19.3,15.8,36.3,77.1,26.0,10.9,17.7,33.4,65.9,40.3,5.0,0,1,0,0
40125,Pottawatomie County,OK,0.7496,0.7267,0.6691,0.6561,0.6965,4.8,3.2,13.3,0.5,25.7,5.8,11.4,5.8,2.7,21.2,18.9,29.3,78.1,26.5,11.5,19.4,34.8,66.2,41.4,5.0,0,1,0,0
40127,Pushmataha County,OK,0.8896,0.978,0.8326,0.6764,0.5453,8.8,1.2,21.7,0.2,38.2,9.0,15.9,4.3,1.3,23.5,30.1,30.8,75.9,28.9,13.7,26.1,34.9,67.3,39.1,6.0,0,1,0,1
40129,Roger Mills County,OK,0.2835,0.4664,0.7671,0.5065,0.0102,0.9,0.1,12.8,0.9,28.2,4.7,7.5,8.0,0.0,16.9,18.8,18.7,76.7,26.3,11.3,18.0,34.2,67.6,40.6,6.0,0,1,0,0
40131,Rogers County,OK,0.3878,0.3255,0.4712,0.6634,0.3331,2.7,0.9,11.8,0.7,16.1,4.7,7.8,5.3,3.0,19.3,16.6,29.9,76.0,25.4,10.6,15.3,32.9,69.6,39.9,2.0,0,1,0,0
40133,Seminole County,OK,0.9523,0.9542,0.9179,0.7502,0.8244,7.0,4.1,20.5,0.4,37.7,7.2,14.7,5.7,1.8,23.1,23.8,37.3,77.0,28.7,13.7,26.7,35.7,63.9,45.4,6.0,0,1,0,1
40135,Sequoyah County,OK,0.8183,0.8912,0.8247,0.7693,0.4426,4.7,1.7,18.8,0.4,34.5,5.2,16.5,4.9,1.2,21.8,23.6,39.0,76.8,28.0,13.7,25.9,34.4,65.1,47.1,4.0,0,1,0,1
40137,Stephens County,OK,0.6892,0.7114,0.8871,0.5476,0.349,6.7,1.5,14.2,0.8,27.0,4.9,11.3,8.4,3.0,21.5,21.6,21.4,76.7,26.8,11.4,19.8,33.6,65.9,39.2,5.0,0,1,0,0
40139,Texas County,OK,0.9084,0.8562,0.8476,0.9112,0.8368,3.7,6.1,18.3,9.0,32.3,2.7,24.6,47.8,6.0,24.9,12.0,58.4,74.7,22.2,13.2,25.7,34.6,67.2,44.5,5.0,0,1,0,1
40141,Tillman County,OK,0.9125,0.8597,0.9994,0.805,0.4639,7.9,6.5,13.3,3.4,29.8,5.9,20.5,28.6,0.2,20.5,24.8,42.5,75.9,24.7,12.9,23.2,34.3,67.3,44.2,6.0,0,1,0,1
40143,Tulsa County,OK,0.7846,0.7547,0.7871,0.7859,0.6039,6.2,9.7,13.9,3.1,23.7,5.3,10.1,13.7,15.5,25.9,13.6,40.2,75.8,27.5,10.8,18.4,31.8,72.2,35.9,1.0,0,1,0,0
40145,Wagoner County,OK,0.4489,0.3338,0.7875,0.6806,0.2463,2.6,3.4,11.6,1.2,15.9,4.9,8.4,7.3,3.1,18.6,18.3,31.2,76.3,25.2,10.3,15.4,32.5,69.7,35.8,2.0,0,1,0,0
40147,Washington County,OK,0.5867,0.5342,0.9058,0.6487,0.2402,4.7,2.6,12.3,1.1,26.0,3.8,8.5,6.6,4.6,22.3,17.5,28.6,76.4,27.7,11.0,17.8,33.1,66.8,42.7,5.0,0,1,0,0
40149,Washita County,OK,0.5947,0.602,0.8571,0.504,0.2902,3.5,1.4,13.7,0.4,22.9,5.8,10.9,10.5,2.0,18.7,20.5,18.6,75.9,26.3,10.8,17.7,34.0,66.9,39.5,5.0,0,1,0,0
40151,Woods County,OK,0.5584,0.6048,0.1674,0.4839,0.7649,9.7,3.0,9.7,1.1,27.0,5.0,10.1,7.5,6.6,21.7,15.9,17.5,76.6,26.6,10.7,16.2,34.7,70.1,39.0,6.0,0,1,0,0
40153,Woodward County,OK,0.7611,0.6647,0.8845,0.5644,0.6484,3.8,1.6,16.1,2.2,26.5,5.3,12.8,13.9,4.9,17.4,18.0,22.3,75.4,24.7,10.7,17.8,33.2,64.3,41.6,5.0,0,1,0,1
41001,Baker County,OR,0.4811,0.5078,0.4508,0.3166,0.5234,4.8,1.2,6.2,0.2,24.2,5.5,8.6,4.9,4.2,23.9,22.6,10.9,70.7,28.0,9.8,15.8,29.3,73.8,37.8,5.0,0,0,1,0
41003,Benton County,OR,0.5005,0.5399,0.0277,0.5488,0.8918,7.7,1.1,5.3,1.6,25.6,6.8,4.0,8.1,14.1,32.0,11.9,21.5,71.4,26.8,9.3,15.8,29.6,77.3,28.3,4.0,0,0,1,0
41005,Clackamas County,OR,0.3023,0.2377,0.3172,0.5437,0.4273,4.9,0.8,5.3,1.6,12.7,5.0,5.6,9.3,12.0,25.5,12.6,21.0,70.8,28.7,8.6,15.8,27.8,78.0,33.7,2.0,0,0,1,0
41007,Clatsop County,OR,0.5813,0.4903,0.5434,0.4913,0.7149,8.6,0.9,8.4,1.3,18.8,4.8,7.8,9.1,7.6,28.4,19.5,17.8,70.9,28.3,9.5,15.8,29.2,73.9,34.8,5.0,0,0,1,0
41009,Columbia County,OR,0.2453,0.2943,0.1823,0.4117,0.3096,4.4,0.4,5.1,0.2,16.2,4.5,9.4,6.0,2.9,23.8,16.6,14.2,68.7,28.6,9.6,15.8,28.2,75.8,33.1,2.0,0,0,1,0
41011,Coos County,OR,0.7661,0.6796,0.6942,0.4636,0.8616,6.5,0.4,6.4,1.1,26.3,5.8,10.0,7.1,5.9,28.6,22.9,16.6,70.7,28.8,10.2,15.8,29.1,73.9,34.2,5.0,0,0,1,1
41013,Crook County,OR,0.356,0.3293,0.6551,0.3847,0.2529,3.7,0.3,7.5,0.5,15.2,4.1,9.7,8.0,2.8,23.2,18.3,13.3,70.0,28.6,9.2,15.8,28.5,76.8,36.0,3.0,0,0,1,0
41015,Curry County,OR,0.6067,0.5387,0.6516,0.4518,0.6519,4.4,0.4,5.3,1.0,21.0,7.2,8.9,7.8,4.6,25.9,21.6,15.9,68.9,28.8,9.9,15.8,28.8,76.0,38.6,5.0,0,0,1,0
41017,Deschutes County,OR,0.2634,0.3662,0.1562,0.4222,0.287,4.2,0.4,7.1,0.8,16.4,5.2,5.7,8.5,5.9,27.2,12.0,14.7,72.1,25.9,8.2,15.8,28.9,79.3,26.8,3.0,0,0,1,0
41019,Douglas County,OR,0.6487,0.5969,0.7089,0.4165,0.6586,5.1,0.3,5.8,0.5,24.5,6.1,8.7,6.3,3.3,27.5,20.8,14.5,71.0,29.4,10.5,15.8,30.7,74.7,37.8,5.0,0,0,1,0
41021,Gilliam County,OR,0.5282,0.6357,0.2867,0.4569,0.5301,7.2,0.0,5.9,0.4,23.2,6.3,10.2,8.4,3.1,28.1,16.6,16.2,69.5,29.2,10.2,15.8,29.4,75.4,35.8,6.0,0,0,1,0
41023,Grant County,OR,0.5784,0.7343,0.5326,0.342,0.4222,3.5,0.1,8.7,0.8,24.2,7.5,10.9,4.3,1.6,24.1,22.9,11.6,69.1,28.9,10.0,15.8,29.3,73.3,33.9,6.0,0,0,1,0
41025,Harney County,OR,0.8034,0.5737,0.7232,0.4273,0.9892,6.4,0.3,7.9,0.5,28.3,5.4,8.8,5.5,7.3,22.0,21.9,14.9,69.0,29.6,11.0,15.8,29.9,72.1,39.0,6.0,0,0,1,1
41027,Hood River County,OR,0.7111,0.44,0.6045,0.7537,0.9306,5.4,0.9,9.2,8.1,14.9,3.3,15.9,30.8,6.8,22.9,12.1,37.5,69.6,24.8,9.4,15.8,28.7,79.1,31.3,5.0,0,0,1,0
41029,Jackson County,OR,0.7025,0.5937,0.6067,0.552,0.8139,5.4,0.6,6.3,1.4,23.1,5.5,9.0,14.0,7.6,30.2,16.0,21.7,71.8,27.9,10.0,15.8,28.4,75.0,33.0,4.0,0,0,1,0
41031,Jefferson County,OR,0.9278,0.7827,0.9774,0.8043,0.8727,4.9,0.7,9.5,1.6,23.0,7.0,12.1,20.8,2.3,26.2,20.1,42.4,69.6,26.4,11.0,15.8,29.0,75.6,35.5,3.0,0,0,1,1
41033,Josephine County,OR,0.7817,0.8151,0.805,0.4378,0.6376,4.7,0.5,7.7,0.7,29.6,8.1,9.0,8.1,2.9,32.9,21.1,15.4,69.7,29.3,10.8,15.8,30.0,72.8,34.0,4.0,0,0,1,1
41035,Klamath County,OR,0.8438,0.8276,0.9125,0.6045,0.6417,5.1,0.6,8.5,1.4,27.8,7.6,10.7,14.2,5.2,29.0,19.6,24.8,69.9,28.8,11.2,15.8,29.9,74.7,38.1,5.0,0,0,1,1
41037,Lake County,OR,0.8517,0.7824,0.6729,0.4913,0.9688,7.7,0.3,7.0,2.6,29.0,7.7,13.0,9.4,1.8,23.7,18.9,17.8,69.7,28.1,11.0,15.8,29.5,67.9,37.5,6.0,0,0,1,1
41039,Lane County,OR,0.7375,0.6522,0.4903,0.5294,0.9157,7.4,1.0,6.6,1.0,25.3,6.7,7.2,9.6,11.7,32.5,17.2,20.0,69.9,28.3,9.3,15.8,30.5,74.9,35.2,3.0,0,0,1,0
41041,Lincoln County,OR,0.7165,0.7127,0.8517,0.5294,0.4814,4.8,0.3,8.9,1.8,24.0,7.7,7.2,9.8,4.5,28.7,22.4,20.0,70.3,29.2,10.1,15.8,29.3,75.6,35.7,5.0,0,0,1,0
41043,Linn County,OR,0.6586,0.6347,0.6195,0.4779,0.6758,4.4,0.4,7.4,1.3,21.3,6.2,9.2,9.9,6.8,29.3,18.2,17.3,70.8,31.6,10.1,15.8,27.9,73.3,40.1,4.0,0,0,1,0
41045,Malheur County,OR,0.9908,0.937,0.951,0.7878,0.9949,5.8,0.8,10.3,5.3,35.1,6.2,18.6,35.0,6.1,26.2,16.2,40.3,68.9,25.3,12.5,15.8,30.3,70.7,41.6,5.0,0,0,1,1
41047,Marion County,OR,0.902,0.7773,0.8641,0.7502,0.95,6.2,1.1,8.7,5.3,22.9,5.4,14.3,27.8,11.5,30.9,15.5,37.3,70.9,27.7,11.3,15.8,30.4,73.7,43.6,3.0,0,0,1,1
41049,Morrow County,OR,0.7735,0.609,0.937,0.8101,0.5612,1.5,0.7,8.2,10.5,30.6,3.2,23.2,38.3,4.0,20.2,16.7,43.1,69.0,26.5,12.7,15.8,29.4,70.0,39.4,5.0,0,0,1,1
41051,Multnomah County,OR,0.5927,0.5037,0.105,0.6993,0.9345,12.5,5.3,6.3,3.9,19.7,5.5,7.7,12.3,25.9,31.3,13.2,32.6,70.3,29.9,9.1,15.8,30.6,78.2,28.5,1.0,0,0,1,0
41053,Polk County,OR,0.6395,0.4626,0.7792,0.5978,0.6828,5.1,0.6,5.2,1.7,19.9,5.3,8.2,15.1,8.8,29.6,15.9,24.4,69.3,27.8,9.6,15.8,29.5,75.6,33.4,3.0,0,0,1,0
41055,Sherman County,OR,0.3376,0.3204,0.4773,0.377,0.3503,7.4,0.4,3.6,0.6,24.9,2.2,11.8,5.1,2.3,23.6,23.8,12.9,69.9,28.9,10.4,15.8,29.8,75.4,36.7,6.0,0,0,1,0
41057,Tillamook County,OR,0.6507,0.4795,0.8256,0.4839,0.6955,4.9,0.5,4.7,1.8,20.9,5.2,9.3,10.8,2.4,30.1,21.4,17.5,70.1,27.6,9.7,15.8,28.6,76.6,32.1,6.0,0,0,1,0
41059,Umatilla County,OR,0.9259,0.6697,0.9625,0.7448,0.9854,5.5,0.8,6.3,4.0,22.2,6.7,15.5,28.0,8.1,23.3,17.5,36.8,70.7,23.8,11.4,15.8,28.7,76.7,37.9,5.0,0,0,1,1
41061,Union County,OR,0.7187,0.581,0.5285,0.3675,0.9542,7.4,0.9,7.3,0.4,25.5,6.3,7.2,5.2,7.0,24.6,17.1,12.5,70.4,28.7,10.1,15.8,29.2,74.2,36.8,5.0,0,0,1,0
41063,Wallowa County,OR,0.4461,0.2354,0.6822,0.2879,0.6888,5.0,1.0,8.1,0.7,16.5,6.0,6.7,3.8,3.7,16.1,16.7,10.0,71.0,28.4,8.7,15.8,29.1,76.3,34.1,6.0,0,0,1,0
41065,Wasco County,OR,0.8937,0.7623,0.769,0.6402,0.9873,6.6,0.3,8.7,3.3,24.3,7.1,13.6,19.9,5.6,23.5,18.5,27.9,69.6,27.6,10.9,15.8,29.7,75.7,38.0,5.0,0,0,1,1
41067,Washington County,OR,0.3703,0.2724,0.1779,0.7502,0.5676,5.6,2.2,5.5,3.6,13.5,4.6,7.1,17.4,17.0,26.4,10.6,37.3,69.4,25.1,9.2,15.8,30.7,82.0,32.0,2.0,0,0,1,0
41069,Wheeler County,OR,0.2479,0.4267,0.2771,0.3977,0.1171,3.2,0.0,3.5,0.1,25.1,5.4,8.4,6.1,1.4,23.9,24.3,13.8,69.9,29.1,10.6,15.8,29.3,77.8,36.9,6.0,0,0,1,0
41071,Yamhill County,OR,0.7232,0.4534,0.6863,0.6102,0.9424,5.5,0.6,6.4,3.1,18.5,4.1,10.1,16.6,7.6,30.1,16.4,25.2,70.3,25.6,9.7,15.8,28.3,73.3,37.3,2.0,0,0,1,0
42001,Adams County,PA,0.21,0.2135,0.3108,0.3535,0.252,4.7,1.4,6.0,1.2,13.7,3.4,9.7,7.3,2.0,22.4,14.5,12.0,75.4,23.9,10.7,15.8,32.2,73.4,38.2,4.0,1,0,0,0
42003,Allegheny County,PA,0.314,0.2011,0.2221,0.5759,0.6004,12.7,12.6,3.9,0.9,17.5,4.9,4.8,2.4,14.2,23.6,13.7,23.0,75.4,23.9,10.7,15.8,32.2,79.5,38.2,1.0,1,0,0,0
42005,Armstrong County,PA,0.132,0.1791,0.167,0.0191,0.2914,7.2,1.1,4.1,0.3,19.0,5.1,7.6,0.9,3.4,18.7,16.8,4.0,75.4,23.9,10.7,15.8,32.2,79.5,38.2,2.0,1,0,0,0
42007,Beaver County,PA,0.2386,0.203,0.3191,0.3563,0.3653,8.5,6.0,3.9,0.4,17.1,5.6,5.3,1.9,5.7,21.9,15.8,12.1,75.4,23.9,10.7,15.8,32.2,77.9,38.2,2.0,1,0,0,0
42009,Bedford County,PA,0.1868,0.3468,0.1518,0.0169,0.244,5.8,0.7,7.4,0.2,21.2,4.3,9.7,1.3,3.2,20.3,16.1,3.9,75.4,23.9,10.7,15.8,32.2,75.3,38.2,6.0,1,0,0,0
42011,Berks County,PA,0.6659,0.5383,0.7012,0.6806,0.6669,8.7,4.0,6.3,4.3,18.8,5.4,11.9,23.2,6.9,25.8,14.2,31.2,75.4,23.9,10.7,15.8,32.2,77.7,38.2,3.0,1,0,0,0
42013,Blair County,PA,0.3108,0.2622,0.3299,0.1339,0.609,8.5,1.8,5.4,0.3,21.6,4.2,7.0,1.4,6.4,22.3,15.5,6.7,75.4,23.9,10.7,15.8,32.2,73.0,38.2,4.0,1,0,0,0
42015,Bradford County,PA,0.3754,0.4025,0.3357,0.0579,0.587,7.5,0.7,6.9,0.4,22.5,4.8,9.4,1.6,3.6,21.2,14.2,5.2,75.4,23.9,10.7,15.8,32.2,75.1,38.2,5.0,1,0,0,0
42017,Bucks County,PA,0.1317,0.0967,0.2129,0.5005,0.2103,4.7,3.7,4.0,2.0,9.5,4.6,5.3,5.9,10.1,21.0,10.7,18.3,75.4,23.9,10.7,15.8,32.2,75.3,38.2,2.0,1,0,0,0
42019,Butler County,PA,0.0786,0.0722,0.036,0.1225,0.4728,5.8,1.1,3.4,0.4,13.7,4.7,4.3,1.7,7.7,19.1,13.1,6.5,75.4,23.9,10.7,15.8,32.2,77.9,38.2,2.0,1,0,0,0
42021,Cambria County,PA,0.3605,0.2288,0.4225,0.2323,0.6793,11.1,3.4,3.6,0.1,22.4,5.0,7.2,1.8,6.1,20.0,18.3,8.6,75.4,23.9,10.7,15.8,32.2,78.6,38.2,4.0,1,0,0,0
42023,Cameron County,PA,0.4734,0.5014,0.6688,0.1094,0.4483,10.2,0.0,3.4,0.0,30.1,7.1,7.4,2.0,2.8,22.9,22.6,6.2,75.4,23.9,10.7,15.8,32.2,73.3,38.2,6.0,1,0,0,0
42025,Carbon County,PA,0.2895,0.5301,0.209,0.2984,0.175,5.6,1.8,5.3,0.3,19.6,6.9,10.3,6.0,3.4,25.1,16.9,10.3,75.4,23.9,10.7,15.8,32.2,73.8,38.2,3.0,1,0,0,0
42027,Centre County,PA,0.3344,0.3576,0.0025,0.4496,0.9803,10.2,3.2,5.7,0.5,23.8,4.0,5.2,3.1,17.3,27.9,10.2,15.8,75.4,23.9,10.7,15.8,32.2,76.8,38.2,4.0,1,0,0,0
42029,Chester County,PA,0.1244,0.0655,0.1238,0.5679,0.3102,4.1,5.2,4.7,1.7,9.8,4.0,5.3,7.6,10.6,19.5,9.2,22.6,75.4,23.9,10.7,15.8,32.2,81.0,38.2,2.0,1,0,0,0
42031,Clarion County,PA,0.315,0.4263,0.0958,0.0579,0.6475,6.6,1.6,6.8,0.2,23.9,5.5,9.1,1.1,4.4,19.7,15.3,5.2,75.4,23.9,10.7,15.8,32.2,77.1,38.2,6.0,1,0,0,0
42033,Clearfield County,PA,0.5017,0.4356,0.4983,0.1928,0.7292,7.5,2.1,5.3,0.5,23.2,6.0,10.1,2.9,3.7,20.4,19.3,7.7,75.4,23.9,10.7,15.8,32.2,76.0,38.2,5.0,1,0,0,0
42035,Clinton County,PA,0.5409,0.6602,0.2717,0.0821,0.7407,9.5,1.3,9.7,0.4,23.2,5.3,10.5,1.7,4.8,24.9,16.0,5.7,75.4,23.9,10.7,15.8,32.2,72.9,38.2,5.0,1,0,0,0
42037,Columbia County,PA,0.2813,0.3831,0.0312,0.2265,0.6732,7.3,1.8,4.1,0.2,24.1,4.8,8.4,3.4,5.9,24.0,14.3,8.4,75.4,23.9,10.7,15.8,32.2,75.4,38.2,5.0,1,0,0,0
42039,Crawford County,PA,0.5842,0.5402,0.6335,0.1152,0.7556,9.7,1.5,8.9,0.6,24.8,5.6,9.4,1.5,3.3,20.7,17.7,6.3,75.4,23.9,10.7,15.8,32.2,74.6,38.2,5.0,1,0,0,0
42041,Cumberland County,PA,0.2068,0.1231,0.1476,0.4725,0.5282,5.5,3.9,5.2,0.9,12.8,3.7,6.5,4.6,8.1,21.7,12.8,17.0,75.4,23.9,10.7,15.8,32.2,75.0,38.2,3.0,1,0,0,0
42043,Dauphin County,PA,0.5476,0.3478,0.6297,0.7474,0.6316,9.0,17.2,5.7,2.7,19.3,4.3,8.8,10.4,10.4,24.8,12.9,37.1,75.4,23.9,10.7,15.8,32.2,77.3,38.2,3.0,1,0,0,0
42045,Delaware County,PA,0.5654,0.3853,0.4515,0.7299,0.7579,10.1,21.7,5.0,1.8,15.8,6.8,6.5,4.3,12.0,27.6,11.8,35.6,75.4,23.9,10.7,15.8,32.2,78.3,38.2,2.0,1,0,0,0
42047,Elk County,PA,0.0824,0.1569,0.1661,0.0299,0.1419,6.4,0.7,2.7,0.2,17.7,6.5,6.9,0.8,2.6,16.5,16.4,4.4,75.4,23.9,10.7,15.8,32.2,76.6,38.2,5.0,1,0,0,0
42049,Erie County,PA,0.6242,0.4607,0.6764,0.4814,0.7792,10.2,6.7,4.1,1.2,24.6,5.5,7.5,4.7,7.6,26.3,15.5,17.4,75.4,23.9,10.7,15.8,32.2,78.8,38.2,3.0,1,0,0,0
42051,Fayette County,PA,0.5224,0.5224,0.3968,0.2879,0.6802,8.1,4.2,4.6,0.2,25.1,7.2,10.2,1.4,3.2,21.9,20.3,10.0,75.4,23.9,10.7,15.8,32.2,76.2,38.2,2.0,1,0,0,0
42053,Forest County,PA,0.5072,0.4827,0.2065,0.6828,0.6551,6.1,15.7,6.7,0.3,29.0,4.3,14.2,7.3,1.3,18.5,24.1,31.3,75.4,23.9,10.7,15.8,32.2,74.1,38.2,6.0,1,0,0,0
42055,Franklin County,PA,0.3194,0.3217,0.5632,0.4018,0.2389,5.2,3.2,9.4,0.9,17.2,3.4,9.8,6.5,3.5,21.4,15.9,13.9,75.4,23.9,10.7,15.8,32.2,75.4,38.2,4.0,1,0,0,0
42057,Fulton County,PA,0.1184,0.175,0.2679,0.0881,0.1524,5.6,1.4,5.4,0.1,18.2,3.7,10.6,1.4,1.6,17.7,18.0,5.8,75.4,23.9,10.7,15.8,32.2,75.7,38.2,6.0,1,0,0,0
42059,Greene County,PA,0.342,0.2832,0.2507,0.2234,0.6831,5.7,2.7,4.7,0.2,20.1,5.2,10.6,1.6,2.6,18.8,19.1,8.3,75.4,23.9,10.7,15.8,32.2,78.3,38.2,6.0,1,0,0,0
42061,Huntingdon County,PA,0.3481,0.3131,0.1518,0.3016,0.7054,6.6,4.5,5.1,0.2,20.3,5.1,10.0,2.1,1.9,20.0,16.9,10.4,75.4,23.9,10.7,15.8,32.2,75.4,38.2,5.0,1,0,0,0
42063,Indiana County,PA,0.4528,0.5154,0.0875,0.1861,0.8228,7.9,2.2,6.9,0.5,23.2,6.5,8.0,1.6,7.6,22.7,16.4,7.6,75.4,23.9,10.7,15.8,32.2,79.0,38.2,5.0,1,0,0,0
42065,Jefferson County,PA,0.3745,0.4305,0.349,0.014,0.5663,7.9,0.4,7.7,0.5,23.7,5.4,8.8,1.0,3.3,19.4,15.3,3.7,75.4,23.9,10.7,15.8,32.2,74.5,38.2,6.0,1,0,0,0
42067,Juniata County,PA,0.4846,0.4337,0.3376,0.1654,0.8015,7.9,1.2,14.0,1.6,19.4,3.1,17.0,4.2,5.0,16.6,13.3,7.2,75.4,23.9,10.7,15.8,32.2,73.8,38.2,6.0,1,0,0,0
42069,Lackawanna County,PA,0.5558,0.3875,0.7588,0.4973,0.6144,9.4,2.6,4.6,1.8,21.3,4.8,8.4,9.0,5.2,25.8,16.0,18.1,75.4,23.9,10.7,15.8,32.2,75.6,38.2,3.0,1,0,0,0
42071,Lancaster County,PA,0.5399,0.4575,0.3513,0.525,0.7493,9.1,3.4,11.2,2.2,14.4,3.4,13.0,11.2,8.2,23.6,11.4,19.8,75.4,23.9,10.7,15.8,32.2,72.5,38.2,3.0,1,0,0,0
42073,Lawrence County,PA,0.5151,0.4916,0.6631,0.2692,0.517,7.7,3.8,5.7,0.4,22.5,6.8,8.0,1.7,4.1,23.4,17.7,9.5,75.4,23.9,10.7,15.8,32.2,76.1,38.2,2.0,1,0,0,0
42075,Lebanon County,PA,0.6176,0.517,0.665,0.5317,0.6592,6.8,1.9,9.2,2.1,18.2,4.4,12.5,14.5,5.2,23.8,13.5,20.1,75.4,23.9,10.7,15.8,32.2,76.5,38.2,4.0,1,0,0,0
42077,Lehigh County,PA,0.734,0.5759,0.7149,0.7735,0.7534,7.9,5.8,6.5,5.6,19.9,5.8,9.8,27.2,10.7,28.9,12.9,39.3,75.4,23.9,10.7,15.8,32.2,76.5,38.2,3.0,1,0,0,0
42079,Luzerne County,PA,0.6942,0.5727,0.8253,0.5727,0.643,10.7,3.9,5.9,3.4,24.1,5.9,9.5,15.1,5.8,25.2,15.7,22.8,75.4,23.9,10.7,15.8,32.2,76.6,38.2,3.0,1,0,0,0
42081,Lycoming County,PA,0.5091,0.4432,0.3933,0.328,0.7439,9.4,4.5,5.6,0.5,20.9,5.3,9.2,2.3,5.6,24.1,16.3,11.2,75.4,23.9,10.7,15.8,32.2,76.8,38.2,4.0,1,0,0,0
42083,McKean County,PA,0.3188,0.279,0.3592,0.1696,0.5628,7.4,1.9,4.2,0.6,25.3,5.3,7.2,2.2,2.9,19.4,19.4,7.3,75.4,23.9,10.7,15.8,32.2,75.0,38.2,5.0,1,0,0,0
42085,Mercer County,PA,0.5278,0.378,0.5845,0.3248,0.7582,9.9,5.4,5.6,0.5,21.8,5.5,9.5,1.6,5.8,20.5,18.1,11.1,75.4,23.9,10.7,15.8,32.2,80.8,38.2,5.0,1,0,0,0
42087,Mifflin County,PA,0.5934,0.7521,0.4063,0.0757,0.6631,9.9,0.6,13.3,0.6,27.3,3.9,15.2,1.8,3.3,23.4,14.2,5.6,75.4,23.9,10.7,15.8,32.2,74.0,38.2,5.0,1,0,0,0
42089,Monroe County,PA,0.4136,0.5565,0.2816,0.7598,0.1849,5.1,13.2,6.5,1.7,18.3,6.3,10.1,17.8,2.1,26.8,14.0,38.0,75.4,23.9,10.7,15.8,32.2,80.1,38.2,5.0,1,0,0,0
42091,Montgomery County,PA,0.2119,0.1012,0.2224,0.6233,0.454,5.2,9.0,3.8,2.0,10.4,4.5,5.2,5.7,15.6,21.6,10.3,26.4,75.4,23.9,10.7,15.8,32.2,78.3,38.2,2.0,1,0,0,0
42093,Montour County,PA,0.3818,0.1425,0.4747,0.2879,0.8352,10.3,2.3,5.0,0.8,16.7,2.4,7.4,2.8,4.3,22.9,13.8,10.0,75.4,23.9,10.7,15.8,32.2,80.4,38.2,5.0,1,0,0,0
42095,Northampton County,PA,0.4038,0.2666,0.3411,0.6211,0.5959,7.0,5.3,4.1,2.3,15.7,4.6,8.0,14.7,7.5,25.7,12.4,26.1,75.4,23.9,10.7,15.8,32.2,77.9,38.2,3.0,1,0,0,0
42097,Northumberland County,PA,0.4206,0.336,0.4426,0.2628,0.6452,9.8,2.4,4.6,0.5,21.8,4.7,10.1,4.2,4.6,21.5,16.7,9.3,75.4,23.9,10.7,15.8,32.2,76.7,38.2,5.0,1,0,0,0
42099,Perry County,PA,0.1737,0.2838,0.1502,0.0881,0.2644,5.6,0.8,9.9,0.5,15.5,3.4,10.9,2.4,1.7,19.5,14.0,5.8,75.4,23.9,10.7,15.8,32.2,77.3,38.2,3.0,1,0,0,0
42101,Philadelphia County,PA,0.9465,0.909,0.8361,0.9465,0.915,28.2,39.0,7.3,6.2,33.1,8.6,13.1,15.7,16.7,35.1,16.9,66.5,75.4,23.9,10.7,15.8,32.2,77.0,38.2,1.0,1,0,0,0
42103,Pike County,PA,0.2405,0.4429,0.3509,0.5558,0.0439,5.4,5.2,5.2,1.1,16.3,8.5,6.9,11.9,1.2,26.9,16.8,21.9,75.4,23.9,10.7,15.8,32.2,78.1,38.2,5.0,1,0,0,0
42105,Potter County,PA,0.405,0.3974,0.5374,0.0407,0.5409,6.9,0.5,6.8,0.5,23.3,4.8,9.9,1.6,1.6,20.1,18.3,4.7,75.4,23.9,10.7,15.8,32.2,76.1,38.2,6.0,1,0,0,0
42107,Schuylkill County,PA,0.4928,0.4228,0.6411,0.335,0.539,8.2,2.6,6.0,0.8,21.8,5.3,10.3,6.2,3.7,21.2,17.5,11.4,75.4,23.9,10.7,15.8,32.2,77.2,38.2,5.0,1,0,0,0
42109,Snyder County,PA,0.2819,0.3563,0.1177,0.0627,0.6071,6.5,0.8,11.2,0.6,17.4,2.2,15.1,2.3,2.6,19.3,14.9,5.3,75.4,23.9,10.7,15.8,32.2,76.5,38.2,5.0,1,0,0,0
42111,Somerset County,PA,0.3618,0.349,0.2571,0.1094,0.6726,6.8,1.9,6.3,0.3,20.2,5.2,10.0,1.5,3.5,19.8,16.9,6.2,75.4,23.9,10.7,15.8,32.2,75.7,38.2,5.0,1,0,0,0
42113,Sullivan County,PA,0.2444,0.2806,0.2666,0.1339,0.3977,5.3,2.6,5.0,0.9,18.6,5.5,9.2,2.3,1.2,19.8,15.8,6.7,75.4,23.9,10.7,15.8,32.2,75.5,38.2,6.0,1,0,0,0
42115,Susquehanna County,PA,0.1814,0.4003,0.1989,0.0407,0.1371,5.2,0.3,6.4,0.3,20.3,5.8,8.5,1.9,1.9,21.5,16.1,4.7,75.4,23.9,10.7,15.8,32.2,78.8,38.2,6.0,1,0,0,0
42117,Tioga County,PA,0.2975,0.3767,0.2367,0.0264,0.5196,6.2,0.8,6.3,0.1,21.9,4.5,8.3,1.4,3.1,23.2,18.3,4.3,75.4,23.9,10.7,15.8,32.2,77.4,38.2,6.0,1,0,0,0
42119,Union County,PA,0.4531,0.4693,0.0697,0.4165,0.8167,9.2,6.3,10.1,1.0,17.6,3.5,13.7,5.6,4.4,22.8,13.5,14.5,75.4,23.9,10.7,15.8,32.2,73.3,38.2,5.0,1,0,0,0
42121,Venango County,PA,0.3656,0.3751,0.5126,0.0627,0.4718,7.3,1.1,4.9,0.3,22.8,6.7,9.2,1.1,2.7,19.2,18.8,5.3,75.4,23.9,10.7,15.8,32.2,77.7,38.2,5.0,1,0,0,0
42123,Warren County,PA,0.153,0.1314,0.3563,0.0627,0.3217,6.7,0.7,4.8,0.5,21.1,4.3,6.3,1.4,2.7,17.4,15.9,5.3,75.4,23.9,10.7,15.8,32.2,75.0,38.2,5.0,1,0,0,0
42125,Washington County,PA,0.1648,0.1123,0.1263,0.265,0.5227,7.4,3.1,3.8,0.4,15.5,5.0,6.0,1.9,5.7,19.0,14.6,9.4,75.4,23.9,10.7,15.8,32.2,79.6,38.2,2.0,1,0,0,0
42127,Wayne County,PA,0.3952,0.4839,0.1992,0.3166,0.5119,6.4,2.9,6.5,0.4,19.7,5.9,8.4,4.9,1.0,25.0,17.0,10.9,75.4,23.9,10.7,15.8,32.2,77.0,38.2,6.0,1,0,0,0
42129,Westmoreland County,PA,0.1091,0.0996,0.1088,0.1861,0.3748,7.0,2.4,3.2,0.2,16.0,5.0,4.7,1.4,4.8,19.3,15.2,7.6,75.4,23.9,10.7,15.8,32.2,76.9,38.2,2.0,1,0,0,0
42131,Wyoming County,PA,0.0872,0.1304,0.1082,0.0821,0.2345,5.4,0.9,3.9,0.3,17.8,4.5,7.2,2.2,1.3,18.9,14.3,5.7,75.4,23.9,10.7,15.8,32.2,78.9,38.2,3.0,1,0,0,0
42133,York County,PA,0.3379,0.2638,0.5024,0.5094,0.3605,5.6,5.5,4.9,1.5,14.9,4.6,8.9,8.5,5.4,23.6,13.7,18.9,75.4,23.9,10.7,15.8,32.2,73.9,38.2,3.0,1,0,0,0
44001,Bristol County,RI,0.1327,0.1152,0.085,0.2914,0.426,6.1,0.9,2.1,1.2,10.7,4.1,6.7,3.4,7.4,22.7,10.4,10.1,84.0,24.7,7.9,9.0,29.3,83.8,26.0,2.0,1,0,0,0
44003,Kent County,RI,0.2116,0.2402,0.1791,0.4165,0.2918,6.0,1.8,3.1,0.8,13.7,4.6,7.3,6.3,14.0,28.0,14.8,14.5,83.7,25.8,9.6,11.8,29.6,83.9,32.7,2.0,1,0,0,0
44005,Newport County,RI,0.2787,0.2183,0.1928,0.4496,0.5396,7.4,3.8,3.6,1.2,12.5,6.5,5.2,6.0,8.3,23.3,11.7,15.8,82.5,24.1,7.8,9.7,30.8,82.4,27.9,2.0,1,0,0,0
44007,Providence County,RI,0.8097,0.679,0.594,0.7983,0.9208,11.3,7.6,5.3,6.3,21.2,6.3,13.7,24.5,14.7,30.9,14.2,41.6,82.2,23.4,10.6,19.6,30.1,82.0,33.7,1.0,1,0,0,0
44009,Washington County,RI,0.1324,0.1642,0.1171,0.2879,0.2584,4.4,1.0,2.2,0.9,12.8,5.9,5.1,3.6,5.6,22.0,10.6,10.0,83.2,23.4,7.1,9.3,28.5,80.6,28.0,2.0,1,0,0,0
45001,Abbeville County,SC,0.5988,0.6157,0.1973,0.6872,0.734,6.5,26.1,10.5,0.4,28.7,2.8,14.9,1.8,0.4,22.2,12.4,31.6,78.9,24.8,13.2,22.1,34.0,77.6,38.0,5.0,0,1,0,0
45003,Aiken County,SC,0.6322,0.5947,0.6357,0.7226,0.5151,5.8,24.5,9.0,0.7,22.8,6.2,10.4,6.2,2.5,21.4,15.7,34.9,79.1,23.8,11.3,17.5,31.2,79.0,34.5,3.0,0,1,0,0
45005,Allendale County,SC,0.9955,0.9882,0.8097,0.9793,0.994,13.4,71.9,11.8,0.3,38.5,13.5,21.1,3.7,1.9,28.4,26.2,77.8,80.0,20.4,17.9,36.2,33.0,75.9,46.9,6.0,0,1,0,1
45007,Anderson County,SC,0.6303,0.6166,0.4916,0.5854,0.6542,5.9,14.9,10.4,0.9,23.2,5.5,12.8,4.2,3.8,20.3,15.2,23.6,76.6,26.8,11.1,17.8,33.2,76.5,36.2,3.0,0,1,0,0
45009,Bamberg County,SC,0.958,0.9866,0.8046,0.937,0.7455,15.4,60.3,14.8,0.4,32.0,11.0,22.7,1.6,0.2,26.5,19.7,63.6,80.4,21.5,15.6,29.6,32.8,77.8,43.1,6.0,0,1,0,1
45011,Barnwell County,SC,0.9612,0.9243,0.8664,0.8721,0.9443,11.6,44.0,11.5,0.2,35.2,5.9,17.2,2.8,1.7,24.8,20.0,50.2,79.0,23.5,15.9,32.0,33.5,76.1,44.3,6.0,0,1,0,1
45013,Beaufort County,SC,0.469,0.2695,0.5549,0.6923,0.5908,3.5,16.1,8.8,2.1,17.6,3.1,6.4,11.2,12.4,24.1,13.1,32.0,78.5,19.5,9.3,14.1,31.9,79.9,30.7,4.0,0,1,0,0
45015,Berkeley County,SC,0.5447,0.4082,0.5794,0.7591,0.5523,3.4,23.1,10.2,1.2,19.2,3.8,9.9,7.3,8.9,22.0,13.4,37.9,78.9,22.6,11.9,17.0,33.5,78.8,37.8,3.0,0,1,0,0
45017,Calhoun County,SC,0.7273,0.7633,0.5212,0.8365,0.5574,5.3,38.9,9.3,0.2,25.5,7.3,13.5,4.2,0.7,22.2,17.3,45.5,79.9,22.9,12.9,21.2,31.9,77.3,40.7,3.0,0,1,0,0
45019,Charleston County,SC,0.4343,0.4222,0.1101,0.7213,0.6172,6.1,24.5,8.9,1.6,19.4,3.7,7.1,5.4,15.4,28.8,10.7,34.8,78.0,21.8,10.0,12.8,32.2,75.7,29.9,3.0,0,1,0,0
45021,Cherokee County,SC,0.7798,0.7967,0.6096,0.6548,0.7241,6.1,19.6,11.0,1.0,30.2,5.9,14.8,4.9,2.6,21.0,15.6,29.2,77.4,24.9,12.9,22.4,33.8,72.9,38.8,5.0,0,1,0,1
45023,Chester County,SC,0.7047,0.8062,0.3837,0.8008,0.5253,6.8,36.1,11.8,0.2,30.1,6.2,14.8,2.4,1.3,20.5,16.3,41.9,78.3,24.1,13.7,25.4,34.0,73.9,37.7,2.0,0,1,0,0
45025,Chesterfield County,SC,0.9462,0.9001,0.9338,0.7894,0.8874,9.3,30.6,12.4,1.7,32.8,8.7,18.6,4.9,0.7,20.0,19.1,40.5,78.7,24.2,14.8,28.0,34.1,73.5,45.0,6.0,0,1,0,1
45027,Clarendon County,SC,0.9691,0.9472,0.6519,0.8785,0.993,11.7,45.5,10.1,0.6,31.3,10.1,19.1,3.4,2.8,25.3,20.2,51.6,80.1,23.5,15.0,28.2,31.8,77.1,38.4,6.0,0,1,0,1
45029,Colleton County,SC,0.966,0.9564,0.8597,0.8129,0.9389,9.4,34.8,15.8,1.3,31.4,8.6,13.8,3.8,2.3,26.1,16.8,43.3,78.1,23.9,13.8,26.0,31.2,72.8,39.1,6.0,0,1,0,1
45031,Darlington County,SC,0.8921,0.8746,0.7496,0.8466,0.8527,9.9,40.8,8.9,0.4,32.0,6.5,14.3,2.4,2.0,25.5,16.8,46.2,81.3,23.9,14.5,25.9,33.5,73.2,45.6,4.0,0,1,0,1
45033,Dillon County,SC,0.9745,0.9831,0.9157,0.8915,0.8435,10.6,46.4,15.0,0.8,44.9,7.2,21.7,3.1,0.2,24.6,16.8,54.9,79.2,23.7,17.3,35.0,33.4,72.7,45.3,6.0,0,1,0,1
45035,Dorchester County,SC,0.6306,0.6071,0.6589,0.756,0.4543,3.1,25.0,10.5,1.3,18.6,5.5,9.4,6.1,6.6,26.3,13.5,37.6,79.3,22.1,11.4,16.0,31.7,73.2,35.0,3.0,0,1,0,0
45037,Edgefield County,SC,0.8476,0.7451,0.7066,0.8116,0.9065,7.5,32.4,10.5,3.0,29.3,6.2,17.0,6.9,1.8,18.1,15.6,43.2,78.4,21.3,13.6,22.8,32.8,76.5,39.7,3.0,0,1,0,0
45039,Fairfield County,SC,0.8893,0.8676,0.7311,0.9243,0.8276,6.6,55.9,7.5,0.4,33.4,6.9,15.9,2.6,2.2,24.9,18.0,61.4,80.1,22.1,15.4,29.2,34.2,77.1,45.6,3.0,0,1,0,0
45041,Florence County,SC,0.8256,0.7305,0.5288,0.8686,0.923,7.4,42.6,10.5,0.7,26.7,4.5,12.7,2.9,4.0,25.2,12.7,49.5,80.6,23.5,13.2,22.6,34.7,78.6,40.7,4.0,0,1,0,1
45043,Georgetown County,SC,0.5301,0.5927,0.349,0.7178,0.42,5.1,29.4,10.0,0.2,23.3,5.0,9.1,3.2,4.7,24.2,16.6,34.5,79.3,21.9,11.6,16.7,29.1,79.0,32.5,5.0,0,1,0,0
45045,Greenville County,SC,0.6246,0.4766,0.5533,0.7028,0.7362,5.1,16.9,10.2,2.3,18.8,4.1,9.9,9.9,11.4,24.1,12.3,33.0,77.4,22.3,10.7,15.3,32.2,80.5,32.5,3.0,0,1,0,0
45047,Greenwood County,SC,0.8466,0.7929,0.7471,0.7951,0.8174,8.3,31.5,8.3,1.3,30.9,5.5,13.1,6.5,3.8,25.3,12.5,41.2,79.9,24.6,13.0,22.6,31.7,76.9,37.5,5.0,0,1,0,1
45049,Hampton County,SC,0.9621,0.959,0.923,0.9214,0.7922,10.3,52.7,12.1,2.0,35.1,10.7,19.1,4.9,0.1,23.3,21.0,60.2,79.2,21.9,17.1,31.4,34.0,71.6,41.6,6.0,0,1,0,1
45051,Horry County,SC,0.7022,0.7378,0.7254,0.5778,0.4938,4.3,12.2,13.6,1.3,23.7,5.6,8.4,6.3,20.5,27.0,17.5,23.2,78.7,23.1,10.9,16.6,34.5,75.0,32.4,3.0,0,1,0,0
45053,Jasper County,SC,0.8829,0.8505,0.6475,0.8912,0.8988,3.6,37.3,13.5,3.5,27.9,6.3,10.2,14.1,5.5,26.7,14.0,54.7,78.9,21.3,13.2,23.4,33.7,76.9,35.4,4.0,0,1,0,1
45055,Kershaw County,SC,0.4782,0.5606,0.6535,0.6971,0.1495,3.5,22.8,8.7,0.7,22.4,4.7,11.1,5.2,1.9,23.4,16.4,32.4,78.7,22.8,12.1,19.3,34.3,78.0,36.3,3.0,0,1,0,0
45057,Lancaster County,SC,0.4575,0.3586,0.6634,0.6764,0.3433,4.1,19.6,7.9,1.4,20.1,5.0,10.9,6.3,2.3,17.6,14.1,30.8,78.6,23.2,11.3,16.8,34.0,73.5,35.8,2.0,0,1,0,0
45059,Laurens County,SC,0.8947,0.8874,0.8454,0.7038,0.8161,6.3,23.0,13.7,1.5,28.5,5.2,17.3,5.6,1.4,25.1,17.2,33.1,78.4,24.4,13.0,22.2,33.3,79.7,36.3,3.0,0,1,0,0
45061,Lee County,SC,0.9704,0.9796,0.3563,0.9488,0.9975,12.4,62.4,10.4,0.0,40.8,9.2,18.8,2.6,1.4,28.3,19.0,67.1,80.3,21.9,16.9,33.1,33.3,72.8,44.1,6.0,0,1,0,1
45063,Lexington County,SC,0.4855,0.3796,0.5568,0.6347,0.4893,4.7,14.9,9.3,1.1,20.3,4.4,8.7,6.5,5.3,20.8,13.9,27.3,80.2,25.1,10.5,15.3,32.7,73.5,35.9,3.0,0,1,0,0
45065,McCormick County,SC,0.6087,0.5536,0.4158,0.8549,0.6023,5.1,43.5,5.5,0.0,24.3,6.4,14.8,0.6,0.8,19.8,18.4,47.4,79.3,20.7,13.6,23.1,34.2,75.0,38.3,6.0,0,1,0,0
45067,Marion County,SC,0.8753,0.9077,0.6701,0.9294,0.7346,12.3,56.3,13.7,0.0,42.8,6.8,15.5,3.3,0.0,20.8,16.4,61.9,80.8,22.8,17.7,35.3,32.2,75.0,45.2,6.0,0,1,0,1
45069,Marlboro County,SC,0.9405,0.9717,0.4184,0.9259,0.9605,13.3,49.2,13.6,0.3,40.1,7.8,19.6,3.4,0.4,23.4,19.5,61.6,78.9,22.5,17.4,34.7,34.8,74.3,40.9,6.0,0,1,0,1
45071,Newberry County,SC,0.8027,0.6013,0.9125,0.7821,0.7471,6.0,30.0,9.3,2.0,26.0,3.9,14.5,8.1,1.8,21.9,16.4,39.9,78.7,23.1,13.1,21.4,33.6,78.2,38.6,5.0,0,1,0,1
45073,Oconee County,SC,0.6968,0.7528,0.8492,0.4588,0.4063,5.5,6.6,10.6,1.0,26.0,5.8,13.1,5.8,3.5,22.5,19.3,16.3,77.7,26.9,11.4,17.7,33.3,76.5,38.2,5.0,0,1,0,0
45075,Orangeburg County,SC,0.9516,0.9535,0.6958,0.9478,0.9236,8.5,61.3,10.1,0.7,36.3,9.2,15.7,2.5,1.4,27.0,13.9,66.9,81.8,22.6,15.7,31.3,33.1,74.0,43.1,5.0,0,1,0,1
45077,Pickens County,SC,0.5717,0.6653,0.0369,0.4356,0.9316,6.8,6.2,8.8,0.5,26.5,4.2,12.9,4.2,8.3,25.1,15.0,15.3,76.9,25.8,11.4,17.9,32.5,67.3,37.3,3.0,0,1,0,0
45079,Richland County,SC,0.7922,0.7486,0.3888,0.9154,0.8622,6.7,46.9,9.0,0.9,25.2,6.8,7.8,5.4,13.8,32.7,13.9,59.2,80.8,22.1,13.0,18.5,32.8,79.5,35.8,3.0,0,1,0,0
45081,Saluda County,SC,0.8228,0.7187,0.8985,0.7989,0.6736,5.1,23.1,16.1,4.3,30.0,3.3,16.8,16.1,0.0,20.7,16.1,41.7,77.9,22.5,13.3,23.0,34.2,74.4,43.5,3.0,0,1,0,0
45083,Spartanburg County,SC,0.7486,0.6456,0.7929,0.706,0.6704,4.5,20.2,10.8,2.4,23.4,4.7,12.2,7.6,5.1,23.2,15.1,33.2,77.6,24.6,12.1,18.8,34.3,79.8,37.9,3.0,0,1,0,0
45085,Sumter County,SC,0.8762,0.8632,0.6274,0.896,0.8638,8.0,45.7,10.8,0.4,28.5,7.2,11.2,4.3,4.1,26.6,15.2,55.6,80.5,21.7,13.8,23.9,32.8,76.9,43.2,4.0,0,1,0,1
45087,Union County,SC,0.9173,0.9166,0.811,0.7321,0.8813,9.0,28.9,11.5,0.2,36.0,10.2,18.4,1.8,3.4,20.4,22.1,35.8,78.4,24.9,15.0,27.8,34.5,74.2,43.8,3.0,0,1,0,0
45089,Williamsburg County,SC,0.9634,0.901,0.8282,0.9548,0.9749,14.2,63.5,11.3,1.5,32.8,4.5,17.1,3.0,0.4,31.1,20.2,68.6,80.7,21.1,16.3,31.8,32.8,76.7,45.1,6.0,0,1,0,1
45091,York County,SC,0.3436,0.2749,0.3217,0.6872,0.3958,3.7,18.7,8.1,0.8,15.6,4.7,7.7,6.3,10.8,20.8,10.1,31.6,77.2,22.4,10.3,14.4,31.7,80.4,36.8,2.0,0,1,0,0
46003,Aurora County,SD,0.104,0.0649,0.5921,0.3322,0.0754,1.8,1.3,6.9,1.6,11.6,0.8,8.7,6.6,1.4,16.3,12.7,11.3,73.5,21.4,9.8,15.8,29.4,78.8,36.7,6.0,0,0,0,0
46005,Beadle County,SD,0.7289,0.3977,0.8021,0.6332,0.931,7.0,0.6,5.4,3.3,26.0,2.3,14.9,11.8,8.5,21.8,12.5,27.2,73.5,21.1,11.3,15.8,30.9,76.8,35.4,5.0,0,0,0,0
46007,Bennett County,SD,0.811,0.9427,0.3754,0.937,0.531,9.0,0.2,25.9,0.2,45.8,7.9,11.1,9.3,0.4,23.2,11.1,63.6,73.8,22.8,17.3,15.8,31.0,68.8,43.1,6.0,0,0,0,1
46009,Bon Homme County,SD,0.1899,0.3124,0.0535,0.3977,0.3023,4.1,1.6,6.0,0.4,25.7,2.2,11.1,2.9,3.3,20.7,13.4,13.8,72.1,20.5,10.7,15.8,29.3,74.6,37.5,6.0,0,0,0,0
46011,Brookings County,SD,0.154,0.1871,0.006,0.335,0.7401,5.8,1.1,4.7,0.7,22.3,3.9,3.8,3.9,15.2,22.3,9.0,11.4,75.3,22.9,9.7,15.8,29.0,78.4,39.5,5.0,0,0,0,0
46013,Brown County,SD,0.2669,0.1549,0.2628,0.42,0.5905,6.3,2.3,6.9,1.3,16.3,3.6,6.3,3.8,18.2,20.5,11.9,14.6,76.3,21.0,9.5,15.8,28.5,79.3,35.5,5.0,0,0,0,0
46015,Brule County,SD,0.3872,0.3866,0.2294,0.5081,0.5094,5.0,1.3,9.4,0.1,24.8,3.2,14.2,1.8,6.3,15.8,14.7,18.8,74.0,21.9,10.3,15.8,30.1,74.8,38.5,6.0,0,0,0,0
46017,Buffalo County,SD,0.9892,0.9975,0.7728,0.9831,0.9399,14.2,0.0,39.6,0.9,46.6,14.9,17.6,8.3,5.8,27.6,14.0,81.5,74.1,22.0,18.7,15.8,29.5,67.9,49.0,6.0,0,0,0,1
46019,Butte County,SD,0.5431,0.7337,0.1444,0.3503,0.6268,3.8,0.0,15.0,0.0,21.5,5.8,10.6,4.3,3.3,24.0,15.2,11.9,72.6,22.6,10.0,15.8,28.7,74.3,35.8,6.0,0,0,0,0
46021,Campbell County,SD,0.0878,0.1269,0.2972,0.0627,0.1247,4.5,0.0,4.5,0.6,13.5,3.9,12.8,4.0,2.0,14.2,12.3,5.3,73.3,21.3,9.1,15.8,28.8,75.9,33.7,6.0,0,0,0,0
46023,Charles Mix County,SD,0.6777,0.8091,0.175,0.756,0.6468,5.3,0.1,17.8,0.1,33.2,7.1,10.5,4.0,2.7,19.4,12.0,37.6,74.0,22.2,12.4,15.8,29.3,72.5,41.0,6.0,0,0,0,0
46025,Clark County,SD,0.3659,0.4372,0.6707,0.1985,0.2151,3.2,0.4,7.6,1.2,19.4,5.3,8.9,4.1,2.2,22.4,11.2,7.8,72.1,21.6,9.9,15.8,29.2,77.1,34.3,6.0,0,0,0,0
46027,Clay County,SD,0.6367,0.6907,0.0194,0.3977,0.9962,8.2,1.7,7.9,0.4,30.0,8.2,6.6,2.2,14.9,24.8,12.7,13.8,74.3,23.1,10.3,15.8,29.8,72.5,39.8,5.0,0,0,0,0
46029,Codington County,SD,0.2415,0.1861,0.0945,0.2628,0.6993,5.5,0.5,7.3,0.4,20.0,1.5,8.2,3.4,8.3,20.2,11.3,9.3,74.8,22.5,10.0,15.8,28.6,80.3,36.2,5.0,0,0,0,0
46031,Corson County,SD,0.7324,0.8845,0.2832,0.9656,0.4709,10.6,0.1,20.4,0.0,52.5,24.6,13.8,0.4,0.0,15.0,12.1,71.8,73.8,24.3,18.3,15.8,30.5,71.2,44.3,6.0,0,0,0,0
46033,Custer County,SD,0.2937,0.315,0.1212,0.3248,0.5679,0.7,0.4,10.8,0.0,18.2,3.0,6.4,4.3,4.0,24.0,19.4,11.1,73.8,21.4,8.9,15.8,29.6,75.2,33.6,4.0,0,0,0,0
46035,Davison County,SD,0.3742,0.3143,0.2409,0.2959,0.6977,7.7,0.5,8.0,0.2,22.9,1.4,9.8,3.8,14.2,21.7,14.6,10.2,72.8,21.5,9.9,15.8,29.4,75.0,38.6,5.0,0,0,0,0
46037,Day County,SD,0.1282,0.2249,0.111,0.4222,0.1317,4.0,0.0,8.2,0.0,25.4,2.6,8.5,2.5,3.2,15.7,13.5,14.7,73.4,21.9,10.5,15.8,28.6,77.1,35.2,6.0,0,0,0,0
46039,Deuel County,SD,0.0213,0.0579,0.2151,0.1276,0.0191,2.1,0.1,7.2,0.0,15.4,2.0,7.2,3.7,3.2,10.6,13.7,6.6,73.3,21.7,9.1,15.8,28.6,78.6,33.4,6.0,0,0,0,0
46041,Dewey County,SD,0.8263,0.8915,0.2517,0.9825,0.8199,6.2,0.4,23.6,0.1,44.6,14.6,13.4,1.0,3.3,16.5,9.1,81.3,72.7,22.0,18.0,15.8,30.4,69.5,43.9,6.0,0,0,0,1
46043,Douglas County,SD,0.3166,0.2873,0.4248,0.1225,0.5161,3.0,1.7,20.7,0.6,21.9,0.6,8.7,2.1,3.4,15.7,11.4,6.5,73.5,22.5,10.1,15.8,29.8,75.0,35.9,6.0,0,0,0,0
46045,Edmunds County,SD,0.0258,0.0525,0.2167,0.0544,0.0385,0.9,0.3,4.9,0.6,17.6,2.1,7.4,1.8,0.0,16.3,12.6,5.1,74.0,21.7,9.1,15.8,29.2,76.0,33.7,5.0,0,0,0,0
46047,Fall River County,SD,0.6277,0.6433,0.5192,0.4518,0.6545,5.7,0.0,15.2,0.9,28.6,2.7,8.5,4.0,7.0,26.9,20.1,15.9,73.6,22.5,10.9,15.8,30.3,74.5,37.6,6.0,0,0,0,0
46049,Faulk County,SD,0.3627,0.1801,0.5396,0.0264,0.7926,7.1,0.0,4.2,0.5,29.9,3.7,7.8,1.9,5.4,13.7,13.7,4.3,73.6,23.2,10.8,15.8,29.9,72.2,36.8,6.0,0,0,0,0
46051,Grant County,SD,0.231,0.146,0.3226,0.1985,0.5393,5.3,0.2,9.0,0.6,14.4,3.3,8.3,4.6,4.4,16.4,15.0,7.8,73.5,21.2,9.4,15.8,28.7,78.2,37.5,6.0,0,0,0,0
46053,Gregory County,SD,0.1817,0.1906,0.1957,0.3824,0.2682,4.4,0.9,7.2,0.0,22.5,2.6,9.6,1.9,4.5,15.9,12.8,13.2,73.4,22.3,10.2,15.8,29.4,74.0,36.6,6.0,0,0,0,0
46055,Haakon County,SD,0.2389,0.1104,0.2695,0.2733,0.6618,8.9,1.8,10.6,0.0,22.0,0.0,3.6,0.1,2.6,11.7,15.6,9.6,72.8,22.2,9.8,15.8,29.2,74.3,34.4,6.0,0,0,0,0
46057,Hamlin County,SD,0.1336,0.1114,0.4174,0.2109,0.1845,1.7,0.2,9.4,1.9,14.2,2.5,7.6,5.3,1.2,16.0,6.6,8.0,72.9,20.6,9.0,15.8,29.3,78.0,35.1,6.0,0,0,0,0
46059,Hand County,SD,0.048,0.013,0.1591,0.1753,0.2526,4.3,0.1,3.9,0.0,15.0,1.2,6.9,4.9,5.8,13.5,14.9,7.4,73.8,21.5,8.8,15.8,29.0,77.1,34.4,6.0,0,0,0,0
46061,Hanson County,SD,0.0003,0.0051,0.0178,0.1339,0.0003,1.4,0.0,4.0,0.0,13.5,2.0,5.3,0.0,0.0,14.8,6.5,6.7,73.6,22.6,9.9,15.8,29.6,77.3,35.8,5.0,0,0,0,0
46063,Harding County,SD,0.0264,0.0035,0.0054,0.4314,0.4865,1.5,0.0,3.9,0.0,11.5,2.2,5.9,2.0,0.7,6.9,8.2,15.1,73.5,21.2,8.5,15.8,28.3,76.7,35.1,6.0,0,0,0,0
46065,Hughes County,SD,0.3013,0.0535,0.0923,0.5161,0.9793,7.5,0.0,6.5,0.1,15.0,0.4,3.3,3.4,10.4,19.8,12.5,19.2,74.2,21.3,9.0,15.8,28.3,75.8,33.9,5.0,0,0,0,0
46067,Hutchinson County,SD,0.1209,0.0512,0.4489,0.2294,0.2409,4.7,0.0,4.5,0.5,19.1,1.5,8.0,2.5,3.4,14.3,13.0,8.5,73.2,21.9,9.3,15.8,28.5,73.1,34.6,6.0,0,0,0,0
46069,Hyde County,SD,0.0153,0.0391,0.0267,0.2959,0.0611,0.0,1.5,5.2,0.0,11.4,0.7,9.2,3.9,0.6,15.7,10.6,10.2,73.5,22.4,10.2,15.8,29.3,77.2,35.8,6.0,0,0,0,0
46071,Jackson County,SD,0.9771,0.9822,0.3923,0.9494,0.999,14.8,0.3,24.8,0.2,50.9,7.4,12.9,0.8,5.3,27.3,9.4,67.3,73.0,22.9,17.1,15.8,30.8,65.5,41.8,6.0,0,0,0,1
46073,Jerauld County,SD,0.1976,0.0474,0.2078,0.3535,0.7175,5.1,0.0,5.4,0.0,15.0,0.7,8.3,7.4,3.8,16.2,16.0,12.0,73.1,21.1,9.4,15.8,29.0,77.6,35.9,6.0,0,0,0,0
46075,Jones County,SD,0.2036,0.1317,0.4117,0.5542,0.2335,2.6,1.4,12.5,0.0,20.1,1.6,5.1,0.0,0.0,9.2,4.5,21.8,73.8,22.1,10.1,15.8,29.3,77.2,35.5,6.0,0,0,0,0
46077,Kingsbury County,SD,0.1114,0.0751,0.1518,0.119,0.4241,4.8,0.0,5.6,0.1,14.6,0.8,9.5,2.8,3.1,17.5,11.2,6.4,73.1,21.8,9.1,15.8,29.2,80.0,35.8,6.0,0,0,0,0
46079,Lake County,SD,0.09,0.056,0.1336,0.1985,0.3474,2.5,0.4,4.0,0.6,15.6,1.6,6.7,2.8,7.4,20.3,12.9,7.8,74.1,20.8,9.1,15.8,29.0,78.7,33.2,6.0,0,0,0,0
46081,Lawrence County,SD,0.3449,0.3172,0.1693,0.3086,0.6653,4.5,0.7,10.8,0.5,19.6,2.5,5.0,3.8,11.0,25.4,17.1,10.6,71.8,21.8,8.8,15.8,28.9,75.0,33.1,5.0,0,0,0,0
46083,Lincoln County,SD,0.0309,0.008,0.3414,0.2536,0.0506,1.5,2.1,4.2,0.8,10.6,1.4,4.0,2.7,13.3,18.3,7.9,9.1,76.6,20.0,8.1,15.8,28.3,79.3,34.8,3.0,0,0,0,0
46085,Lyman County,SD,0.867,0.6437,0.9052,0.8482,0.9065,10.1,0.0,20.6,1.4,38.6,5.0,8.5,1.2,2.2,16.4,16.3,46.4,73.7,21.8,13.2,15.8,29.7,70.3,40.7,6.0,0,0,0,1
46087,McCook County,SD,0.0366,0.0834,0.1378,0.1696,0.0445,2.2,0.3,9.0,0.2,13.3,2.1,7.4,4.4,0.8,14.4,11.5,7.3,73.5,21.7,8.8,15.8,28.4,76.3,35.9,3.0,0,0,0,0
46089,McPherson County,SD,0.1788,0.2488,0.3643,0.0455,0.1998,4.2,1.9,7.1,1.7,21.1,0.3,18.9,1.0,2.8,13.2,13.1,4.8,72.6,22.1,10.1,15.8,29.3,76.8,36.0,6.0,0,0,0,0
46091,Marshall County,SD,0.1193,0.0395,0.4162,0.4948,0.1871,1.9,0.2,5.3,1.6,12.1,1.2,9.7,8.5,2.9,11.4,10.7,18.0,72.9,20.5,9.5,15.8,29.0,78.7,35.7,6.0,0,0,0,0
46093,Meade County,SD,0.1744,0.2698,0.0315,0.4057,0.3684,2.5,1.7,9.9,0.2,15.7,3.5,4.2,4.5,4.9,24.9,14.0,14.0,74.2,23.0,8.6,15.8,30.4,75.3,30.9,4.0,0,0,0,0
46095,Mellette County,SD,0.8552,0.9265,0.2962,0.952,0.8419,6.6,0.3,28.9,0.0,56.8,16.5,18.0,0.7,0.4,15.3,10.2,67.8,73.4,23.6,18.3,15.8,29.6,67.0,46.2,6.0,0,0,0,1
46097,Miner County,SD,0.2154,0.1925,0.5558,0.1094,0.2631,4.0,0.6,8.0,0.0,17.3,1.4,9.5,2.9,4.0,20.2,18.0,6.2,73.1,21.9,9.7,15.8,29.5,77.6,36.2,6.0,0,0,0,0
46099,Minnehaha County,SD,0.3748,0.1753,0.4594,0.525,0.6583,5.1,6.2,8.2,1.4,15.6,2.4,6.9,5.6,20.1,21.8,10.4,19.8,76.0,22.3,10.0,15.8,30.5,76.3,37.1,3.0,0,0,0,0
46101,Moody County,SD,0.2431,0.0671,0.5221,0.6029,0.4362,3.8,0.8,8.0,1.2,15.2,1.7,5.5,4.8,5.8,17.5,12.9,24.7,74.0,20.5,9.6,15.8,28.7,78.2,33.6,6.0,0,0,0,0
46102,Oglala Lakota County,SD,0.9545,0.9987,0.2494,0.9981,0.9332,22.1,0.1,42.8,0.0,65.8,11.8,26.1,5.3,0.3,25.6,10.7,95.4,72.9,23.5,23.8,15.8,29.1,58.2,47.7,6.0,0,0,0,1
46103,Pennington County,SD,0.5539,0.3917,0.4349,0.5488,0.8053,5.6,1.3,11.1,0.4,19.3,3.5,5.8,5.7,12.9,26.3,14.9,21.5,73.6,21.9,9.9,15.8,28.7,76.2,33.7,4.0,0,0,0,0
46105,Perkins County,SD,0.3417,0.2211,0.4938,0.0379,0.7003,3.4,0.0,9.0,0.0,19.6,4.2,7.8,0.4,3.9,15.7,12.8,4.6,73.2,22.6,10.0,15.8,29.4,73.2,36.1,6.0,0,0,0,0
46107,Potter County,SD,0.0296,0.0356,0.0633,0.2164,0.1184,1.5,1.5,7.1,0.0,14.7,2.8,3.4,0.0,0.0,13.1,10.8,8.1,73.9,21.6,9.0,15.8,28.9,78.2,35.3,6.0,0,0,0,0
46109,Roberts County,SD,0.6694,0.6481,0.5345,0.8291,0.5695,4.2,0.5,18.7,0.0,34.0,5.2,8.9,1.0,2.1,17.0,9.9,44.8,73.7,21.9,12.8,15.8,28.5,70.6,43.5,6.0,0,0,0,0
46111,Sanborn County,SD,0.167,0.1457,0.2768,0.1339,0.3662,7.7,0.0,7.1,0.0,18.3,1.1,8.1,3.8,2.3,19.7,12.3,6.7,73.0,21.7,9.6,15.8,29.4,76.2,36.0,5.0,0,0,0,0
46115,Spink County,SD,0.1381,0.1155,0.336,0.1861,0.2587,4.2,1.1,6.8,0.5,18.7,1.6,9.4,3.3,3.8,15.4,11.2,7.6,73.4,22.3,9.5,15.8,29.3,77.1,36.2,6.0,0,0,0,0
46117,Stanley County,SD,0.0452,0.0108,0.0579,0.3217,0.3213,2.9,0.0,6.1,0.0,7.0,0.2,5.7,4.4,6.1,13.6,13.7,11.0,73.9,21.5,8.5,15.8,28.5,76.3,35.2,5.0,0,0,0,0
46119,Sully County,SD,0.027,0.0312,0.2234,0.2062,0.042,0.8,5.5,8.6,6.6,12.8,0.0,3.8,0.0,1.9,13.9,9.9,7.9,73.7,20.8,8.9,15.8,28.7,78.9,35.0,6.0,0,0,0,0
46121,Todd County,SD,0.9475,0.9605,0.3026,0.9971,0.9914,16.9,0.0,27.6,0.2,66.6,15.1,20.2,4.2,7.9,18.9,7.8,92.5,74.7,23.4,22.9,15.8,29.7,67.9,50.2,6.0,0,0,0,1
46123,Tripp County,SD,0.6236,0.6997,0.4753,0.5352,0.5472,5.6,0.6,10.9,1.1,31.7,4.9,10.2,1.0,5.0,22.2,8.6,20.3,73.6,22.4,11.6,15.8,30.3,74.4,37.8,6.0,0,0,0,0
46125,Turner County,SD,0.0725,0.0853,0.4693,0.0579,0.078,2.4,0.6,5.3,0.5,17.4,2.3,8.6,2.3,3.3,17.1,10.3,5.2,73.4,21.7,9.3,15.8,29.3,79.0,33.9,3.0,0,0,0,0
46127,Union County,SD,0.0627,0.0455,0.3726,0.314,0.076,2.5,0.4,5.1,0.4,12.8,3.0,5.5,4.1,11.5,19.0,11.3,10.8,73.3,20.9,8.6,15.8,29.1,77.4,31.0,4.0,0,0,0,0
46129,Walworth County,SD,0.5024,0.4088,0.378,0.5444,0.672,2.9,2.2,11.7,0.1,21.3,3.6,8.8,2.1,4.1,21.1,13.0,21.1,74.2,21.5,10.2,15.8,29.5,74.9,34.7,6.0,0,0,0,0
46135,Yankton County,SD,0.2014,0.062,0.1903,0.3563,0.7019,5.0,1.2,7.7,1.0,14.7,1.6,6.9,5.3,13.3,15.2,13.8,12.1,73.6,21.3,9.4,15.8,29.1,78.2,38.8,5.0,0,0,0,0
46137,Ziebach County,SD,0.8842,0.9351,0.1527,0.9745,0.971,11.4,0.0,31.6,0.0,50.6,32.0,10.4,6.8,7.4,21.7,9.3,74.9,73.9,23.1,18.1,15.8,31.4,70.3,47.6,6.0,0,0,0,1
47001,Anderson County,TN,0.6363,0.6083,0.7397,0.3649,0.5972,5.4,3.2,9.9,0.8,24.5,5.4,9.1,3.4,8.8,23.0,20.6,12.4,76.4,31.4,11.5,15.8,35.4,71.5,41.9,3.0,0,1,0,0
47003,Bedford County,TN,0.7261,0.7429,0.8692,0.6045,0.4003,3.9,6.5,13.8,2.0,21.8,4.6,15.0,13.6,2.5,24.5,15.4,24.8,75.8,29.9,12.3,15.8,34.9,68.7,44.4,5.0,0,1,0,0
47005,Benton County,TN,0.4508,0.7156,0.5081,0.2323,0.1696,4.2,1.9,10.4,0.0,29.6,6.5,15.3,1.8,0.9,16.8,25.0,8.6,74.9,31.6,12.6,15.8,34.4,67.4,40.5,6.0,0,1,0,0
47007,Bledsoe County,TN,0.6997,0.8823,0.1849,0.3723,0.755,5.2,5.7,17.0,0.5,35.1,6.7,21.9,3.0,0.3,16.7,26.6,12.7,74.4,30.3,13.8,15.8,34.6,67.1,41.3,6.0,0,1,0,0
47009,Blount County,TN,0.2313,0.293,0.168,0.2914,0.342,3.0,2.6,9.9,0.7,16.8,4.1,9.6,3.8,4.2,18.9,13.4,10.1,76.5,30.8,10.6,15.8,33.8,77.0,36.1,3.0,0,1,0,0
47011,Bradley County,TN,0.6726,0.6898,0.7108,0.4556,0.5647,4.7,4.6,10.9,1.4,23.4,5.4,11.8,6.9,4.6,23.2,18.2,16.1,75.5,29.5,11.5,15.8,33.9,71.6,41.5,4.0,0,1,0,0
47013,Campbell County,TN,0.7143,0.896,0.4629,0.021,0.7213,6.2,0.3,10.2,0.2,32.6,7.1,18.8,1.7,3.7,22.3,28.3,4.1,74.6,32.5,12.6,15.8,35.1,71.2,42.2,3.0,0,1,0,0
47015,Cannon County,TN,0.2739,0.4795,0.3417,0.1572,0.1664,4.9,2.5,11.4,0.4,24.7,3.3,14.4,2.7,0.5,18.0,19.6,7.1,74.7,31.5,11.9,15.8,34.7,72.1,42.5,2.0,0,1,0,0
47017,Carroll County,TN,0.5457,0.58,0.5584,0.4537,0.475,6.6,8.8,10.5,0.2,29.1,4.6,11.3,3.1,1.1,19.3,20.1,16.0,74.8,31.1,12.4,15.8,34.5,72.0,43.1,6.0,0,1,0,0
47019,Carter County,TN,0.6666,0.8301,0.5838,0.1572,0.553,5.9,2.2,12.9,0.4,30.6,7.2,12.6,2.7,2.1,21.1,22.2,7.1,75.4,33.3,12.5,15.8,36.7,69.4,38.0,4.0,0,1,0,0
47021,Cheatham County,TN,0.1995,0.272,0.2749,0.2816,0.1947,1.8,1.9,10.2,1.0,16.8,3.7,11.1,3.8,4.5,16.9,14.6,9.8,75.5,29.4,10.5,15.8,32.9,72.7,38.7,2.0,0,1,0,0
47023,Chester County,TN,0.4553,0.6968,0.1387,0.4378,0.3665,4.0,10.3,10.6,0.3,28.6,6.9,14.4,2.9,1.9,16.0,11.8,15.4,76.1,31.4,12.5,15.8,34.9,72.3,40.0,4.0,0,1,0,0
47025,Claiborne County,TN,0.5619,0.8269,0.2415,0.0627,0.5641,5.1,0.8,9.1,0.2,30.3,6.1,17.8,1.5,1.6,22.5,25.9,5.3,75.4,32.2,12.3,15.8,35.4,64.2,42.3,6.0,0,1,0,0
47027,Clay County,TN,0.6605,0.6599,0.9472,0.1037,0.4617,6.5,0.7,8.3,2.3,36.7,5.5,15.0,2.8,2.1,16.6,23.6,6.1,74.2,32.8,13.0,15.8,34.9,71.7,39.9,6.0,0,1,0,0
47029,Cocke County,TN,0.7369,0.9287,0.8807,0.182,0.2759,4.3,1.2,12.8,0.5,34.1,6.2,15.5,2.8,0.2,24.7,23.4,7.5,74.6,32.9,13.2,15.8,35.7,69.2,39.8,5.0,0,1,0,0
47031,Coffee County,TN,0.6411,0.6354,0.9243,0.3847,0.3382,4.3,3.8,9.7,1.1,26.6,4.6,12.6,5.2,4.2,22.0,18.7,13.3,75.5,30.8,11.7,15.8,35.1,68.0,39.4,5.0,0,1,0,0
47033,Crockett County,TN,0.7203,0.6045,0.9733,0.6424,0.349,5.2,11.0,12.1,2.4,24.3,3.8,14.3,11.5,0.5,21.1,16.4,28.0,76.1,29.1,12.8,15.8,33.7,73.0,42.2,4.0,0,1,0,0
47035,Cumberland County,TN,0.3506,0.595,0.2918,0.1094,0.245,5.6,0.8,9.1,0.2,28.4,5.7,10.7,3.2,2.2,19.1,21.1,6.2,75.4,32.4,11.7,15.8,35.0,72.6,39.8,5.0,0,1,0,0
47037,Davidson County,TN,0.7171,0.7054,0.2794,0.825,0.8027,6.7,26.0,12.1,4.8,22.4,4.6,9.7,10.6,25.7,31.3,11.4,44.4,76.1,27.6,11.7,15.8,33.6,78.3,32.5,1.0,0,1,0,0
47039,Decatur County,TN,0.4496,0.762,0.1289,0.2485,0.3548,3.8,2.4,9.9,0.2,31.8,7.9,14.9,3.6,0.9,17.6,16.0,9.0,75.2,32.5,13.5,15.8,35.2,72.4,42.8,6.0,0,1,0,0
47041,DeKalb County,TN,0.8018,0.8988,0.6204,0.3802,0.7388,8.7,1.6,9.7,0.9,33.8,5.0,18.9,8.4,2.0,27.7,21.4,13.0,74.5,31.2,13.0,15.8,35.7,68.7,39.9,6.0,0,1,0,1
47043,Dickson County,TN,0.2316,0.3143,0.3233,0.3484,0.1801,1.9,3.6,9.8,0.4,17.8,3.8,11.6,4.2,1.9,18.1,17.2,11.8,74.6,30.2,10.8,15.8,33.6,76.1,37.1,2.0,0,1,0,0
47045,Dyer County,TN,0.6335,0.7063,0.8832,0.552,0.2129,6.4,13.3,9.4,0.6,27.7,4.5,11.8,3.8,2.6,25.3,18.4,21.7,76.0,31.8,12.6,15.8,34.5,74.2,39.4,5.0,0,1,0,0
47047,Fayette County,TN,0.3668,0.3388,0.5294,0.7066,0.2097,5.0,26.9,8.4,0.9,17.4,5.3,9.7,3.2,0.9,18.6,17.2,33.3,77.0,27.5,12.0,15.8,33.7,76.2,38.7,2.0,0,1,0,0
47049,Fentress County,TN,0.4413,0.7203,0.5107,0.0407,0.1998,5.5,0.3,8.5,0.1,33.0,5.3,19.1,1.8,0.8,18.9,24.0,4.7,74.4,32.4,12.8,15.8,35.0,71.2,44.5,6.0,0,1,0,0
47051,Franklin County,TN,0.4219,0.4407,0.5409,0.363,0.3672,5.5,4.8,9.1,0.5,24.5,2.6,10.0,3.8,0.6,22.9,20.0,12.3,76.0,31.4,11.5,15.8,34.5,72.8,35.8,5.0,0,1,0,0
47053,Gibson County,TN,0.7833,0.7286,0.8848,0.5927,0.6233,9.2,16.0,10.7,0.7,26.9,5.4,12.4,3.0,2.0,22.4,21.1,24.1,76.1,29.5,12.5,15.8,34.3,74.0,39.4,4.0,0,1,0,1
47055,Giles County,TN,0.4524,0.4897,0.4235,0.4779,0.4022,4.0,8.8,8.1,0.4,24.4,5.1,12.0,3.3,3.3,18.7,15.5,17.3,75.7,30.8,12.2,15.8,34.3,69.0,39.9,6.0,0,1,0,0
47057,Grainger County,TN,0.6128,0.8295,0.5727,0.1508,0.4136,6.6,0.9,10.8,1.2,29.4,5.8,19.0,3.6,2.1,21.7,23.3,7.0,74.5,31.6,12.1,15.8,35.5,69.3,40.7,3.0,0,1,0,0
47059,Greene County,TN,0.615,0.6468,0.6882,0.2109,0.6064,4.9,1.7,10.1,0.5,28.0,5.4,13.6,3.3,2.0,18.8,22.2,8.0,74.5,31.0,12.1,15.8,33.8,74.6,40.6,5.0,0,1,0,0
47061,Grundy County,TN,0.5192,0.8247,0.427,0.0579,0.2743,5.9,0.4,13.7,0.2,29.0,6.3,20.5,1.6,0.0,18.5,24.7,5.2,74.9,32.9,13.1,15.8,35.2,69.4,40.4,6.0,0,1,0,0
47063,Hamblen County,TN,0.8591,0.8851,0.9698,0.5237,0.5116,4.9,3.1,13.3,2.8,30.1,6.6,13.6,12.3,6.0,23.3,19.4,19.7,75.3,31.0,12.9,15.8,35.4,69.3,40.3,4.0,0,1,0,1
47065,Hamilton County,TN,0.5635,0.4769,0.553,0.6634,0.5822,5.9,17.7,9.6,1.9,19.5,4.4,9.3,6.2,12.8,24.1,14.7,29.9,76.2,27.4,11.0,15.8,32.3,75.9,34.5,3.0,0,1,0,0
47067,Hancock County,TN,0.8419,0.9621,0.6424,0.015,0.8492,13.5,0.6,11.8,0.2,47.4,10.1,20.2,0.7,0.3,22.4,26.7,3.8,74.4,35.1,15.6,15.8,36.0,66.1,42.6,6.0,0,1,0,1
47069,Hardeman County,TN,0.8871,0.9695,0.6303,0.8447,0.6837,7.0,39.4,10.4,0.3,30.8,12.8,19.1,2.0,0.4,28.2,23.2,46.1,77.8,26.3,15.1,15.8,34.1,71.8,43.8,6.0,0,1,0,1
47071,Hardin County,TN,0.503,0.6799,0.5562,0.2536,0.2892,4.5,3.4,13.2,0.3,31.4,3.3,14.6,2.6,0.9,20.9,19.2,9.1,75.2,32.4,12.8,15.8,34.4,66.4,38.0,6.0,0,1,0,0
47073,Hawkins County,TN,0.5555,0.7458,0.5978,0.0932,0.4178,5.0,1.0,9.7,0.2,27.9,8.6,13.8,1.8,3.5,19.0,23.0,5.9,74.0,32.4,12.4,15.8,35.4,74.6,40.7,3.0,0,1,0,0
47075,Haywood County,TN,0.8883,0.9815,0.8536,0.9001,0.3764,9.7,50.0,11.4,0.2,34.9,8.5,17.8,4.3,2.1,31.7,25.0,56.3,78.0,28.2,16.5,15.8,34.0,76.4,46.6,6.0,0,1,0,1
47077,Henderson County,TN,0.6274,0.6958,0.7022,0.3917,0.4633,4.6,8.2,11.9,0.7,27.1,5.4,12.1,2.7,0.6,20.4,18.0,13.5,75.5,30.3,12.6,15.8,35.2,67.2,38.6,6.0,0,1,0,0
47079,Henry County,TN,0.6118,0.6284,0.7009,0.3939,0.5205,6.2,7.4,11.0,0.1,30.0,4.0,12.9,2.8,2.4,20.6,22.9,13.6,76.3,32.6,12.6,15.8,34.1,70.9,38.1,5.0,0,1,0,0
47081,Hickman County,TN,0.4181,0.5253,0.1845,0.3016,0.5278,3.2,3.4,9.1,0.1,23.2,3.7,17.5,2.9,1.0,20.2,19.9,10.4,74.9,30.6,11.8,15.8,34.8,74.2,38.1,2.0,0,1,0,0
47083,Houston County,TN,0.3847,0.5676,0.3974,0.2485,0.2313,4.2,3.4,11.4,0.0,21.6,4.2,16.0,2.8,0.3,20.1,19.3,9.0,74.5,31.7,11.7,15.8,34.2,72.1,39.2,6.0,0,1,0,0
47085,Humphreys County,TN,0.3735,0.7569,0.1619,0.2733,0.1457,3.3,1.2,10.8,0.0,24.7,10.2,12.7,2.7,1.0,20.5,17.2,9.6,75.1,31.6,11.9,15.8,34.3,72.5,40.8,6.0,0,1,0,0
47087,Jackson County,TN,0.7035,0.7614,0.699,0.1339,0.7105,6.8,0.7,9.7,0.6,30.5,7.2,18.7,2.4,1.6,16.8,25.9,6.7,74.7,32.6,12.8,15.8,35.6,71.1,39.0,5.0,0,1,0,0
47089,Jefferson County,TN,0.4954,0.5008,0.734,0.2485,0.391,2.6,1.7,9.4,1.3,19.9,5.4,12.0,3.9,1.4,19.8,20.4,9.0,75.2,31.7,10.8,15.8,32.7,76.3,37.2,4.0,0,1,0,0
47091,Johnson County,TN,0.6882,0.6904,0.4165,0.2733,0.8925,5.1,3.6,13.2,0.5,33.3,4.4,17.6,2.3,1.7,16.3,21.9,9.6,74.7,31.8,13.4,15.8,35.3,71.8,39.7,6.0,0,1,0,0
47093,Knox County,TN,0.3738,0.3793,0.1871,0.5094,0.5215,5.6,8.2,8.0,1.3,21.0,3.8,7.7,4.8,14.3,24.3,12.3,18.9,76.9,31.0,11.1,15.8,33.1,76.5,34.1,3.0,0,1,0,0
47095,Lake County,TN,0.9345,0.9539,0.3818,0.7146,0.9933,16.7,25.5,16.2,0.7,41.9,7.0,25.7,2.9,6.5,20.9,27.9,34.2,74.7,29.3,17.8,15.8,36.1,69.1,47.3,6.0,0,1,0,1
47097,Lauderdale County,TN,0.9246,0.9294,0.8505,0.7951,0.826,8.3,34.4,10.6,0.6,32.1,6.1,18.0,2.9,1.3,26.7,22.7,41.2,76.7,28.5,15.1,15.8,34.3,71.8,47.2,6.0,0,1,0,1
47099,Lawrence County,TN,0.7391,0.8616,0.875,0.1985,0.4454,7.1,1.4,13.8,1.3,30.1,6.3,14.2,2.5,2.0,22.0,17.5,7.8,74.9,33.2,12.4,15.8,35.1,69.4,41.3,5.0,0,1,0,0
47101,Lewis County,TN,0.5288,0.8393,0.2612,0.2062,0.335,2.8,1.2,12.7,0.0,29.7,5.2,15.6,2.6,0.6,23.5,21.5,7.9,73.8,31.9,11.9,15.8,34.3,67.2,39.1,6.0,0,1,0,0
47103,Lincoln County,TN,0.3726,0.4321,0.5167,0.42,0.2354,4.6,6.2,9.5,0.2,20.6,4.3,11.9,3.9,0.8,19.6,16.5,14.6,75.0,29.8,11.7,15.8,34.4,73.8,40.3,5.0,0,1,0,0
47105,Loudon County,TN,0.1715,0.2447,0.3646,0.3961,0.0894,3.1,1.2,8.2,1.8,19.2,3.0,12.2,9.6,2.8,16.6,14.0,13.7,75.5,29.0,10.8,15.8,34.1,71.6,36.6,3.0,0,1,0,0
47107,McMinn County,TN,0.5705,0.6115,0.6112,0.377,0.5062,3.5,3.4,11.2,0.8,23.6,5.3,13.6,4.5,1.5,19.3,19.2,12.9,76.0,30.7,12.4,15.8,35.2,69.4,46.8,5.0,0,1,0,0
47109,McNairy County,TN,0.3404,0.7073,0.2008,0.3166,0.1129,4.8,5.9,10.1,0.2,30.6,6.2,13.7,2.4,0.1,18.1,16.5,10.9,74.9,31.8,12.9,15.8,34.8,70.1,39.3,6.0,0,1,0,0
47111,Macon County,TN,0.5686,0.7404,0.6752,0.2781,0.3035,3.3,0.6,10.4,1.4,27.3,3.6,22.0,5.3,1.0,23.4,17.3,9.7,74.7,31.4,12.7,15.8,34.3,71.9,42.6,2.0,0,1,0,0
47113,Madison County,TN,0.8969,0.8708,0.8568,0.8365,0.783,7.7,37.1,10.4,1.5,28.0,7.4,10.4,4.3,5.2,30.2,16.6,45.5,80.2,27.7,14.1,15.8,32.1,77.6,44.3,4.0,0,1,0,1
47115,Marion County,TN,0.4951,0.7044,0.5087,0.2536,0.2692,4.5,2.9,8.7,0.2,27.5,5.7,19.2,2.1,1.2,18.9,21.5,9.1,74.9,32.1,12.6,15.8,34.1,72.8,40.2,3.0,0,1,0,0
47117,Marshall County,TN,0.3513,0.5422,0.4438,0.4416,0.1155,2.1,4.7,6.8,0.9,24.9,5.8,10.8,6.0,1.7,21.2,12.0,15.6,75.0,30.9,11.7,15.8,33.9,72.4,39.5,5.0,0,1,0,0
47119,Maury County,TN,0.2214,0.2708,0.2969,0.5581,0.1486,2.6,10.8,9.1,0.8,16.5,2.5,8.2,6.6,5.2,23.2,11.6,22.0,75.0,28.6,10.8,15.8,33.5,76.2,34.8,2.0,0,1,0,0
47121,Meigs County,TN,0.4881,0.7776,0.216,0.2733,0.3369,4.3,2.4,11.7,0.2,23.4,7.5,17.9,1.2,0.1,19.7,21.9,9.6,74.8,32.0,12.2,15.8,34.8,69.6,40.4,5.0,0,1,0,0
47123,Monroe County,TN,0.7569,0.8266,0.854,0.3535,0.4957,4.9,1.8,11.1,0.6,28.6,6.6,14.3,4.6,1.9,22.3,22.5,12.0,74.8,32.6,12.2,15.8,35.0,72.9,38.8,6.0,0,1,0,1
47125,Montgomery County,TN,0.5997,0.5183,0.7801,0.7706,0.3793,3.6,19.6,8.6,0.9,20.0,6.1,5.9,10.7,5.8,26.7,15.5,39.1,77.6,27.8,11.8,15.8,33.3,74.8,38.5,3.0,0,1,0,0
47127,Moore County,TN,0.2262,0.5151,0.1884,0.1928,0.1072,2.9,3.7,5.8,0.1,27.5,4.2,13.9,0.5,0.3,21.8,15.7,7.7,75.1,30.6,11.3,15.8,34.3,72.1,38.4,5.0,0,1,0,0
47129,Morgan County,TN,0.6122,0.8727,0.1483,0.2692,0.6192,4.4,4.7,11.0,0.1,30.8,8.4,18.6,1.6,0.2,20.2,23.2,9.5,74.6,30.9,12.4,15.8,35.0,68.0,43.0,3.0,0,1,0,0
47131,Obion County,TN,0.6064,0.658,0.7878,0.5269,0.3118,7.3,10.5,8.8,0.6,28.3,5.0,15.2,5.1,1.4,20.1,22.7,19.9,75.4,31.7,13.0,15.8,34.2,72.1,40.2,5.0,0,1,0,0
47133,Overton County,TN,0.252,0.5011,0.3064,0.0337,0.1479,4.6,1.3,7.3,0.1,28.7,3.5,17.8,1.9,0.6,18.7,17.3,4.5,75.0,32.0,12.4,15.8,34.8,71.8,40.6,5.0,0,1,0,0
47135,Perry County,TN,0.4677,0.8715,0.2227,0.2536,0.1553,3.6,0.4,16.4,0.0,28.0,10.9,20.0,1.0,0.6,17.4,18.7,9.1,74.6,31.9,13.0,15.8,34.7,69.6,39.8,6.0,0,1,0,0
47137,Pickett County,TN,0.3283,0.5864,0.2421,0.0455,0.2765,8.2,0.3,8.4,0.0,32.8,4.5,18.5,2.2,0.4,15.2,26.7,4.8,74.5,33.0,13.3,15.8,35.3,69.2,41.9,6.0,0,1,0,0
47139,Polk County,TN,0.5157,0.7534,0.1836,0.265,0.497,5.7,0.4,15.5,0.1,25.2,7.8,15.3,2.2,0.3,15.9,21.8,9.4,74.8,32.1,11.7,15.8,34.6,72.1,43.0,4.0,0,1,0,0
47141,Putnam County,TN,0.5536,0.7108,0.2564,0.3748,0.5743,4.1,2.1,9.0,1.2,28.0,4.5,10.8,6.7,6.3,27.4,13.9,12.8,75.5,29.2,11.7,15.8,35.1,68.0,38.8,5.0,0,1,0,0
47143,Rhea County,TN,0.7238,0.7671,0.8721,0.3535,0.4734,6.6,1.7,11.1,1.1,29.7,7.9,16.7,5.5,0.8,16.1,21.5,12.0,75.5,31.5,12.8,15.8,34.6,75.7,42.4,6.0,0,1,0,0
47145,Roane County,TN,0.3083,0.405,0.2189,0.2399,0.4098,5.4,2.7,7.4,0.3,22.1,4.9,10.1,2.2,3.6,20.0,18.6,8.8,75.9,31.7,11.1,15.8,34.0,72.5,36.8,3.0,0,1,0,0
47147,Robertson County,TN,0.279,0.3834,0.4591,0.504,0.1075,3.0,7.1,9.4,1.4,17.9,3.8,11.4,7.7,2.8,21.2,13.8,18.6,75.0,28.8,11.1,15.8,34.2,71.9,36.4,2.0,0,1,0,0
47149,Rutherford County,TN,0.4267,0.363,0.5657,0.699,0.3003,2.5,15.0,9.3,2.7,17.2,3.9,7.3,9.1,12.0,25.0,11.1,32.5,76.7,26.4,11.1,15.8,33.4,75.7,38.1,2.0,0,1,0,0
47151,Scott County,TN,0.7388,0.9685,0.9077,0.0073,0.2141,4.2,0.3,12.0,0.3,39.7,9.6,19.6,0.2,2.1,23.5,26.7,3.2,74.1,33.7,14.0,15.8,35.9,69.8,43.1,6.0,0,1,0,0
47153,Sequatchie County,TN,0.504,0.6732,0.7903,0.1928,0.1759,3.7,0.5,12.2,1.1,33.4,3.3,16.0,4.0,0.4,20.0,21.4,7.7,74.7,33.0,13.1,15.8,34.7,71.6,39.2,3.0,0,1,0,0
47155,Sevier County,TN,0.566,0.5902,0.6831,0.342,0.4817,3.6,0.9,13.2,2.0,23.2,3.5,12.3,6.9,8.2,22.7,17.4,11.6,75.4,30.7,11.5,15.8,34.8,70.2,38.1,5.0,0,1,0,0
47157,Shelby County,TN,0.8708,0.8976,0.7827,0.944,0.6297,8.4,53.6,11.9,1.9,27.8,7.3,10.4,6.8,12.3,32.7,12.7,65.5,80.5,25.2,14.6,15.8,34.5,78.3,39.6,1.0,0,1,0,0
47159,Smith County,TN,0.4146,0.4718,0.5542,0.2692,0.3258,5.3,1.7,9.6,0.6,23.7,3.5,13.4,3.2,0.6,20.0,17.0,9.5,74.4,31.0,11.2,15.8,33.6,74.4,38.5,2.0,0,1,0,0
47161,Stewart County,TN,0.3885,0.3592,0.539,0.2854,0.4324,5.6,0.7,10.9,1.0,19.8,3.8,11.5,3.6,1.0,17.6,18.4,9.9,75.0,30.6,11.0,15.8,33.9,73.2,37.7,3.0,0,1,0,0
47163,Sullivan County,TN,0.4839,0.6761,0.4283,0.1861,0.364,4.9,1.9,9.3,0.2,25.5,6.2,10.7,2.2,4.9,22.2,18.8,7.6,76.4,32.3,11.9,15.8,32.6,73.3,37.7,3.0,0,1,0,0
47165,Sumner County,TN,0.2927,0.3032,0.4136,0.5094,0.2396,3.3,8.2,7.9,1.2,15.8,3.5,8.7,5.7,9.7,23.9,12.9,18.9,76.0,30.1,10.5,15.8,34.7,74.3,40.2,2.0,0,1,0,0
47167,Tipton County,TN,0.4158,0.4963,0.7121,0.615,0.0948,4.3,18.5,9.3,0.4,20.2,5.4,11.0,2.9,1.1,20.2,17.8,25.5,76.2,29.4,12.3,15.8,34.5,75.6,43.6,2.0,0,1,0,0
47169,Trousdale County,TN,0.2157,0.4734,0.0073,0.4973,0.3917,2.3,11.8,8.7,0.1,18.3,0.8,14.0,2.9,2.5,29.1,12.1,18.1,74.5,28.6,12.3,15.8,34.4,73.7,39.3,2.0,0,1,0,0
47171,Unicoi County,TN,0.5371,0.6939,0.5689,0.2364,0.3834,5.5,0.3,8.9,0.6,30.5,5.4,12.0,5.9,1.5,21.4,22.2,8.7,75.0,31.7,12.6,15.8,35.4,65.4,39.1,4.0,0,1,0,0
47173,Union County,TN,0.3783,0.6338,0.3952,0.0474,0.2199,3.2,0.5,8.6,0.1,25.4,5.7,19.6,2.0,0.9,17.6,21.9,4.9,74.7,31.3,11.7,15.8,34.3,70.8,39.7,3.0,0,1,0,0
47175,Van Buren County,TN,0.623,0.7359,0.3462,0.0474,0.8183,11.3,0.1,16.6,0.2,30.0,4.1,19.4,0.9,0.0,18.5,25.3,4.9,74.8,31.7,11.8,15.8,34.9,68.1,38.7,6.0,0,1,0,0
47177,Warren County,TN,0.7805,0.7117,0.9529,0.4518,0.5819,5.1,2.6,13.6,1.5,28.4,3.9,16.3,9.5,2.0,20.7,18.9,15.9,75.4,30.7,13.1,15.8,34.1,70.7,42.0,5.0,0,1,0,1
47179,Washington County,TN,0.5857,0.6067,0.2895,0.3697,0.7868,5.5,3.7,9.9,1.0,25.7,5.0,9.0,3.9,9.1,23.3,16.5,12.6,75.4,31.8,11.2,15.8,32.4,71.7,36.3,4.0,0,1,0,0
47181,Wayne County,TN,0.7474,0.7576,0.4375,0.3248,0.9195,6.6,4.8,12.7,0.4,32.2,4.6,17.7,2.4,1.1,19.5,19.4,11.1,74.5,29.9,12.8,15.8,35.2,72.2,40.2,6.0,0,1,0,0
47183,Weakley County,TN,0.608,0.6376,0.4833,0.4165,0.6484,6.7,7.9,11.6,0.5,30.7,4.0,12.5,3.0,2.1,20.4,19.9,14.5,75.6,30.8,12.8,15.8,34.2,72.9,41.1,5.0,0,1,0,0
47185,White County,TN,0.5154,0.874,0.3112,0.1696,0.2195,4.1,1.8,12.9,0.1,30.0,5.4,18.2,2.9,0.5,22.9,16.7,7.3,75.0,32.9,12.4,15.8,34.5,68.2,39.4,5.0,0,1,0,0
47187,Williamson County,TN,0.0165,0.0032,0.1352,0.4779,0.0382,2.2,3.9,4.2,0.8,6.5,2.1,4.0,5.1,9.5,16.3,7.3,17.3,76.6,25.6,8.5,15.8,33.5,80.1,28.7,2.0,0,1,0,0
47189,Wilson County,TN,0.175,0.139,0.4696,0.4932,0.1381,2.4,6.9,7.0,1.3,13.5,3.7,6.9,5.0,6.9,19.8,12.8,17.9,77.2,27.6,9.8,15.8,33.9,75.4,30.7,2.0,0,1,0,0
48001,Anderson County,TX,0.896,0.7862,0.5428,0.8129,0.9943,6.5,18.7,17.4,2.0,25.7,3.9,15.2,18.3,3.5,24.6,16.8,43.3,71.9,22.1,13.0,15.8,32.8,70.9,39.5,5.0,0,1,0,1
48003,Andrews County,TX,0.6834,0.7254,0.608,0.9259,0.3853,1.6,2.3,24.9,8.2,22.5,2.7,26.2,57.9,2.5,22.7,11.9,61.6,71.3,21.8,12.9,15.8,32.6,71.6,36.6,5.0,0,1,0,0
48005,Angelina County,TX,0.9917,0.9386,0.9876,0.7916,0.9656,5.6,12.6,18.6,3.6,30.8,6.0,16.0,23.0,6.1,24.7,19.1,40.7,73.3,24.9,13.0,15.8,36.0,74.9,41.0,5.0,0,1,0,1
48007,Aransas County,TX,0.7614,0.7849,0.3952,0.714,0.7865,5.1,0.8,15.5,0.7,26.3,4.4,11.4,28.9,5.3,27.0,16.9,34.1,72.4,24.3,11.4,15.8,33.9,70.8,36.4,3.0,0,1,0,1
48009,Archer County,TX,0.2657,0.3843,0.7531,0.3748,0.035,2.5,0.5,16.6,1.2,18.9,3.1,8.8,8.6,0.3,20.6,17.6,12.8,72.3,25.3,9.9,15.8,32.0,73.2,34.7,4.0,0,1,0,0
48011,Armstrong County,TX,0.0865,0.0643,0.56,0.3802,0.0458,0.0,0.8,7.3,0.9,14.7,0.2,7.2,9.4,0.0,16.7,11.7,13.0,72.6,24.8,9.4,15.8,31.8,69.9,33.3,3.0,0,1,0,0
48013,Atascosa County,TX,0.8664,0.8279,0.8349,0.9551,0.6707,5.5,1.0,21.4,5.9,23.7,6.4,19.4,65.7,1.4,19.7,11.8,68.7,71.8,21.0,14.0,15.8,33.6,71.2,42.2,2.0,0,1,0,1
48015,Austin County,TX,0.7133,0.5991,0.8877,0.7821,0.4547,3.5,8.6,14.0,3.5,22.2,3.8,12.1,28.2,1.6,22.6,13.0,39.9,72.1,23.2,11.8,15.8,32.3,69.2,37.5,2.0,0,1,0,0
48017,Bailey County,TX,0.7843,0.4712,0.9138,0.966,0.7792,13.2,0.2,32.1,18.5,19.1,2.1,26.8,67.9,0.2,14.9,13.0,71.9,71.0,21.6,14.3,15.8,33.6,69.1,39.5,6.0,0,1,0,1
48019,Bandera County,TX,0.5899,0.5838,0.6519,0.6198,0.44,1.5,0.9,13.9,2.3,21.5,6.7,8.0,20.5,0.2,20.2,18.8,25.9,72.6,24.9,10.8,15.8,33.0,71.8,35.4,2.0,0,1,0,0
48021,Bastrop County,TX,0.7566,0.7276,0.5517,0.8791,0.6872,2.9,6.2,19.2,4.8,20.5,4.4,16.9,41.2,2.2,22.7,12.1,51.7,71.7,22.2,12.0,15.8,33.3,69.3,40.1,2.0,0,1,0,1
48023,Baylor County,TX,0.462,0.5358,0.5313,0.525,0.2647,3.1,1.5,16.3,0.0,18.9,1.1,13.0,11.2,0.5,24.8,23.6,19.8,71.8,25.7,11.6,15.8,32.9,74.9,36.5,6.0,0,1,0,0
48025,Bee County,TX,0.9166,0.9507,0.4098,0.9599,0.9329,5.0,6.3,17.2,3.2,30.8,6.4,19.8,59.8,3.0,23.8,15.2,70.2,70.9,19.3,14.6,15.8,33.3,69.6,39.5,5.0,0,1,0,1
48027,Bell County,TX,0.937,0.8871,0.8861,0.9033,0.881,5.8,21.7,14.5,2.3,26.1,7.7,9.2,26.2,10.1,30.7,14.8,56.8,76.1,24.4,13.0,15.8,30.3,74.9,43.5,3.0,0,1,0,0
48029,Bexar County,TX,0.9192,0.8995,0.8635,0.972,0.7712,6.4,7.0,16.0,5.6,25.0,5.5,14.1,61.0,17.6,30.6,14.3,73.9,72.0,22.0,13.8,15.8,31.2,72.7,34.2,1.0,0,1,0,1
48031,Blanco County,TX,0.2339,0.3999,0.2593,0.615,0.0694,1.8,0.2,15.2,1.4,15.5,3.9,9.7,20.0,0.6,20.8,14.5,25.5,72.6,23.3,9.2,15.8,31.6,75.4,34.3,6.0,0,1,0,0
48033,Borden County,TX,0.0267,0.0006,0.1311,0.4932,0.1193,1.4,1.5,2.3,0.5,2.6,1.8,5.5,7.6,0.0,2.8,10.5,17.9,72.5,24.4,9.3,15.8,31.9,77.8,33.0,6.0,0,1,0,0
48035,Bosque County,TX,0.5794,0.4919,0.7964,0.5994,0.4356,2.9,1.9,18.2,2.2,22.3,3.9,12.3,19.6,1.3,16.8,19.3,24.5,72.5,24.8,10.5,15.8,32.3,72.0,36.1,3.0,0,1,0,0
48037,Bowie County,TX,0.8766,0.7413,0.7114,0.7585,0.9768,6.2,25.1,15.5,1.1,26.8,4.0,10.0,8.1,5.9,27.2,12.6,37.8,73.2,24.2,12.1,15.8,31.6,66.9,36.9,4.0,0,1,0,1
48039,Brazoria County,TX,0.6519,0.4588,0.5966,0.9007,0.7245,2.7,15.0,13.4,3.6,14.2,4.6,11.2,31.9,11.7,20.9,9.7,56.4,75.4,19.9,11.3,15.8,31.8,73.4,35.8,2.0,0,1,0,0
48041,Brazos County,TX,0.804,0.8368,0.1464,0.8377,0.9392,5.5,10.4,12.2,3.2,31.9,4.6,10.7,26.3,18.3,37.7,9.6,45.6,74.2,23.0,12.5,15.8,32.6,71.8,32.8,3.0,0,1,0,0
48043,Brewster County,TX,0.6478,0.5352,0.4168,0.8603,0.7359,6.1,0.3,11.9,2.1,23.3,3.0,11.1,45.5,5.1,23.3,12.2,48.1,72.9,21.1,10.5,15.8,32.0,73.2,33.6,6.0,0,1,0,0
48045,Briscoe County,TX,0.5479,0.8587,0.8072,0.8101,0.008,4.0,4.2,20.9,4.9,48.0,3.3,15.4,35.2,0.1,23.9,21.1,43.1,71.8,24.6,13.3,15.8,33.3,67.5,39.8,6.0,0,1,0,0
48047,Brooks County,TX,0.9163,0.9014,0.8377,0.9965,0.7687,15.5,0.6,24.6,7.0,41.9,2.1,29.9,89.4,1.3,25.6,23.9,91.7,70.7,19.7,18.2,15.8,34.2,62.8,43.2,5.0,0,1,0,1
48049,Brown County,TX,0.9135,0.742,0.9631,0.6701,0.943,5.7,3.3,17.3,2.0,24.7,3.8,12.6,23.3,4.6,25.3,21.3,30.3,71.9,24.6,11.4,15.8,32.6,70.6,35.2,5.0,0,1,0,1
48051,Burleson County,TX,0.5049,0.4034,0.5399,0.7436,0.4664,3.4,12.1,13.8,5.2,18.1,3.8,16.3,21.6,2.1,12.6,13.7,36.6,72.6,23.2,11.0,15.8,32.2,70.3,35.8,3.0,0,1,0,0
48053,Burnet County,TX,0.5819,0.4986,0.6911,0.6437,0.5046,3.3,1.3,17.4,2.8,19.1,3.4,11.6,22.7,2.2,21.1,15.9,28.1,72.3,23.6,10.3,15.8,32.2,72.5,35.4,6.0,0,1,0,0
48055,Caldwell County,TX,0.8956,0.7299,0.7442,0.9364,0.9745,4.5,4.4,24.5,5.8,26.2,2.4,19.7,55.1,3.6,21.9,16.1,63.3,71.9,21.6,13.5,15.8,33.0,68.3,42.4,2.0,0,1,0,1
48057,Calhoun County,TX,0.72,0.3605,0.9675,0.9163,0.6007,4.1,2.3,9.5,4.4,18.5,3.4,15.7,50.0,4.4,17.9,18.8,59.3,71.7,20.9,12.2,15.8,32.8,71.0,35.1,5.0,0,1,0,0
48059,Callahan County,TX,0.2956,0.4155,0.5444,0.4699,0.0929,3.4,1.2,17.2,0.8,19.6,4.8,7.9,10.7,0.2,18.1,21.1,16.9,72.7,25.3,10.2,15.8,32.8,70.6,36.0,4.0,0,1,0,0
48061,Cameron County,TX,0.9844,0.9895,0.9163,0.9962,0.8317,6.8,0.4,27.5,15.4,40.0,5.7,29.1,90.0,10.4,27.9,12.2,91.6,70.8,19.1,17.5,15.8,33.5,72.1,41.0,3.0,0,1,0,1
48063,Camp County,TX,0.917,0.9163,0.9927,0.8492,0.4458,5.0,14.3,22.3,3.4,34.7,5.4,12.8,26.8,1.8,24.6,17.4,46.5,73.2,24.3,13.7,15.8,33.0,69.1,40.2,5.0,0,1,0,1
48065,Carson County,TX,0.083,0.0888,0.2151,0.4636,0.0945,2.8,1.2,10.3,0.6,12.6,1.9,7.6,10.6,0.7,11.1,9.8,16.6,72.4,24.5,9.3,15.8,31.9,73.3,33.8,3.0,0,1,0,0
48067,Cass County,TX,0.8619,0.8396,0.9663,0.6045,0.5644,6.1,15.0,13.7,0.7,28.6,7.2,12.4,5.3,1.3,22.1,21.0,24.8,73.3,25.8,12.0,15.8,32.4,69.4,39.3,6.0,0,1,0,1
48069,Castro County,TX,0.7801,0.7315,0.7716,0.9583,0.5476,3.2,1.4,23.5,8.8,25.0,3.6,24.8,65.4,5.0,20.0,8.2,69.4,71.2,20.7,13.7,15.8,33.1,68.7,38.9,6.0,0,1,0,1
48071,Chambers County,TX,0.4798,0.5663,0.5148,0.7391,0.1938,2.5,7.1,15.9,2.7,17.6,7.5,10.8,25.2,1.7,17.5,10.9,36.3,72.3,23.3,10.7,15.8,31.7,74.5,34.6,2.0,0,1,0,0
48073,Cherokee County,TX,0.9717,0.9306,0.9259,0.7941,0.9551,6.1,13.1,20.8,4.6,30.6,5.8,21.1,24.3,2.1,22.2,12.6,41.1,72.7,24.3,12.6,15.8,32.3,68.1,35.9,5.0,0,1,0,1
48075,Childress County,TX,0.7178,0.9408,0.5759,0.867,0.1451,2.1,7.0,20.3,2.1,32.5,8.6,18.0,37.4,0.8,20.9,16.3,49.2,71.3,22.2,12.0,15.8,32.6,68.5,37.3,6.0,0,1,0,0
48077,Clay County,TX,0.1772,0.161,0.602,0.363,0.1044,3.3,0.3,15.8,0.7,16.4,1.8,7.1,7.1,0.3,14.3,20.5,12.3,72.4,25.4,9.8,15.8,32.3,72.0,34.8,4.0,0,1,0,0
48079,Cochran County,TX,0.938,0.9135,0.8928,0.9481,0.8005,6.0,5.3,19.3,10.6,43.2,7.1,30.6,60.9,1.0,15.8,18.2,67.0,71.1,23.3,17.1,15.8,34.2,67.4,42.8,3.0,0,1,0,1
48081,Coke County,TX,0.6379,0.6885,0.9287,0.6268,0.1715,3.6,1.6,12.7,1.6,29.5,3.0,14.0,23.1,0.0,23.1,19.2,26.6,71.8,25.1,11.8,15.8,32.9,68.4,37.0,6.0,0,1,0,0
48083,Coleman County,TX,0.6449,0.692,0.9055,0.5994,0.2154,6.8,3.2,25.0,2.2,25.6,6.3,11.8,18.3,2.0,15.7,21.0,24.5,72.4,25.2,11.3,15.8,32.7,73.0,37.2,6.0,0,1,0,0
48085,Collin County,TX,0.2997,0.2393,0.3598,0.8543,0.2358,2.9,10.3,10.1,3.7,11.3,4.2,5.6,15.6,20.8,22.2,7.5,47.3,74.6,20.0,9.1,15.8,33.1,78.7,31.6,1.0,0,1,0,0
48087,Collingsworth County,TX,0.8498,0.6793,0.9984,0.7725,0.4913,4.0,6.8,30.3,2.8,30.8,2.8,22.2,29.3,2.1,16.6,15.7,39.2,72.3,24.2,12.7,15.8,32.9,69.0,39.1,6.0,0,1,0,1
48089,Colorado County,TX,0.7639,0.6214,0.6586,0.8352,0.7951,5.6,11.9,15.0,2.8,22.2,5.7,15.6,31.4,2.5,14.9,14.2,45.4,72.5,22.4,11.6,15.8,32.1,74.0,36.7,6.0,0,1,0,1
48091,Comal County,TX,0.2749,0.2374,0.37,0.7276,0.2189,2.5,2.2,11.2,1.8,12.2,3.7,6.4,28.6,11.0,21.4,14.4,35.3,74.7,21.1,9.2,15.8,28.4,70.3,34.5,2.0,0,1,0,0
48093,Comanche County,TX,0.7267,0.7642,0.8772,0.7038,0.301,4.3,0.4,17.5,3.7,22.0,7.3,15.4,29.2,0.8,18.9,19.1,33.1,71.9,23.9,11.4,15.8,32.4,67.4,37.1,6.0,0,1,0,0
48095,Concho County,TX,0.7534,0.3936,0.9857,0.8403,0.6182,4.3,4.2,10.0,14.6,21.8,2.3,25.1,38.8,0.8,15.2,21.6,45.8,70.6,20.3,12.7,15.8,32.8,67.6,37.7,6.0,0,1,0,1
48097,Cooke County,TX,0.6946,0.5453,0.8486,0.6287,0.6214,4.8,3.2,15.0,3.6,20.3,3.9,11.2,19.0,4.1,21.9,13.7,26.8,72.3,24.6,10.8,15.8,32.1,67.5,36.2,5.0,0,1,0,0
48099,Coryell County,TX,0.833,0.7757,0.7528,0.819,0.7626,4.2,12.6,12.4,1.4,21.4,7.1,10.0,19.6,4.4,26.6,19.4,44.0,74.2,23.5,11.5,15.8,31.3,73.0,38.0,3.0,0,1,0,0
48101,Cottle County,TX,0.6732,0.6828,0.9294,0.7843,0.1864,7.9,6.6,10.5,0.0,38.9,4.1,18.1,23.6,0.7,17.9,27.8,40.1,72.5,24.3,13.9,15.8,33.1,70.3,40.5,6.0,0,1,0,0
48103,Crane County,TX,0.7092,0.4747,0.4012,0.9625,0.916,9.5,1.5,22.0,10.7,18.9,3.0,25.0,65.9,0.9,11.6,5.7,71.1,71.0,20.4,14.5,15.8,33.2,70.3,40.0,6.0,0,1,0,0
48105,Crockett County,TX,0.4098,0.3745,0.7305,0.9141,0.0913,0.0,0.4,18.1,5.4,15.4,2.0,28.1,58.6,2.2,11.0,12.6,59.0,70.4,21.2,13.4,15.8,33.1,69.9,37.6,6.0,0,1,0,0
48107,Crosby County,TX,0.9504,0.8438,0.9997,0.9303,0.6048,6.1,2.6,20.0,3.4,33.8,4.9,22.2,56.8,1.1,18.9,21.4,62.1,71.6,22.4,14.6,15.8,33.5,68.0,41.0,3.0,0,1,0,1
48109,Culberson County,TX,0.8393,0.826,0.7986,0.9917,0.5527,10.7,0.2,14.5,6.4,28.7,10.1,23.6,81.3,1.9,9.5,23.9,88.6,70.6,21.0,16.2,15.8,33.7,70.4,40.8,6.0,0,1,0,1
48111,Dallam County,TX,0.6039,0.6637,0.2568,0.8842,0.5313,3.4,0.1,25.3,11.8,29.8,2.6,22.0,47.9,6.7,16.9,10.5,52.8,71.3,22.2,14.6,15.8,33.6,67.9,39.7,6.0,0,1,0,0
48113,Dallas County,TX,0.8925,0.9271,0.7184,0.9685,0.7171,6.7,22.2,21.6,10.1,24.3,4.9,18.9,41.0,29.3,32.2,10.2,72.6,75.5,19.1,12.5,15.8,34.5,73.6,35.7,1.0,0,1,0,0
48115,Dawson County,TX,0.9876,0.9981,0.9338,0.9551,0.7709,8.3,7.6,19.9,3.2,40.0,9.5,29.8,58.6,1.6,27.2,16.4,68.7,70.5,21.1,15.3,15.8,33.8,67.0,40.0,6.0,0,1,0,1
48117,Deaf Smith County,TX,0.7245,0.6615,0.8206,0.9793,0.3885,3.4,1.4,23.2,8.3,32.5,2.1,27.8,75.4,3.4,15.7,8.2,77.8,71.0,20.9,16.0,15.8,34.1,65.0,41.3,5.0,0,1,0,0
48119,Delta County,TX,0.3665,0.5985,0.4101,0.5597,0.0818,3.3,8.8,7.0,0.5,23.5,6.4,10.8,9.5,0.4,22.6,17.2,22.1,72.5,25.7,10.9,15.8,32.3,72.5,37.0,6.0,0,1,0,0
48121,Denton County,TX,0.3796,0.3051,0.3684,0.825,0.3357,3.1,10.2,10.9,3.3,12.1,4.0,6.7,19.8,18.1,23.4,8.8,44.4,74.1,20.7,9.6,15.8,34.0,79.2,33.2,2.0,0,1,0,0
48123,DeWitt County,TX,0.8441,0.7887,0.5418,0.8508,0.9096,7.7,7.7,17.3,2.0,26.6,5.2,15.9,36.4,1.4,20.5,16.6,46.7,72.0,22.5,13.1,15.8,32.5,68.9,37.5,6.0,0,1,0,1
48125,Dickens County,TX,0.7588,0.8431,0.9446,0.7938,0.1508,5.3,1.9,14.8,1.6,27.4,9.7,14.5,38.2,0.0,19.7,20.2,41.0,71.8,23.7,12.2,15.8,33.0,70.9,38.1,6.0,0,1,0,1
48127,Dimmit County,TX,0.9994,0.9812,0.9971,0.994,0.9631,14.9,0.6,17.3,4.9,60.9,4.7,27.2,88.0,2.0,31.3,18.3,90.3,71.4,21.5,21.5,15.8,35.4,61.6,47.7,6.0,0,1,0,1
48129,Donley County,TX,0.3353,0.4957,0.0608,0.5711,0.4006,3.7,6.5,17.2,0.1,20.6,0.0,15.5,12.5,0.6,20.6,9.3,22.7,72.0,25.3,10.9,15.8,32.2,73.4,35.9,6.0,0,1,0,0
48131,Duval County,TX,0.9768,0.8925,0.9841,0.9936,0.9045,10.2,0.9,20.2,4.2,32.6,8.4,26.6,88.7,0.3,14.0,20.8,90.1,70.5,20.0,17.0,15.8,34.1,72.1,42.2,6.0,0,1,0,1
48133,Eastland County,TX,0.8616,0.7467,0.9131,0.5679,0.8797,6.3,2.3,16.2,1.7,26.4,4.9,14.6,17.3,2.9,20.3,19.2,22.6,71.8,25.4,11.4,15.8,32.5,70.1,36.2,6.0,0,1,0,1
48135,Ector County,TX,0.9421,0.9364,0.7906,0.9618,0.8645,5.2,4.5,21.8,6.7,24.7,5.8,23.2,63.6,11.8,25.6,10.2,71.0,70.1,20.8,13.6,15.8,32.6,72.5,40.1,4.0,0,1,0,1
48137,Edwards County,TX,0.6844,0.8492,0.8008,0.8756,0.1079,3.0,1.0,25.9,4.9,40.9,0.0,25.6,49.5,0.0,23.8,14.3,50.8,71.1,21.9,13.7,15.8,33.2,65.8,38.9,6.0,0,1,0,0
48139,Ellis County,TX,0.5695,0.4801,0.755,0.8171,0.3522,2.9,12.5,16.1,3.2,14.7,3.9,11.7,27.5,6.4,21.9,12.0,43.8,73.4,22.7,10.9,15.8,33.1,73.8,36.9,2.0,0,1,0,0
48141,El Paso County,TX,0.9825,0.9898,0.9182,0.992,0.8145,6.5,2.8,21.8,13.1,31.8,6.8,20.0,82.9,10.5,31.4,13.9,88.8,74.7,19.9,15.3,15.8,32.0,71.9,34.4,3.0,0,1,0,0
48143,Erath County,TX,0.7996,0.9061,0.1454,0.6316,0.9198,4.1,1.4,14.8,3.5,27.6,5.6,12.9,21.8,8.5,30.1,12.9,27.0,72.3,24.7,11.0,15.8,32.1,66.4,35.8,5.0,0,1,0,1
48145,Falls County,TX,0.972,0.9803,0.5132,0.8734,0.992,8.9,20.1,16.9,1.6,36.0,7.4,17.5,24.8,3.4,25.7,18.7,50.4,73.5,23.9,13.8,15.8,32.6,70.4,40.3,3.0,0,1,0,1
48147,Fannin County,TX,0.643,0.7047,0.3519,0.5759,0.6713,3.2,6.0,15.6,1.7,23.7,4.7,14.3,12.6,1.9,21.0,15.2,23.0,72.1,25.1,11.4,15.8,32.9,71.7,39.1,5.0,0,1,0,0
48149,Fayette County,TX,0.5234,0.3471,0.5883,0.6685,0.6185,4.8,6.0,11.0,2.0,17.2,3.5,10.1,22.0,4.4,20.7,15.6,30.2,72.9,23.1,10.1,15.8,31.7,72.4,34.4,6.0,0,1,0,0
48151,Fisher County,TX,0.4248,0.328,0.9644,0.7735,0.0433,5.6,3.1,13.0,3.0,19.0,2.9,13.8,32.8,0.1,13.1,18.1,39.3,72.3,23.4,10.8,15.8,31.9,73.7,36.1,6.0,0,1,0,0
48153,Floyd County,TX,0.7722,0.7865,0.9895,0.9405,0.1024,10.2,2.6,24.3,6.4,29.4,4.1,28.8,59.3,1.4,18.9,15.6,64.2,71.4,21.8,14.4,15.8,33.5,68.0,39.7,5.0,0,1,0,1
48155,Foard County,TX,0.6071,0.9335,0.4257,0.6936,0.0951,5.4,0.3,12.1,0.1,34.9,5.9,19.6,13.6,0.0,24.2,19.8,32.1,72.4,26.1,13.6,15.8,33.5,67.5,41.0,6.0,0,1,0,0
48157,Fort Bend County,TX,0.4515,0.3824,0.5431,0.959,0.2393,2.8,20.0,11.8,5.0,12.7,5.2,8.5,25.1,8.4,20.8,7.3,69.7,74.5,17.6,11.1,15.8,32.4,77.1,29.4,2.0,0,1,0,0
48159,Franklin County,TX,0.3821,0.3863,0.7999,0.5797,0.0964,1.9,4.5,15.2,2.2,11.6,6.5,8.5,15.5,1.4,16.3,16.4,23.3,72.7,24.4,9.9,15.8,32.1,73.9,35.5,6.0,0,1,0,0
48161,Freestone County,TX,0.8088,0.6297,0.9418,0.7321,0.6917,3.3,15.0,11.4,1.3,25.6,3.5,15.0,16.8,0.9,22.1,19.8,35.8,72.7,23.8,11.9,15.8,32.1,70.2,38.2,6.0,0,1,0,1
48163,Frio County,TX,0.9698,0.832,0.8498,0.9876,0.9965,10.9,4.1,14.3,9.6,30.2,2.6,30.0,79.4,1.1,25.9,15.1,84.8,69.7,19.1,16.5,15.8,34.1,68.0,41.5,6.0,0,1,0,1
48165,Gaines County,TX,0.6745,0.5985,0.7836,0.8403,0.4429,4.1,1.1,29.5,6.9,21.5,3.4,39.6,42.6,1.3,16.8,12.1,45.8,69.6,23.4,12.3,15.8,32.8,69.0,36.5,6.0,0,1,0,0
48167,Galveston County,TX,0.7378,0.7028,0.6172,0.8304,0.6551,5.4,12.0,13.8,3.0,18.3,5.9,10.3,25.9,13.1,25.5,12.9,44.9,73.1,22.2,10.8,15.8,31.5,74.4,33.8,2.0,0,1,0,0
48169,Garza County,TX,0.6984,0.8447,0.2456,0.9185,0.4925,6.3,9.3,16.3,13.6,26.0,9.9,30.0,46.8,0.0,16.1,18.1,59.7,70.1,20.8,14.5,15.8,33.7,69.4,39.9,3.0,0,1,0,0
48171,Gillespie County,TX,0.6392,0.5472,0.6379,0.636,0.6513,5.5,0.1,17.9,4.5,14.3,3.5,11.3,24.4,3.6,25.8,14.7,27.5,72.5,23.2,9.5,15.8,32.0,71.9,33.7,5.0,0,1,0,0
48173,Glasscock County,TX,0.2784,0.2536,0.5625,0.7366,0.1187,1.2,0.0,22.5,7.5,10.1,1.3,13.9,31.3,0.0,4.1,9.4,36.1,72.6,21.3,9.9,15.8,31.8,73.5,33.6,6.0,0,1,0,0
48175,Goliad County,TX,0.5243,0.5033,0.574,0.8066,0.3198,8.6,4.5,11.2,2.2,21.4,4.8,15.5,35.9,0.6,16.0,16.0,42.7,71.7,23.3,11.6,15.8,32.5,71.1,37.1,4.0,0,1,0,0
48177,Gonzales County,TX,0.9087,0.6567,0.978,0.9195,0.8956,8.3,6.1,18.9,6.6,24.0,1.0,22.6,52.2,1.8,21.4,16.4,59.9,71.7,22.5,13.7,15.8,33.1,69.9,39.8,6.0,0,1,0,1
48179,Gray County,TX,0.8645,0.9268,0.8346,0.7684,0.5593,3.2,4.5,19.5,4.3,28.7,5.4,18.4,30.4,3.5,24.5,13.3,38.9,71.8,23.6,12.4,15.8,32.5,66.4,38.5,5.0,0,1,0,1
48181,Grayson County,TX,0.6888,0.5905,0.7989,0.6249,0.588,3.8,5.3,16.6,2.4,19.7,3.9,9.6,14.6,7.0,25.4,13.8,26.5,72.9,25.0,10.6,15.8,32.9,69.3,33.9,4.0,0,1,0,0
48183,Gregg County,TX,0.8731,0.7677,0.8444,0.8212,0.8565,5.2,19.2,17.0,2.7,25.6,3.7,13.6,19.6,10.6,25.7,13.1,44.2,73.2,24.2,12.3,15.8,32.0,69.0,37.2,3.0,0,1,0,1
48185,Grimes County,TX,0.8676,0.8377,0.7786,0.8008,0.7836,3.2,11.7,18.2,3.4,24.7,5.6,19.2,24.8,1.5,21.4,14.4,41.9,72.3,23.3,12.3,15.8,32.6,71.5,37.1,6.0,0,1,0,1
48187,Guadalupe County,TX,0.5256,0.3939,0.643,0.8797,0.4031,2.7,7.5,11.5,2.8,16.4,4.3,10.9,39.0,3.1,20.0,13.7,51.9,73.9,22.5,11.6,15.8,32.0,72.1,34.4,2.0,0,1,0,0
48189,Hale County,TX,0.9332,0.9176,0.8921,0.9532,0.7744,3.7,3.9,22.3,6.4,32.1,4.7,25.2,61.6,5.6,22.8,12.3,68.3,71.5,21.4,15.0,15.8,33.9,66.4,39.5,5.0,0,1,0,1
48191,Hall County,TX,0.8689,0.8527,0.9943,0.8438,0.2969,3.3,6.5,21.2,3.6,32.3,7.5,18.2,35.2,0.8,14.1,17.7,46.0,72.1,23.6,13.6,15.8,33.0,66.5,40.0,6.0,0,1,0,1
48193,Hamilton County,TX,0.6634,0.6029,0.9637,0.4763,0.314,3.4,0.9,15.1,3.2,27.5,2.8,10.7,14.1,0.4,22.5,20.0,17.2,72.0,25.2,11.0,15.8,32.6,72.0,36.6,6.0,0,1,0,0
48195,Hansford County,TX,0.4836,0.6036,0.3859,0.8781,0.1839,4.7,0.2,17.0,8.2,21.3,4.3,27.8,49.0,0.1,15.8,11.9,51.5,71.6,22.5,12.3,15.8,32.8,70.5,37.4,6.0,0,1,0,0
48197,Hardeman County,TX,0.4222,0.3952,0.874,0.735,0.0668,4.1,3.3,14.9,4.6,21.3,2.5,15.0,28.6,0.5,14.4,21.4,35.9,72.0,24.7,11.9,15.8,32.6,71.7,38.0,6.0,0,1,0,0
48199,Hardin County,TX,0.6465,0.5285,0.9017,0.4537,0.5256,4.8,5.7,16.5,0.9,21.5,4.6,11.1,6.5,2.6,18.7,18.6,16.0,72.4,25.7,10.4,15.8,32.3,70.3,33.7,3.0,0,1,0,0
48201,Harris County,TX,0.9201,0.965,0.7458,0.9672,0.7089,6.7,18.5,21.2,11.2,25.7,6.4,17.9,43.9,26.0,31.3,10.0,72.4,73.3,19.5,13.2,15.8,33.7,73.3,37.1,1.0,0,1,0,0
48203,Harrison County,TX,0.9036,0.7983,0.9602,0.7646,0.8008,6.4,20.6,16.3,2.1,25.5,6.1,10.7,13.9,1.4,23.3,17.4,38.6,73.9,24.3,11.9,15.8,31.6,68.5,39.2,3.0,0,1,0,1
48205,Hartley County,TX,0.4683,0.4458,0.1346,0.7843,0.6163,2.4,7.4,21.5,1.7,12.5,1.5,15.8,27.2,1.6,21.2,10.6,40.1,71.2,21.1,10.8,15.8,32.3,73.4,34.3,6.0,0,1,0,0
48207,Haskell County,TX,0.812,0.8829,0.8896,0.741,0.3563,5.2,5.8,20.4,3.4,27.8,6.3,20.5,28.6,0.8,19.8,23.3,36.4,71.6,23.8,12.3,15.8,33.1,67.7,36.9,6.0,0,1,0,1
48209,Hays County,TX,0.6723,0.7089,0.1804,0.8673,0.7432,2.8,3.5,12.9,3.3,20.9,5.1,9.1,40.3,18.1,30.9,11.1,49.3,72.4,21.5,10.8,15.8,31.9,74.0,35.3,2.0,0,1,0,0
48211,Hemphill County,TX,0.5577,0.3818,0.9033,0.7668,0.3182,3.6,0.3,18.2,8.2,11.7,4.1,11.4,35.6,0.0,18.6,18.9,38.8,71.9,22.5,9.7,15.8,32.0,73.8,33.2,6.0,0,1,0,0
48213,Henderson County,TX,0.8291,0.8361,0.6542,0.5953,0.8186,5.4,5.6,18.7,1.3,27.3,5.5,13.3,14.0,3.1,22.9,17.8,24.2,73.0,25.7,11.3,15.8,32.4,68.9,35.6,5.0,0,1,0,1
48215,Hidalgo County,TX,0.9841,0.999,0.8855,0.9975,0.7515,5.6,0.5,31.0,17.9,41.9,7.6,31.4,92.5,4.8,28.6,12.1,94.3,71.9,20.0,17.7,15.8,33.7,69.8,45.0,3.0,0,1,0,1
48217,Hill County,TX,0.8562,0.7292,0.945,0.6806,0.7779,5.5,6.0,17.9,2.6,23.4,4.5,14.4,21.9,2.3,22.1,17.4,31.2,72.3,24.5,11.5,15.8,32.5,69.4,37.0,6.0,0,1,0,1
48219,Hockley County,TX,0.93,0.8365,0.9494,0.8941,0.8311,5.9,2.6,20.0,4.2,27.0,5.3,20.5,50.2,2.4,20.3,15.7,55.4,71.7,22.4,12.9,15.8,32.7,67.9,36.4,3.0,0,1,0,1
48221,Hood County,TX,0.525,0.5243,0.4244,0.4871,0.559,2.5,1.0,14.4,1.9,15.4,5.8,7.6,13.1,5.1,23.2,12.9,17.6,73.1,24.4,9.2,15.8,32.2,68.2,33.4,5.0,0,1,0,0
48223,Hopkins County,TX,0.7525,0.7811,0.7296,0.6449,0.5488,4.1,7.3,18.8,2.9,24.0,4.8,15.1,17.8,3.8,22.5,14.3,28.2,72.3,25.0,11.2,15.8,31.9,71.1,37.7,5.0,0,1,0,1
48225,Houston County,TX,0.9625,0.9195,0.8699,0.7836,0.9672,7.8,23.8,16.3,1.3,33.1,4.5,17.6,12.3,2.4,26.7,22.4,40.0,72.9,23.8,13.5,15.8,32.4,72.6,38.2,6.0,0,1,0,1
48227,Howard County,TX,0.8816,0.777,0.7684,0.8877,0.9224,5.2,5.5,16.6,5.8,24.7,5.2,19.0,44.6,9.7,20.0,16.2,54.0,71.7,22.0,13.1,15.8,32.9,69.0,38.2,5.0,0,1,0,1
48229,Hudspeth County,TX,0.9943,0.985,0.8603,0.9863,0.9835,8.2,0.7,29.0,32.1,43.7,8.2,45.1,79.6,0.0,22.1,32.3,83.6,70.4,19.8,17.4,15.8,34.4,66.4,41.1,3.0,0,1,0,1
48231,Hunt County,TX,0.8746,0.825,0.7038,0.6828,0.9322,4.8,7.6,16.3,2.3,22.7,5.8,12.3,18.6,6.0,26.2,15.4,31.3,72.6,23.6,11.2,15.8,32.7,68.4,36.9,2.0,0,1,0,1
48233,Hutchinson County,TX,0.3245,0.4416,0.6421,0.6872,0.0452,4.2,2.3,15.6,1.3,17.7,4.3,14.1,24.5,1.9,15.6,16.6,31.6,72.1,24.2,11.0,15.8,32.4,76.9,35.2,5.0,0,1,0,0
48235,Irion County,TX,0.2962,0.4047,0.2838,0.6389,0.1549,0.6,0.0,22.2,0.3,11.7,1.3,11.2,27.7,0.0,23.2,13.0,27.7,72.0,23.9,10.3,15.8,31.9,68.5,35.0,4.0,0,1,0,0
48237,Jack County,TX,0.9418,0.9491,0.7191,0.5927,0.9691,10.8,3.8,18.6,2.6,28.4,8.2,20.4,17.9,0.7,22.6,13.8,24.1,71.4,24.5,11.8,15.8,33.1,69.9,37.9,6.0,0,1,0,1
48239,Jackson County,TX,0.8094,0.7385,0.8333,0.8059,0.664,6.7,5.7,15.3,3.3,23.2,5.5,19.4,33.8,1.2,18.8,15.0,42.6,72.0,23.5,12.1,15.8,32.6,69.6,38.1,6.0,0,1,0,1
48241,Jasper County,TX,0.8737,0.8979,0.6271,0.6223,0.9074,5.9,15.2,20.1,0.7,33.8,12.5,12.7,7.1,1.7,19.6,13.9,26.3,72.7,25.9,12.9,15.8,33.2,71.7,41.2,6.0,0,1,0,1
48243,Jeff Davis County,TX,0.4738,0.5046,0.4725,0.5558,0.3602,2.7,1.3,17.2,7.1,33.0,0.0,14.3,19.7,0.0,12.0,15.2,21.9,73.0,24.3,13.1,15.8,33.3,71.6,38.0,6.0,0,1,0,0
48245,Jefferson County,TX,0.9723,0.9313,0.924,0.9259,0.929,7.4,33.0,20.8,4.8,29.2,5.4,15.2,22.6,9.5,26.7,15.1,61.6,74.2,21.5,14.2,15.8,31.9,69.6,41.2,3.0,0,1,0,1
48247,Jim Hogg County,TX,0.6427,0.8991,0.1941,0.9933,0.2294,4.9,0.1,27.1,0.9,48.5,4.5,21.4,89.7,0.0,20.7,13.5,90.0,70.9,20.5,20.2,15.8,34.8,66.0,45.7,6.0,0,1,0,0
48249,Jim Wells County,TX,0.9491,0.9415,0.9822,0.9847,0.5431,7.6,0.6,20.2,3.5,34.6,5.2,21.7,80.3,0.6,23.5,17.3,82.3,71.5,20.5,16.2,15.8,34.0,68.4,40.8,5.0,0,1,0,1
48251,Johnson County,TX,0.6284,0.5511,0.6083,0.6911,0.6083,2.4,4.3,16.5,3.0,18.0,3.5,13.6,23.6,3.8,22.3,10.8,31.9,71.8,23.4,11.0,15.8,32.4,73.2,33.1,2.0,0,1,0,0
48253,Jones County,TX,0.5829,0.7722,0.2265,0.8075,0.3633,3.6,10.5,19.3,1.9,26.1,4.7,19.2,28.4,1.3,19.6,17.4,42.9,71.1,21.3,12.9,15.8,32.9,68.9,38.8,4.0,0,1,0,0
48255,Karnes County,TX,0.9367,0.8155,0.6042,0.9491,0.9978,8.8,6.3,16.3,6.3,29.7,5.3,23.9,56.2,3.6,18.4,13.5,67.2,71.2,20.3,14.4,15.8,32.8,68.6,39.3,6.0,0,1,0,1
48257,Kaufman County,TX,0.7089,0.7076,0.7006,0.8225,0.4629,3.2,15.0,13.6,1.9,18.4,4.9,13.7,24.8,4.1,25.4,10.9,44.3,73.8,21.9,11.5,15.8,32.1,73.9,37.6,2.0,0,1,0,0
48259,Kendall County,TX,0.3411,0.2809,0.4152,0.6624,0.321,2.6,0.7,12.0,3.4,11.5,4.8,7.5,25.0,7.4,19.0,11.5,29.8,73.5,21.5,8.8,15.8,31.5,76.7,34.1,2.0,0,1,0,0
48261,Kenedy County,TX,0.6678,0.6449,0.9917,1.0,0.0426,0.0,0.0,18.1,36.4,51.7,0.0,66.7,96.6,0.0,0.0,25.0,98.3,69.1,20.5,14.9,15.8,33.6,61.0,37.9,6.0,0,1,0,0
48263,Kent County,TX,0.2393,0.1486,0.7531,0.4779,0.146,2.8,0.9,4.2,0.3,9.2,5.4,11.5,13.5,0.0,11.8,20.1,17.3,72.4,24.0,9.3,15.8,31.6,75.4,33.1,6.0,0,1,0,0
48265,Kerr County,TX,0.7442,0.6322,0.5733,0.7105,0.8393,4.4,1.6,18.1,1.6,22.9,3.3,10.3,28.2,4.3,25.3,16.1,33.7,72.7,23.3,10.8,15.8,31.9,69.8,35.3,5.0,0,1,0,0
48267,Kimble County,TX,0.4948,0.531,0.566,0.6532,0.2714,4.2,1.4,17.9,1.3,27.9,0.8,14.7,26.3,1.5,17.8,18.8,29.0,72.0,24.8,11.7,15.8,33.1,71.5,37.5,6.0,0,1,0,0
48269,King County,TX,0.4438,0.6764,0.8056,0.7464,0.0092,0.0,0.0,10.6,7.4,40.3,4.5,21.3,32.9,0.0,5.0,12.5,37.0,71.8,25.5,12.2,15.8,33.0,70.7,37.8,6.0,0,1,0,0
48271,Kinney County,TX,0.6265,0.4855,0.9313,0.9427,0.2364,3.1,0.0,13.6,6.3,30.2,1.9,15.4,64.4,1.7,11.5,34.0,64.8,71.3,20.3,13.2,15.8,33.3,68.2,38.4,6.0,0,1,0,0
48273,Kleberg County,TX,0.9924,0.9936,0.8221,0.9819,0.9704,6.1,2.9,17.3,2.3,37.6,7.5,17.6,73.5,10.7,32.5,14.2,80.2,72.1,20.7,15.4,15.8,33.0,67.7,40.0,5.0,0,1,0,1
48275,Knox County,TX,0.6564,0.65,0.9205,0.8171,0.189,3.4,4.7,16.1,3.2,29.6,1.6,18.2,34.9,2.6,20.0,19.8,43.8,72.2,23.9,12.5,15.8,32.8,66.9,38.0,6.0,0,1,0,0
48277,Lamar County,TX,0.8536,0.7856,0.9752,0.6373,0.601,7.1,12.6,19.0,1.2,26.9,3.9,12.5,8.8,4.9,25.6,18.9,27.6,72.9,25.6,11.9,15.8,32.2,70.6,38.7,5.0,0,1,0,1
48279,Lamb County,TX,0.8221,0.6818,0.9885,0.9332,0.3888,4.9,3.3,25.4,7.7,30.5,2.8,23.3,56.9,0.6,16.8,16.3,62.5,71.4,22.1,14.3,15.8,33.3,70.6,40.4,6.0,0,1,0,1
48281,Lampasas County,TX,0.658,0.6774,0.8094,0.6599,0.3474,4.4,4.0,13.6,0.9,21.7,5.3,9.7,20.2,1.6,24.5,22.9,29.6,72.9,24.9,11.0,15.8,32.4,73.5,34.8,3.0,0,1,0,0
48283,La Salle County,TX,0.9128,0.9631,0.6557,0.9952,0.7356,2.5,3.3,19.7,8.2,33.8,4.2,37.6,87.4,0.4,32.8,10.1,91.4,69.2,19.7,16.6,15.8,34.0,63.1,40.9,6.0,0,1,0,1
48285,Lavaca County,TX,0.5752,0.4184,0.8298,0.6449,0.4823,3.6,5.1,10.5,1.5,21.9,3.0,14.7,20.0,1.3,18.6,14.4,28.2,72.4,24.6,11.1,15.8,32.6,70.9,36.8,6.0,0,1,0,0
48287,Lee County,TX,0.7856,0.6398,0.7677,0.7598,0.7983,4.7,10.4,13.8,2.7,26.2,2.8,13.5,24.8,2.1,23.0,15.6,38.0,72.5,24.0,12.4,15.8,33.0,70.7,39.6,6.0,0,1,0,1
48289,Leon County,TX,0.6974,0.6233,0.9758,0.6102,0.2673,1.9,7.4,18.6,2.4,23.4,5.1,15.4,15.7,0.5,14.6,22.5,25.2,72.2,25.0,11.4,15.8,32.4,69.8,36.4,6.0,0,1,0,0
48291,Liberty County,TX,0.9739,0.9758,0.8053,0.8139,0.9564,4.6,8.4,24.5,5.6,30.1,6.9,21.6,31.8,2.7,24.9,16.2,43.4,71.7,23.5,13.8,15.8,33.3,70.2,40.0,2.0,0,1,0,1
48293,Limestone County,TX,0.9065,0.8196,0.9714,0.8199,0.7152,3.9,16.8,19.1,2.8,31.4,3.6,15.4,22.9,1.1,23.9,16.8,44.1,73.3,23.8,13.1,15.8,32.5,68.3,39.9,6.0,0,1,0,1
48295,Lipscomb County,TX,0.7703,0.6472,0.9835,0.7922,0.3388,4.3,0.4,19.9,7.9,22.5,5.9,14.9,34.3,0.0,12.3,15.3,40.8,71.9,23.0,12.1,15.8,32.8,70.5,36.9,6.0,0,1,0,1
48297,Live Oak County,TX,0.9039,0.7665,0.7267,0.8686,0.9809,6.9,2.5,18.0,3.5,31.2,3.6,24.6,40.7,2.1,19.4,16.3,49.5,71.4,22.0,14.2,15.8,33.5,67.4,40.1,6.0,0,1,0,1
48299,Llano County,TX,0.6192,0.6984,0.7731,0.4445,0.3452,3.3,0.6,14.8,1.5,21.5,6.0,8.5,11.7,3.4,24.5,21.7,15.7,72.8,24.6,10.1,15.8,32.4,73.5,36.7,6.0,0,1,0,0
48301,Loving County,TX,0.4356,0.0,0.9866,0.0579,0.9828,12.5,0.0,0.0,6.8,7.3,0.0,3.2,0.0,9.1,0.0,18.8,5.2,75.4,23.9,10.7,15.8,32.2,73.6,38.2,6.0,0,1,0,0
48303,Lubbock County,TX,0.8422,0.8177,0.5005,0.8632,0.8613,5.6,6.5,13.5,1.7,26.9,4.6,11.7,36.8,14.6,30.8,12.9,48.6,72.6,22.4,12.0,15.8,33.1,75.8,37.1,3.0,0,1,0,1
48305,Lynn County,TX,0.6898,0.8317,0.9459,0.8686,0.0442,4.2,1.4,16.7,3.1,37.0,3.6,18.6,45.5,1.7,22.3,19.7,49.5,72.0,23.5,13.4,15.8,33.3,69.6,38.5,3.0,0,1,0,0
48307,McCulloch County,TX,0.7897,0.9154,0.8909,0.7607,0.2049,4.8,0.9,18.9,2.8,23.6,8.7,20.1,32.9,2.3,22.2,21.0,38.1,71.9,24.2,11.9,15.8,32.7,70.2,36.7,6.0,0,1,0,1
48309,McLennan County,TX,0.8861,0.8521,0.7951,0.8346,0.8333,5.2,13.6,14.1,3.7,28.8,4.4,13.1,27.1,13.6,30.5,13.4,45.3,73.7,23.7,12.2,15.8,31.3,72.5,36.1,3.0,0,1,0,0
48311,McMullen County,TX,0.8104,0.6933,0.9952,0.9236,0.2689,3.0,0.0,22.1,2.9,41.0,2.4,11.1,60.1,0.0,21.3,16.1,61.2,71.7,22.8,14.1,15.8,33.5,67.5,39.1,6.0,0,1,0,1
48313,Madison County,TX,0.9131,0.714,0.6914,0.8501,0.9987,8.7,15.9,13.3,4.6,22.0,6.3,21.1,24.7,3.5,17.0,16.5,46.6,72.0,22.1,12.9,15.8,32.9,69.4,38.0,6.0,0,1,0,1
48315,Marion County,TX,0.7315,0.7821,0.7983,0.6599,0.4088,4.9,21.9,11.6,1.2,28.2,10.7,13.3,4.6,0.0,18.7,22.3,29.6,73.4,25.4,12.8,15.8,32.6,73.2,39.1,6.0,0,1,0,0
48317,Martin County,TX,0.5966,0.6618,0.6437,0.9045,0.2199,0.0,1.3,14.7,2.9,19.9,10.2,15.8,51.5,0.0,10.7,11.1,57.0,71.4,22.2,11.5,15.8,32.2,70.9,35.6,4.0,0,1,0,0
48319,Mason County,TX,0.2724,0.3007,0.9115,0.5352,0.0146,3.4,0.1,11.2,3.4,13.3,2.8,15.1,19.2,0.5,18.1,18.9,20.3,72.4,23.5,9.9,15.8,32.3,73.1,34.3,6.0,0,1,0,0
48321,Matagorda County,TX,0.9758,0.9723,0.9825,0.9122,0.7308,6.6,9.7,17.3,3.5,31.2,6.7,18.5,44.2,5.3,26.0,17.4,58.6,72.5,22.7,13.9,15.8,33.0,70.3,39.5,5.0,0,1,0,1
48323,Maverick County,TX,0.9901,0.9971,0.9023,0.9997,0.8549,7.8,0.1,28.1,22.0,38.5,7.1,35.4,95.1,6.6,27.9,12.1,97.3,71.2,19.6,18.1,15.8,34.1,67.0,44.6,4.0,0,1,0,1
48325,Medina County,TX,0.741,0.4018,0.8562,0.9141,0.8209,4.7,2.4,13.7,3.7,17.7,2.4,14.0,53.1,1.3,19.9,18.7,59.0,72.5,21.2,12.4,15.8,32.2,74.8,39.6,2.0,0,1,0,0
48327,Menard County,TX,0.8606,0.9733,0.8629,0.7693,0.3322,4.1,0.1,25.4,2.8,27.2,14.3,22.1,34.2,5.1,23.3,29.0,39.0,71.7,23.5,12.1,15.8,32.9,69.3,37.6,6.0,0,1,0,1
48329,Midland County,TX,0.7397,0.5867,0.6787,0.9077,0.7318,4.7,6.1,15.4,5.4,16.2,3.4,15.6,47.1,13.7,24.0,10.8,57.6,72.7,21.0,11.4,15.8,31.7,76.6,35.8,4.0,0,1,0,0
48331,Milam County,TX,0.798,0.755,0.8648,0.7706,0.5714,4.0,9.2,16.2,3.6,23.9,5.8,14.2,27.3,1.7,20.3,15.8,39.1,71.8,23.9,11.9,15.8,31.9,68.7,37.3,6.0,0,1,0,1
48333,Mills County,TX,0.4693,0.3283,0.9364,0.6618,0.1616,1.6,0.7,13.5,1.8,16.2,2.3,12.1,24.6,0.2,19.3,16.1,29.7,72.0,24.1,9.9,15.8,32.0,72.9,33.6,6.0,0,1,0,0
48335,Mitchell County,TX,0.6958,0.5504,0.4206,0.8915,0.8218,1.9,8.1,25.8,4.1,27.4,1.4,16.2,41.1,3.7,16.6,14.7,54.9,71.2,20.9,13.5,15.8,33.2,67.6,39.1,6.0,0,1,0,0
48337,Montague County,TX,0.5959,0.6484,0.8953,0.434,0.2211,4.6,0.8,15.6,0.9,21.0,5.1,12.0,11.6,0.8,21.3,19.8,15.2,71.5,25.9,10.5,15.8,32.0,70.1,35.0,6.0,0,1,0,0
48339,Montgomery County,TX,0.5212,0.4451,0.4254,0.7579,0.5358,3.3,5.3,14.3,4.1,15.9,4.3,10.2,25.8,13.6,20.9,10.1,37.7,72.8,21.7,10.4,15.8,33.3,79.1,31.4,2.0,0,1,0,0
48341,Moore County,TX,0.882,0.805,0.8358,0.9586,0.8011,7.7,4.2,21.4,16.8,26.7,2.5,32.1,58.5,4.2,24.1,10.9,69.6,71.2,21.2,14.7,15.8,33.5,70.6,39.1,5.0,0,1,0,1
48343,Morris County,TX,0.7792,0.6872,0.9376,0.749,0.5033,5.7,22.2,13.5,0.4,26.0,5.9,12.4,11.1,1.9,18.6,20.7,37.2,73.8,24.9,12.5,15.8,32.2,70.1,39.1,5.0,0,1,0,1
48345,Motley County,TX,0.1721,0.3236,0.5889,0.5616,0.0067,2.4,2.0,18.6,0.0,15.5,3.0,14.0,13.7,0.8,8.7,23.1,22.2,71.9,24.5,10.5,15.8,32.2,70.2,35.8,6.0,0,1,0,0
48347,Nacogdoches County,TX,0.9952,0.972,0.9106,0.797,0.9984,6.0,17.3,15.5,3.6,34.3,6.6,14.8,20.4,11.0,29.1,16.6,41.5,73.0,24.4,13.0,15.8,32.9,72.7,35.4,5.0,0,1,0,1
48349,Navarro County,TX,0.979,0.9628,0.9685,0.8565,0.8587,5.1,11.3,18.1,4.8,30.4,5.6,19.6,29.2,4.0,27.7,17.4,47.5,72.7,23.9,13.5,15.8,33.1,73.3,38.5,5.0,0,1,0,1
48351,Newton County,TX,0.8463,0.9574,0.4092,0.6128,0.7843,7.6,18.4,24.3,0.0,38.0,10.6,18.1,4.1,0.5,20.3,15.4,25.4,72.6,26.8,14.1,15.8,33.1,71.4,42.6,6.0,0,1,0,1
48353,Nolan County,TX,0.9815,0.9255,0.9981,0.8571,0.8212,6.8,4.5,17.1,2.8,34.3,6.6,16.1,39.4,4.5,21.7,19.6,47.6,71.7,24.0,14.0,15.8,33.6,68.9,40.8,5.0,0,1,0,1
48355,Nueces County,TX,0.9351,0.9332,0.7801,0.9666,0.8492,7.0,3.5,18.1,2.6,26.4,5.7,15.5,64.9,11.6,29.4,13.1,72.0,72.9,20.4,14.5,15.8,33.6,73.1,40.0,3.0,0,1,0,0
48357,Ochiltree County,TX,0.8244,0.6863,0.9434,0.9163,0.5765,3.3,0.0,23.7,15.3,29.6,1.5,23.7,56.1,6.7,19.2,14.3,59.3,71.5,22.2,13.5,15.8,33.2,70.2,39.6,6.0,0,1,0,1
48359,Oldham County,TX,0.392,0.4496,0.1374,0.7146,0.4184,1.6,6.8,12.3,1.6,26.1,1.5,16.5,26.2,0.6,15.4,10.6,34.2,72.6,25.0,11.3,15.8,32.5,70.8,35.3,3.0,0,1,0,0
48361,Orange County,TX,0.6853,0.594,0.8037,0.5476,0.6099,5.3,8.6,16.3,1.6,21.2,5.8,10.7,8.9,5.1,18.7,16.7,21.4,72.7,25.6,10.9,15.8,31.9,71.3,38.2,3.0,0,1,0,0
48363,Palo Pinto County,TX,0.8015,0.9106,0.7515,0.6309,0.4738,4.0,2.6,18.7,1.7,26.4,7.3,12.5,20.5,3.6,25.1,16.5,26.9,71.6,25.1,11.6,15.8,32.5,68.5,39.4,5.0,0,1,0,1
48365,Panola County,TX,0.7331,0.6456,0.8501,0.6389,0.5845,3.1,12.6,19.9,1.5,22.8,2.9,16.3,9.4,1.9,21.8,16.8,27.7,73.2,24.7,11.3,15.8,32.4,72.8,37.5,6.0,0,1,0,0
48367,Parker County,TX,0.2638,0.321,0.2284,0.5119,0.258,2.8,1.4,13.8,1.6,13.9,3.9,9.7,13.7,2.7,19.0,12.3,19.0,73.0,24.7,9.2,15.8,31.7,72.6,35.0,2.0,0,1,0,0
48369,Parmer County,TX,0.6596,0.6437,0.7833,0.9513,0.2797,1.9,0.7,24.2,11.0,25.5,2.1,28.9,65.1,3.4,18.9,11.6,67.7,70.9,20.5,13.5,15.8,33.1,72.4,37.4,6.0,0,1,0,0
48371,Pecos County,TX,0.9049,0.7474,0.6653,0.9771,0.9885,8.5,3.8,17.2,4.0,31.9,1.2,24.1,70.1,3.3,21.3,8.5,76.3,70.6,19.6,16.0,15.8,33.2,71.7,39.9,6.0,0,1,0,1
48373,Polk County,TX,0.9208,0.9262,0.8858,0.6532,0.8412,3.6,8.0,16.7,2.0,25.9,9.3,18.6,15.6,1.7,22.2,24.2,29.0,71.7,25.4,12.5,15.8,32.8,69.5,38.3,6.0,0,1,0,1
48375,Potter County,TX,0.9889,0.9485,0.8788,0.9052,0.9936,8.6,10.0,21.5,6.6,35.4,3.7,22.8,39.6,11.7,31.5,13.2,57.3,72.1,23.1,14.4,15.8,33.9,65.3,42.0,3.0,0,1,0,1
48377,Presidio County,TX,0.9933,1.0,0.9669,0.9825,0.7219,13.9,0.0,33.0,18.1,46.8,12.3,38.4,79.3,1.8,28.2,15.2,81.3,71.3,20.6,17.8,15.8,34.2,62.3,42.5,6.0,0,1,0,1
48379,Rains County,TX,0.4706,0.3318,0.9185,0.4636,0.2615,4.1,2.7,16.3,2.2,19.3,2.3,12.6,9.8,0.8,14.5,20.2,16.6,72.5,25.2,10.3,15.8,32.4,72.0,35.6,6.0,0,1,0,0
48381,Randall County,TX,0.3519,0.2154,0.3751,0.6936,0.4839,2.8,2.8,9.6,0.8,15.6,2.8,6.1,23.9,11.6,22.7,10.6,32.1,73.1,23.8,10.0,15.8,31.8,75.6,35.4,3.0,0,1,0,0
48383,Reagan County,TX,0.5052,0.5794,0.4276,0.979,0.1919,0.7,2.1,17.0,2.1,18.0,8.7,11.9,70.7,0.0,13.9,5.1,77.5,71.5,19.6,13.7,15.8,32.7,72.5,38.7,6.0,0,1,0,0
48385,Real County,TX,0.783,0.5523,0.9806,0.6309,0.6392,3.7,1.3,19.8,1.9,37.6,1.6,10.9,25.6,0.2,17.8,30.5,26.9,72.2,25.0,12.6,15.8,32.9,69.7,38.4,6.0,0,1,0,1
48387,Red River County,TX,0.6895,0.7945,0.6783,0.6287,0.3796,3.4,15.6,18.9,1.7,30.8,3.8,14.9,7.8,3.3,22.6,16.8,26.8,73.1,25.8,12.5,15.8,32.6,70.6,38.7,5.0,0,1,0,0
48389,Reeves County,TX,0.9548,0.9389,0.7035,0.9809,0.9462,5.0,0.8,16.7,11.8,34.1,7.0,29.2,75.4,4.5,20.3,11.0,79.4,70.0,19.5,17.5,15.8,34.1,68.4,41.0,5.0,0,1,0,1
48391,Refugio County,TX,0.9653,0.91,0.9962,0.9201,0.7133,9.5,6.4,15.8,1.2,27.4,5.6,16.2,51.7,0.7,25.5,23.7,60.0,71.9,22.2,14.0,15.8,33.2,72.2,40.1,6.0,0,1,0,1
48393,Roberts County,TX,0.0576,0.1406,0.0067,0.4741,0.2437,7.8,0.4,13.1,0.0,15.8,0.5,8.2,13.9,0.0,10.9,12.0,17.1,72.2,24.6,8.9,15.8,31.5,71.4,33.8,5.0,0,1,0,0
48395,Robertson County,TX,0.8546,0.707,0.9793,0.8199,0.6322,7.9,19.9,13.4,1.6,21.4,8.7,14.7,22.2,0.4,17.8,18.7,44.1,73.2,23.4,12.3,15.8,32.5,72.8,38.0,3.0,0,1,0,0
48397,Rockwall County,TX,0.1164,0.0913,0.28,0.7066,0.0875,1.8,7.5,8.7,1.3,7.0,3.9,5.7,19.4,5.2,16.0,7.7,33.3,73.7,22.0,8.7,15.8,31.2,76.5,34.4,2.0,0,1,0,0
48399,Runnels County,TX,0.5148,0.4922,0.985,0.7821,0.0242,2.4,3.0,15.4,2.7,23.5,3.0,17.1,35.2,0.4,15.6,19.0,39.9,71.7,23.1,11.8,15.8,32.5,70.5,36.1,6.0,0,1,0,0
48401,Rusk County,TX,0.7973,0.7486,0.7464,0.7537,0.7248,3.9,15.6,15.8,2.5,24.4,5.5,15.8,17.9,1.4,19.6,15.4,37.5,72.6,23.2,12.2,15.8,32.3,74.9,37.5,3.0,0,1,0,1
48403,Sabine County,TX,0.5609,0.8839,0.4868,0.4537,0.1327,4.5,5.0,13.2,0.0,29.8,8.4,13.1,5.1,0.0,22.4,26.3,16.0,72.4,26.2,11.1,15.8,32.1,69.9,35.8,6.0,0,1,0,0
48405,San Augustine County,TX,0.9885,0.9793,0.944,0.6828,0.972,11.7,22.3,21.6,2.6,41.1,10.3,17.7,8.1,1.8,22.5,24.7,31.3,73.1,26.7,15.2,15.8,33.3,67.9,43.9,6.0,0,1,0,1
48407,San Jacinto County,TX,0.8091,0.9329,0.875,0.6347,0.2965,3.2,8.9,20.0,3.2,28.9,7.1,14.4,15.0,0.3,24.0,21.8,27.3,72.5,25.4,12.7,15.8,32.9,71.0,39.1,2.0,0,1,0,1
48409,San Patricio County,TX,0.9249,0.846,0.9761,0.9354,0.7101,6.7,1.4,16.9,2.5,28.3,4.4,17.7,58.7,4.6,23.8,19.1,63.1,71.3,21.1,13.9,15.8,34.8,71.3,41.3,3.0,0,1,0,1
48411,San Saba County,TX,0.6389,0.6977,0.6561,0.7521,0.3522,2.0,1.6,22.7,2.8,26.6,3.8,14.2,31.0,0.0,20.5,19.0,37.4,71.3,22.9,12.0,15.8,32.9,67.5,37.0,6.0,0,1,0,0
48413,Schleicher County,TX,0.5803,0.7401,0.762,0.9052,0.0735,4.1,1.6,24.8,4.7,21.1,6.9,18.0,54.3,0.1,16.4,12.7,57.3,71.6,21.4,11.9,15.8,32.5,70.4,36.4,6.0,0,1,0,0
48415,Scurry County,TX,0.5332,0.5202,0.4846,0.8686,0.3548,0.9,3.6,19.1,2.9,27.8,2.2,15.6,42.1,1.0,14.1,15.4,49.5,72.1,22.5,12.4,15.8,33.1,67.9,38.6,5.0,0,1,0,0
48417,Shackelford County,TX,0.3936,0.511,0.2119,0.4445,0.3872,5.6,0.7,14.2,0.0,18.1,7.2,6.5,12.6,0.3,20.7,17.6,15.7,72.8,24.6,9.5,15.8,32.1,75.4,33.8,6.0,0,1,0,0
48419,Shelby County,TX,0.8778,0.77,0.9481,0.7751,0.7598,6.3,16.1,20.4,3.6,33.2,4.0,18.3,19.1,2.1,18.8,15.4,39.4,73.2,24.8,13.7,15.8,33.6,70.9,41.3,6.0,0,1,0,1
48421,Sherman County,TX,0.6309,0.4757,0.9485,0.833,0.2654,1.1,0.2,15.4,4.1,16.6,1.5,27.9,42.8,2.5,19.8,18.9,45.2,71.5,21.6,11.2,15.8,32.3,71.5,35.7,6.0,0,1,0,0
48423,Smith County,TX,0.8234,0.7334,0.7916,0.797,0.7735,4.3,16.9,17.2,3.8,21.8,4.7,12.4,20.4,7.3,24.4,12.4,41.5,73.9,23.9,11.7,15.8,32.6,70.0,37.9,4.0,0,1,0,1
48425,Somervell County,TX,0.5135,0.2959,0.6468,0.5597,0.6853,2.9,1.9,12.7,1.6,13.8,3.9,7.1,18.0,0.9,21.2,11.7,22.1,72.3,24.3,9.8,15.8,32.0,72.6,33.9,6.0,0,1,0,0
48427,Starr County,TX,0.9905,0.9978,0.9682,0.999,0.7197,10.7,0.0,33.1,22.7,50.4,11.5,39.1,96.2,2.2,24.7,15.5,96.8,70.7,21.0,20.5,15.8,35.2,66.8,45.8,5.0,0,1,0,1
48429,Stephens County,TX,0.9898,0.9768,0.9539,0.6806,0.9752,9.3,2.9,17.5,3.2,27.8,8.6,16.7,25.1,7.6,29.1,18.0,31.2,71.5,23.6,11.8,15.8,32.7,65.3,37.0,6.0,0,1,0,1
48431,Sterling County,TX,0.1419,0.1794,0.2447,0.7156,0.0636,0.0,0.1,22.6,2.4,11.0,0.0,9.9,33.5,0.0,6.9,8.0,34.3,71.8,21.9,9.4,15.8,31.7,73.8,33.2,6.0,0,1,0,0
48433,Stonewall County,TX,0.2994,0.4769,0.2214,0.6449,0.132,2.4,0.5,18.2,0.1,23.0,1.8,19.1,26.8,0.0,14.4,14.5,28.2,71.9,24.4,11.5,15.8,32.5,68.1,36.7,6.0,0,1,0,0
48435,Sutton County,TX,0.7687,0.7448,0.8145,0.9777,0.4283,2.5,0.1,16.2,4.4,29.5,4.7,20.0,74.6,2.7,16.9,6.4,76.4,71.2,21.2,14.0,15.8,33.0,66.5,38.6,6.0,0,1,0,1
48437,Swisher County,TX,0.9103,0.95,0.7766,0.9096,0.713,8.1,7.9,20.4,5.3,41.5,5.2,22.1,45.5,0.6,23.2,16.1,57.9,71.9,22.3,15.5,15.8,33.6,66.4,41.4,6.0,0,1,0,1
48439,Tarrant County,TX,0.7585,0.7792,0.6707,0.8982,0.5017,4.4,16.9,16.9,5.3,19.6,4.9,12.9,29.8,16.9,28.9,9.8,56.1,72.5,22.6,11.4,15.8,30.9,79.2,33.1,1.0,0,1,0,1
48441,Taylor County,TX,0.7591,0.6363,0.7289,0.7655,0.7353,4.6,7.6,15.5,2.0,24.6,2.4,10.0,25.5,9.5,28.2,14.7,38.7,72.9,23.4,11.3,15.8,32.9,71.4,35.7,4.0,0,1,0,1
48443,Terrell County,TX,0.0859,0.0767,0.6812,0.8533,0.0025,3.2,0.0,10.1,1.5,7.0,0.0,6.3,47.0,0.0,17.9,26.7,47.0,72.3,20.3,10.4,15.8,31.7,75.7,34.3,6.0,0,1,0,0
48445,Terry County,TX,0.9828,0.9625,0.9462,0.9325,0.9128,7.9,4.2,21.8,8.2,36.4,4.8,24.0,57.0,3.1,25.9,14.0,62.4,71.2,22.2,15.1,15.8,33.9,67.4,41.2,6.0,0,1,0,1
48447,Throckmorton County,TX,0.1581,0.4375,0.2428,0.4496,0.0143,2.5,0.2,26.5,0.9,28.4,2.5,9.8,12.9,0.5,12.4,14.9,15.8,72.4,25.6,11.0,15.8,32.6,70.8,36.3,6.0,0,1,0,0
48449,Titus County,TX,0.8995,0.8956,0.9227,0.9052,0.6252,4.7,9.5,19.8,9.6,32.6,4.0,22.4,45.0,4.1,23.7,13.0,57.3,72.3,22.9,14.0,15.8,33.1,68.0,38.8,5.0,0,1,0,1
48451,Tom Green County,TX,0.8113,0.6204,0.7957,0.8673,0.8304,4.7,3.6,13.8,2.6,21.1,3.2,13.4,41.8,11.1,25.1,14.2,49.3,72.6,23.4,11.9,15.8,32.3,75.0,37.5,4.0,0,1,0,1
48453,Travis County,TX,0.5702,0.5527,0.0935,0.882,0.7805,5.5,7.9,12.5,5.1,17.3,4.2,9.2,33.3,28.7,28.1,9.0,52.3,73.7,21.6,9.5,15.8,32.4,75.7,30.1,1.0,0,1,0,0
48455,Trinity County,TX,0.9185,0.8552,0.9879,0.574,0.7518,9.7,8.4,17.3,1.6,26.9,7.0,13.6,11.5,0.3,21.6,23.2,22.9,72.5,25.9,11.8,15.8,32.4,70.4,37.8,6.0,0,1,0,1
48457,Tyler County,TX,0.9319,0.8842,0.9103,0.5501,0.951,7.0,10.6,15.9,1.2,29.9,12.6,17.4,7.2,2.2,18.4,25.2,21.6,72.1,25.3,12.7,15.8,33.7,67.6,39.4,6.0,0,1,0,1
48459,Upshur County,TX,0.6017,0.6841,0.7817,0.5425,0.259,3.9,7.5,16.4,1.0,27.9,4.3,13.4,9.3,0.5,19.8,20.0,20.9,72.4,26.0,11.4,15.8,32.6,68.4,37.3,3.0,0,1,0,0
48461,Upton County,TX,0.77,0.6876,0.7092,0.9185,0.6567,6.0,2.2,11.8,3.6,30.1,4.7,21.0,56.3,1.0,15.8,10.2,59.7,71.1,22.6,14.8,15.8,33.1,72.2,41.2,6.0,0,1,0,1
48463,Uvalde County,TX,0.9911,0.9065,0.9968,0.9749,0.9364,7.2,0.4,19.3,7.1,34.7,3.2,23.9,72.3,3.0,26.2,19.6,75.2,71.8,21.0,14.6,15.8,33.0,70.5,41.0,5.0,0,1,0,1
48465,Val Verde County,TX,0.9437,0.8371,0.9329,0.9889,0.8877,4.8,1.2,20.6,12.4,31.3,3.4,26.5,82.4,5.3,22.5,13.7,85.6,70.8,19.4,15.7,15.8,33.4,67.0,38.8,5.0,0,1,0,1
48467,Van Zandt County,TX,0.5714,0.6538,0.7633,0.4948,0.265,2.9,2.8,17.7,1.5,23.3,3.1,14.0,12.4,0.9,23.0,15.3,18.0,72.2,26.1,10.7,15.8,33.0,72.9,35.9,6.0,0,1,0,0
48469,Victoria County,TX,0.9198,0.8606,0.8937,0.9052,0.8377,7.2,5.3,16.4,2.8,26.2,5.2,16.2,48.5,7.0,24.1,15.3,57.3,71.8,22.1,12.9,15.8,32.0,72.8,37.6,4.0,0,1,0,1
48471,Walker County,TX,0.9392,0.9755,0.1161,0.8225,0.9997,6.7,21.6,15.0,2.3,32.8,7.0,14.7,18.4,15.3,34.0,11.6,44.3,72.8,22.3,13.8,15.8,32.9,65.8,40.6,5.0,0,1,0,1
48473,Waller County,TX,0.8317,0.7868,0.5262,0.9176,0.8514,3.6,24.5,18.3,4.9,21.1,6.1,13.3,30.9,2.5,22.9,11.1,59.5,73.7,21.4,12.2,15.8,32.4,74.1,38.6,2.0,0,1,0,0
48475,Ward County,TX,0.7235,0.6548,0.8412,0.9345,0.3987,3.9,5.2,12.0,4.8,23.7,5.5,19.8,55.7,2.9,15.9,12.9,62.6,71.5,21.5,13.5,15.8,33.0,70.5,37.8,6.0,0,1,0,0
48477,Washington County,TX,0.6522,0.4467,0.4601,0.7585,0.8826,6.0,18.0,13.4,1.9,18.3,2.7,10.3,17.3,6.1,23.3,14.2,37.8,74.0,23.0,10.7,15.8,32.0,74.8,37.0,5.0,0,1,0,0
48479,Webb County,TX,0.9831,0.9917,0.917,0.9987,0.8034,6.2,0.4,28.4,18.5,34.0,5.9,30.9,95.4,10.6,30.8,13.1,96.7,71.5,18.8,16.8,15.8,32.8,70.8,42.8,3.0,0,1,0,1
48481,Wharton County,TX,0.9456,0.9141,0.9319,0.9045,0.8078,6.4,12.2,19.0,5.1,26.3,5.7,18.7,43.0,5.0,24.1,15.1,57.0,72.8,22.2,12.9,15.8,32.5,72.2,40.5,5.0,0,1,0,1
48483,Wheeler County,TX,0.9045,0.9036,0.986,0.6828,0.5377,7.0,2.7,22.3,5.4,29.9,6.6,14.2,25.5,1.1,22.0,16.3,31.3,72.2,24.7,11.8,15.8,32.6,67.9,37.3,6.0,0,1,0,1
48485,Wichita County,TX,0.8167,0.7372,0.6876,0.741,0.8416,6.6,9.9,14.7,1.6,24.9,4.2,12.5,20.4,8.4,24.9,16.0,36.4,73.4,24.1,11.6,15.8,31.8,71.1,36.2,4.0,0,1,0,1
48487,Wilbarger County,TX,0.9561,0.9691,0.8906,0.8272,0.7938,5.5,7.2,11.4,3.3,39.4,9.3,21.6,30.4,5.1,23.6,24.8,44.6,72.5,24.4,14.2,15.8,33.1,65.4,39.9,5.0,0,1,0,1
48489,Willacy County,TX,0.985,0.9892,0.91,0.993,0.8428,5.6,0.9,28.3,9.1,42.9,8.7,32.5,88.3,1.4,23.0,15.1,89.9,70.2,19.4,19.0,15.8,34.1,68.8,44.4,5.0,0,1,0,1
48491,Williamson County,TX,0.3207,0.2701,0.4009,0.8199,0.2275,2.6,6.5,9.7,2.9,11.1,4.4,5.9,25.0,15.1,23.1,10.0,44.1,75.0,20.4,9.5,15.8,31.0,77.4,32.1,2.0,0,1,0,0
48493,Wilson County,TX,0.2972,0.2351,0.2402,0.833,0.3363,2.2,1.5,12.2,2.3,15.8,3.4,9.2,40.7,1.0,16.6,12.3,45.2,72.9,21.7,11.0,15.8,32.5,70.6,34.9,2.0,0,1,0,0
48495,Winkler County,TX,0.4448,0.3958,0.3252,0.9523,0.3388,5.6,3.9,18.7,8.9,16.3,2.3,27.5,62.6,0.0,7.3,9.1,68.0,70.8,20.7,13.3,15.8,32.8,73.6,37.5,6.0,0,1,0,0
48497,Wise County,TX,0.5422,0.4483,0.79,0.6128,0.3923,1.6,1.3,16.2,3.6,16.9,4.3,13.0,20.4,1.1,17.6,15.8,25.4,72.1,24.0,10.3,15.8,32.1,67.7,33.8,2.0,0,1,0,0
48499,Wood County,TX,0.7655,0.7124,0.847,0.5011,0.6771,5.5,4.0,15.1,1.7,21.9,5.3,13.9,10.8,2.7,21.3,20.0,18.4,72.5,25.2,10.6,15.8,32.4,73.7,34.8,6.0,0,1,0,1
48501,Yoakum County,TX,0.587,0.622,0.5918,0.9644,0.2472,2.4,1.6,19.8,11.9,23.2,3.9,31.5,67.9,1.4,15.4,9.0,71.5,71.2,21.0,13.0,15.8,33.0,66.4,38.2,6.0,0,1,0,0
48503,Young County,TX,0.5345,0.4639,0.9535,0.5892,0.1575,5.1,1.5,18.9,3.4,22.9,2.6,11.9,19.7,1.5,18.4,15.4,23.8,72.2,24.6,10.8,15.8,32.5,73.2,37.3,6.0,0,1,0,0
48505,Zapata County,TX,0.9968,0.9901,0.9809,0.9984,0.9014,9.7,0.1,26.9,20.7,49.8,8.1,34.4,94.7,2.3,23.1,16.2,95.6,70.8,20.6,20.1,15.8,34.7,64.7,44.5,5.0,0,1,0,1
48507,Zavala County,TX,0.909,0.8813,0.9905,0.9978,0.4292,4.9,0.7,12.2,5.9,49.7,5.8,27.4,93.8,0.5,18.9,17.0,94.5,71.3,21.1,21.4,15.8,35.1,63.6,48.2,6.0,0,1,0,1
49001,Beaver County,UT,0.1457,0.1556,0.5612,0.4658,0.0519,2.7,0.1,11.9,2.2,9.8,3.6,7.7,12.9,0.7,14.5,12.9,16.7,69.5,25.7,8.9,12.2,29.2,72.5,29.0,6.0,0,0,1,0
49003,Box Elder County,UT,0.1215,0.1527,0.1416,0.3977,0.1686,4.2,0.4,8.1,0.5,16.8,2.6,6.6,9.9,4.6,20.2,11.3,13.8,73.4,26.6,8.9,12.7,28.4,65.2,32.7,5.0,0,0,1,0
49005,Cache County,UT,0.3478,0.2816,0.2889,0.4779,0.538,3.3,0.7,6.5,1.6,24.1,2.4,5.8,11.0,8.7,25.1,8.5,17.3,70.6,26.6,9.5,12.2,29.5,71.2,30.3,4.0,0,0,1,0
49007,Carbon County,UT,0.6297,0.7051,0.7436,0.4932,0.3748,4.4,0.9,7.0,0.5,27.9,6.7,8.0,13.8,2.6,28.2,16.8,17.9,71.0,29.6,10.8,17.1,27.2,72.3,35.1,5.0,0,0,1,0
49009,Daggett County,UT,0.1849,0.2199,0.0506,0.182,0.5469,4.7,0.0,6.2,0.0,14.9,3.5,7.2,2.8,0.0,24.7,13.0,7.5,70.1,26.7,9.4,13.5,29.4,70.2,32.8,6.0,0,0,1,0
49011,Davis County,UT,0.0678,0.0325,0.2822,0.4948,0.1069,2.4,1.2,5.9,0.9,11.1,2.5,4.3,10.5,8.4,18.3,9.2,18.0,73.5,28.7,8.4,9.5,28.8,72.2,32.7,3.0,0,0,1,0
49013,Duchesne County,UT,0.5361,0.5778,0.4629,0.4445,0.5167,4.7,0.4,14.2,0.9,23.8,4.3,10.8,8.5,0.7,20.7,13.8,15.7,70.3,26.0,10.2,15.5,26.9,61.6,31.6,6.0,0,0,1,0
49015,Emery County,UT,0.2269,0.1645,0.6729,0.2914,0.2008,2.7,0.1,7.8,1.0,22.0,3.6,6.7,6.8,1.2,14.2,15.4,10.1,69.5,28.2,9.4,13.4,28.9,70.8,30.7,6.0,0,0,1,0
49017,Garfield County,UT,0.3423,0.4617,0.364,0.3446,0.251,2.5,0.0,14.5,0.6,22.7,4.4,4.1,7.4,1.5,22.7,14.8,11.7,71.8,26.4,8.9,12.1,29.4,68.9,28.9,6.0,0,0,1,0
49019,Grand County,UT,0.4582,0.433,0.3331,0.5218,0.5597,2.1,0.0,12.2,1.2,23.0,1.2,5.5,10.9,5.9,29.5,12.2,19.5,69.7,26.4,9.3,13.7,28.3,62.7,28.2,6.0,0,0,1,0
49021,Iron County,UT,0.4114,0.5017,0.2809,0.4496,0.384,3.4,0.7,10.0,1.4,25.9,3.3,7.0,9.7,10.9,26.8,11.1,15.8,71.7,27.2,9.7,14.1,29.8,67.7,36.9,5.0,0,0,1,0
49023,Juab County,UT,0.0659,0.0487,0.1887,0.2692,0.1823,3.9,0.5,7.5,0.3,14.9,1.9,6.4,5.7,1.7,13.0,12.4,9.5,69.2,26.4,8.9,12.7,29.5,71.1,32.9,3.0,0,0,1,0
49025,Kane County,UT,0.259,0.2265,0.5861,0.2399,0.2663,4.6,0.2,7.8,0.3,20.8,3.5,5.6,5.4,1.7,21.1,18.3,8.8,70.9,26.8,8.9,11.8,29.7,72.5,33.4,6.0,0,0,1,0
49027,Millard County,UT,0.4502,0.4241,0.8657,0.4763,0.1642,3.7,0.2,11.1,2.8,23.6,4.4,9.5,12.7,2.1,18.0,13.5,17.2,71.6,26.4,10.1,15.0,28.7,67.6,34.5,6.0,0,0,1,0
49029,Morgan County,UT,0.0,0.0019,0.0146,0.1409,0.0019,0.8,0.6,5.0,0.1,5.5,1.7,1.8,3.1,0.3,8.7,6.5,6.8,70.7,25.2,7.5,7.9,28.0,71.9,25.1,3.0,0,0,1,0
49031,Piute County,UT,0.5402,0.9478,0.3293,0.0544,0.1753,4.9,0.2,15.6,0.2,40.3,9.1,11.1,4.3,0.0,25.0,21.1,5.1,69.6,28.6,11.0,19.1,30.4,66.3,34.0,6.0,0,0,1,0
49033,Rich County,UT,0.2141,0.0811,0.8193,0.4117,0.1829,0.0,0.0,7.9,0.5,19.6,2.6,4.2,10.1,2.6,14.2,15.1,14.2,71.2,27.5,9.4,12.3,28.8,74.3,33.0,5.0,0,0,1,0
49035,Salt Lake County,UT,0.4512,0.3325,0.4044,0.6777,0.552,5.2,1.7,9.9,3.5,14.5,3.6,8.2,19.1,18.6,24.0,9.9,30.9,69.7,27.5,8.7,13.8,29.3,73.5,29.9,1.0,0,0,1,0
49037,San Juan County,UT,0.9567,0.8524,0.9688,0.8988,0.8794,8.8,0.1,19.0,3.1,32.3,12.1,12.2,6.3,0.1,18.4,22.0,56.2,71.8,27.0,13.7,26.2,29.4,60.9,34.4,6.0,0,0,1,1
49039,Sanpete County,UT,0.5116,0.6064,0.2743,0.4146,0.5507,2.8,0.9,10.8,1.9,26.3,4.6,10.2,9.5,2.9,22.1,11.7,14.4,69.5,26.7,10.3,16.0,28.2,65.4,30.2,6.0,0,0,1,0
49041,Sevier County,UT,0.2886,0.37,0.1931,0.2485,0.4162,4.1,0.5,9.4,0.4,20.3,4.9,8.0,5.6,2.3,19.7,14.7,9.0,71.2,28.4,9.1,12.8,29.9,72.5,36.6,6.0,0,0,1,0
49043,Summit County,UT,0.0509,0.0267,0.251,0.4556,0.091,1.8,0.7,6.9,1.9,8.3,2.3,4.0,11.0,17.0,16.1,5.9,16.1,73.0,23.4,7.2,7.9,27.4,76.6,19.3,5.0,0,0,1,0
49045,Tooele County,UT,0.1766,0.1206,0.3204,0.5269,0.238,3.8,0.8,7.5,0.9,10.6,3.9,7.4,13.7,4.5,17.5,11.1,19.9,70.6,27.3,9.4,12.4,29.1,69.0,37.3,2.0,0,0,1,0
49047,Uintah County,UT,0.5297,0.5644,0.4216,0.5294,0.5081,3.1,0.4,13.8,0.7,20.1,6.3,11.3,8.8,5.7,17.5,12.5,20.0,69.0,27.2,10.2,15.9,29.7,63.1,35.4,5.0,0,0,1,0
49049,Utah County,UT,0.2555,0.1798,0.1963,0.5183,0.5011,2.5,0.5,7.8,1.7,15.5,3.4,4.7,12.5,12.0,22.7,8.5,19.3,71.3,25.1,8.8,10.4,29.3,69.1,31.6,3.0,0,0,1,0
49051,Wasatch County,UT,0.0748,0.0776,0.1508,0.4871,0.1114,2.4,0.2,7.4,2.1,9.9,2.4,4.5,13.7,4.9,20.3,7.9,17.6,72.4,22.8,7.4,8.9,27.6,72.2,24.1,5.0,0,0,1,0
49053,Washington County,UT,0.3875,0.3382,0.5762,0.4763,0.3309,3.0,0.5,12.2,1.2,17.4,3.1,5.6,11.1,6.2,25.2,12.5,17.2,69.1,26.8,8.8,12.2,29.1,71.8,34.1,4.0,0,0,1,0
49055,Wayne County,UT,0.1053,0.244,0.3166,0.0041,0.0589,1.7,0.0,10.7,0.0,23.6,0.6,6.9,1.8,0.2,19.3,11.6,2.8,70.8,27.3,9.9,14.1,29.8,70.0,34.2,6.0,0,0,1,0
49057,Weber County,UT,0.3471,0.2393,0.4944,0.6083,0.3891,4.5,1.0,8.5,1.8,14.4,3.1,7.8,18.8,9.8,23.0,11.5,25.0,73.2,28.0,8.9,13.8,31.1,74.5,34.8,3.0,0,0,1,0
50001,Addison County,VT,0.139,0.1518,0.0652,0.2323,0.4499,4.1,0.9,4.7,0.3,13.5,4.1,5.5,2.5,2.8,23.9,15.6,8.6,75.3,26.2,6.5,15.8,27.7,78.0,28.1,6.0,1,0,0,0
50003,Bennington County,VT,0.349,0.2736,0.433,0.1861,0.5861,8.5,1.0,4.6,0.2,18.6,4.2,5.9,2.4,3.6,29.3,17.5,7.6,73.2,31.5,7.3,15.8,26.4,75.5,30.8,5.0,1,0,0,0
50005,Caledonia County,VT,0.2844,0.2113,0.4473,0.1225,0.5367,7.5,0.7,4.5,0.4,20.1,2.6,6.3,1.9,2.4,27.3,17.1,6.5,73.2,28.3,7.7,15.8,28.2,72.9,31.1,6.0,1,0,0,0
50007,Chittenden County,VT,0.2205,0.1763,0.0245,0.3802,0.7722,6.9,2.5,3.3,1.2,16.1,3.9,4.7,2.5,14.7,27.9,11.2,13.0,74.7,27.2,6.2,15.8,25.9,74.5,23.6,4.0,1,0,0,0
50009,Essex County,VT,0.4155,0.6386,0.5752,0.0983,0.1852,4.9,0.0,5.3,0.4,26.9,5.4,11.1,1.5,0.6,27.7,22.9,6.0,72.4,29.0,8.6,15.8,28.6,72.7,34.1,6.0,1,0,0,0
50011,Franklin County,VT,0.1219,0.2444,0.0748,0.1654,0.1976,6.2,0.2,4.2,0.2,17.5,3.3,8.1,1.8,4.5,27.5,14.2,7.2,73.4,26.4,7.9,15.8,27.9,72.7,36.4,4.0,1,0,0,0
50013,Grand Isle County,VT,0.006,0.1203,0.0156,0.2485,0.0057,2.0,1.1,4.0,0.2,12.3,3.5,3.9,2.0,0.1,25.6,12.2,9.0,72.6,26.9,6.9,15.8,26.3,78.7,29.9,4.0,1,0,0,0
50015,Lamoille County,VT,0.1409,0.2685,0.034,0.1276,0.3678,5.1,1.0,6.3,0.2,16.1,3.9,5.8,2.0,2.8,28.4,12.7,6.6,70.2,28.6,6.8,15.8,25.0,79.8,28.9,6.0,1,0,0,0
50017,Orange County,VT,0.0939,0.1565,0.0967,0.0735,0.224,4.2,0.3,4.5,0.1,17.0,3.1,6.1,1.4,1.4,24.8,15.5,5.5,72.3,28.1,7.2,15.8,27.5,74.1,32.3,5.0,1,0,0,0
50019,Orleans County,VT,0.3548,0.4508,0.3038,0.1037,0.4664,6.3,0.7,3.5,0.2,20.2,6.1,8.5,1.7,1.8,27.2,17.4,6.1,75.1,26.5,8.1,15.8,28.0,76.9,33.0,6.0,1,0,0,0
50021,Rutland County,VT,0.3955,0.2879,0.1661,0.1094,0.9093,7.1,0.6,4.5,0.4,18.5,4.3,6.4,1.7,7.9,29.5,16.1,6.2,73.8,27.2,7.6,15.8,26.5,74.7,35.5,5.0,1,0,0,0
50023,Washington County,VT,0.161,0.1222,0.1098,0.1508,0.5791,7.7,0.9,2.9,0.2,16.3,3.0,4.9,2.0,4.8,25.4,14.0,7.0,71.4,29.0,7.1,15.8,27.6,75.6,27.1,5.0,1,0,0,0
50025,Windham County,VT,0.3185,0.3248,0.3159,0.2265,0.4878,6.1,1.1,4.1,0.1,21.5,4.4,5.8,2.6,4.9,30.6,17.0,8.4,70.6,28.1,7.2,15.8,26.3,79.0,26.0,5.0,1,0,0,0
50027,Windsor County,VT,0.1499,0.1817,0.0961,0.1409,0.4143,5.1,0.7,5.0,0.2,16.1,3.7,5.1,2.0,4.7,25.6,15.0,6.8,69.3,28.8,6.9,15.8,25.9,76.3,28.7,5.0,1,0,0,0
51001,Accomack County,VA,0.8597,0.7416,0.8982,0.791,0.7973,8.0,28.3,10.7,4.0,28.1,3.7,18.4,9.2,1.5,23.4,16.8,40.6,77.8,23.4,13.4,21.3,35.0,74.5,40.3,6.0,0,1,0,1
51003,Albemarle County,VA,0.2469,0.1295,0.245,0.5927,0.5059,4.7,8.8,5.8,1.7,11.2,3.1,6.2,5.9,14.6,23.2,9.3,24.1,77.7,21.8,8.7,8.8,32.7,80.9,29.0,4.0,0,1,0,0
51005,Alleghany County,VA,0.3102,0.3099,0.1864,0.2444,0.5918,6.7,5.2,7.4,0.1,21.4,3.7,11.8,1.6,6.6,18.3,17.5,8.9,76.2,26.7,11.0,14.5,33.7,76.8,39.1,6.0,0,1,0,0
51007,Amelia County,VA,0.3853,0.4808,0.2399,0.6287,0.2924,2.6,20.1,5.6,0.9,24.5,4.1,13.6,3.4,0.5,22.8,16.7,26.8,76.8,24.9,12.8,18.0,34.8,76.2,38.8,2.0,0,1,0,0
51009,Amherst County,VA,0.4022,0.4244,0.1632,0.6198,0.4973,5.4,18.2,7.7,0.3,22.3,4.5,12.3,2.7,0.7,19.3,15.8,25.9,76.9,24.8,11.8,15.8,32.8,76.5,39.6,3.0,0,1,0,0
51011,Appomattox County,VA,0.1441,0.2848,0.1419,0.5892,0.0557,3.4,18.0,8.3,0.0,22.5,3.5,10.1,2.2,1.7,17.3,14.2,23.8,77.1,25.0,11.7,15.8,35.0,75.2,38.8,3.0,0,1,0,0
51013,Arlington County,VA,0.1597,0.0423,0.0115,0.7894,0.7945,14.1,9.0,5.5,3.6,10.3,2.8,4.7,15.6,54.9,19.4,6.5,40.5,77.5,20.6,8.5,7.1,34.0,79.4,25.2,2.0,0,1,0,0
51015,Augusta County,VA,0.2129,0.1591,0.1626,0.3166,0.5266,4.5,4.4,6.8,0.8,15.3,3.0,10.1,3.4,4.3,18.7,14.2,10.9,76.8,26.2,10.3,12.5,33.2,72.6,40.8,4.0,0,1,0,0
51017,Bath County,VA,0.1674,0.3678,0.16,0.1409,0.1314,0.9,4.8,4.7,0.4,36.9,2.0,14.0,0.7,1.8,19.1,15.2,6.8,75.6,27.8,12.6,18.9,34.7,71.8,38.7,6.0,0,1,0,0
51019,Bedford County,VA,0.0853,0.0878,0.1215,0.4085,0.1721,3.6,6.2,6.1,0.4,15.8,2.9,7.6,2.6,3.5,17.6,13.1,14.1,75.7,25.0,10.1,11.2,33.4,73.7,36.7,3.0,0,1,0,0
51021,Bland County,VA,0.0974,0.0493,0.0458,0.1276,0.6195,3.5,3.9,4.8,0.0,14.8,3.3,8.0,0.8,0.5,11.5,17.5,6.6,75.2,25.1,10.5,12.8,33.6,73.7,36.2,6.0,0,1,0,0
51023,Botetourt County,VA,0.013,0.0375,0.0226,0.2294,0.0783,3.7,2.5,4.8,0.1,12.8,3.1,6.4,2.0,3.1,17.4,12.5,8.5,76.5,25.6,9.5,10.3,33.0,75.8,34.8,3.0,0,1,0,0
51025,Brunswick County,VA,0.8311,0.8101,0.308,0.9141,0.9281,7.6,54.1,7.9,0.2,27.2,5.2,23.5,2.6,1.0,25.2,18.0,59.0,78.5,21.6,15.1,25.3,34.2,76.9,43.7,6.0,0,1,0,1
51027,Buchanan County,VA,0.5975,0.8517,0.5049,0.015,0.4381,4.9,1.8,7.2,0.1,37.6,6.0,25.8,1.0,0.8,22.5,33.7,3.8,75.8,28.4,13.2,21.4,35.0,69.6,38.8,6.0,0,1,0,0
51029,Buckingham County,VA,0.6758,0.6974,0.2437,0.7725,0.7614,6.4,32.0,11.0,0.4,24.7,5.0,15.9,2.5,0.5,21.0,17.6,39.2,77.2,23.7,13.6,20.5,34.9,76.2,43.1,6.0,0,1,0,0
51031,Campbell County,VA,0.4152,0.3567,0.4458,0.5581,0.4365,5.2,14.0,6.5,1.6,21.8,4.9,9.5,3.1,3.6,20.0,14.5,22.0,77.3,24.4,11.3,14.8,34.0,73.5,35.6,3.0,0,1,0,0
51033,Caroline County,VA,0.399,0.3064,0.4209,0.7537,0.3901,5.0,24.2,6.7,1.0,15.4,4.6,10.6,5.9,0.8,21.1,12.9,37.5,77.2,23.5,12.0,16.4,33.9,77.6,41.3,6.0,0,1,0,0
51035,Carroll County,VA,0.2797,0.5861,0.3016,0.1225,0.1114,4.2,0.3,9.1,0.6,25.3,4.8,17.0,4.2,0.7,18.7,16.5,6.5,75.8,28.1,11.5,16.2,35.1,73.9,41.3,6.0,0,1,0,0
51036,Charles City County,VA,0.2685,0.3945,0.1934,0.8988,0.09,6.4,43.7,6.3,0.2,19.7,4.1,15.1,2.2,0.9,20.9,19.2,56.2,78.4,23.2,13.7,20.6,33.0,76.2,41.6,2.0,0,1,0,0
51037,Charlotte County,VA,0.7436,0.6172,0.86,0.6885,0.6344,8.0,26.0,8.9,0.1,29.9,3.6,15.5,2.6,0.9,21.3,22.0,31.7,77.7,25.8,14.0,22.7,34.3,73.2,42.5,6.0,0,1,0,0
51041,Chesterfield County,VA,0.2943,0.2421,0.6452,0.7929,0.111,3.1,23.2,7.3,2.9,11.5,4.7,7.4,9.9,8.7,21.8,12.5,40.9,77.8,21.8,10.8,12.4,34.8,81.7,36.1,2.0,0,1,0,0
51043,Clarke County,VA,0.0598,0.0926,0.098,0.4445,0.0916,2.0,4.6,6.0,0.7,9.1,3.5,6.3,6.6,3.1,20.2,13.6,15.7,76.6,25.1,9.1,9.9,33.5,78.2,32.6,2.0,0,1,0,0
51045,Craig County,VA,0.0589,0.0538,0.1059,0.0627,0.2864,4.7,0.0,2.9,0.0,14.0,1.9,12.1,0.9,0.2,13.4,11.7,5.3,75.5,26.5,10.2,12.6,33.5,75.4,36.2,3.0,0,1,0,0
51047,Culpeper County,VA,0.4327,0.357,0.5511,0.6923,0.3401,3.4,13.0,9.4,2.8,12.9,3.9,10.6,12.4,6.4,22.7,12.5,32.0,76.5,23.3,10.9,14.1,34.2,75.0,38.2,2.0,0,1,0,0
51049,Cumberland County,VA,0.4426,0.3532,0.5196,0.7391,0.371,6.9,30.0,8.6,0.1,15.1,3.2,13.9,1.2,0.8,21.8,15.0,36.3,77.1,24.5,12.1,17.2,32.9,78.6,39.4,6.0,0,1,0,0
51051,Dickenson County,VA,0.4629,0.5717,0.3058,0.0032,0.644,7.1,0.7,5.9,0.0,35.7,3.4,18.6,1.1,2.1,20.7,36.4,2.7,75.3,28.5,12.6,18.9,34.4,68.0,39.0,6.0,0,1,0,0
51053,Dinwiddie County,VA,0.3261,0.3656,0.1495,0.7502,0.3229,2.8,30.8,6.6,0.8,14.7,4.7,10.5,3.9,2.3,23.6,14.6,37.3,78.0,23.8,11.8,15.6,33.1,74.4,40.1,2.0,0,1,0,0
51057,Essex County,VA,0.8272,0.9593,0.6048,0.8438,0.4311,5.3,37.7,9.7,0.3,30.2,9.9,17.4,4.4,3.7,33.0,16.8,46.0,78.6,24.5,13.5,21.4,34.1,74.8,42.5,6.0,0,1,0,1
51059,Fairfax County,VA,0.2412,0.112,0.2574,0.8775,0.3621,4.6,9.7,7.5,5.8,9.9,4.1,6.5,16.5,23.6,17.8,7.6,51.4,76.5,18.8,9.5,9.4,34.1,81.4,23.8,2.0,0,1,0,0
51061,Fauquier County,VA,0.0732,0.0764,0.3802,0.5654,0.0286,3.1,6.6,7.7,2.3,9.8,2.3,7.8,9.9,4.1,16.7,9.6,22.4,76.8,23.1,9.5,10.4,33.6,79.5,32.4,2.0,0,1,0,0
51063,Floyd County,VA,0.0929,0.1546,0.0955,0.1696,0.1941,5.6,3.0,7.3,0.5,17.9,2.6,9.2,2.9,0.9,17.9,12.7,7.3,75.7,25.7,9.9,12.0,33.4,73.1,32.5,4.0,0,1,0,0
51065,Fluvanna County,VA,0.0582,0.0821,0.027,0.5915,0.1658,2.7,13.0,8.0,0.3,12.3,3.0,6.7,4.2,1.9,16.5,11.6,23.9,78.0,24.8,9.9,11.8,32.8,75.6,38.8,4.0,0,1,0,0
51067,Franklin County,VA,0.321,0.2275,0.1909,0.3847,0.7028,5.5,7.7,7.2,0.5,21.7,2.8,10.3,3.0,3.4,17.7,15.2,13.3,76.5,26.0,11.0,13.9,34.9,73.8,34.9,3.0,0,1,0,0
51069,Frederick County,VA,0.2545,0.2179,0.4715,0.5183,0.2135,3.6,4.2,8.0,2.3,12.2,4.2,11.3,10.1,6.3,17.2,11.6,19.3,76.5,23.3,9.6,12.0,32.6,78.7,37.3,4.0,0,1,0,0
51071,Giles County,VA,0.1037,0.1273,0.099,0.0821,0.3334,5.6,2.3,6.4,0.5,20.0,2.2,9.6,1.9,3.5,14.1,13.0,5.7,75.3,26.6,10.6,13.2,34.1,76.2,36.0,4.0,0,1,0,0
51073,Gloucester County,VA,0.0344,0.133,0.0732,0.4683,0.0089,2.4,8.2,5.0,0.1,11.2,3.4,10.1,4.1,0.9,19.9,17.2,16.8,76.8,25.6,9.9,11.2,32.7,75.3,35.4,2.0,0,1,0,0
51075,Goochland County,VA,0.0592,0.0041,0.0449,0.5667,0.4009,2.7,14.4,3.6,0.5,8.4,2.4,5.8,3.2,5.3,15.7,12.6,22.5,77.2,22.8,8.7,8.8,31.9,80.7,32.8,2.0,0,1,0,0
51077,Grayson County,VA,0.5851,0.6414,0.6755,0.3446,0.4648,5.0,5.1,10.2,1.1,33.1,4.3,17.0,3.9,0.5,17.9,20.2,11.7,75.8,26.6,13.1,20.4,35.2,72.4,41.2,6.0,0,1,0,0
51079,Greene County,VA,0.2199,0.1683,0.6096,0.5269,0.1365,2.1,6.4,6.7,1.1,16.2,3.8,10.7,6.6,3.4,15.1,12.3,19.9,76.3,24.8,10.4,13.3,33.2,76.4,37.5,4.0,0,1,0,0
51081,Greensville County,VA,0.8979,0.8883,0.3016,0.9405,0.9847,8.6,52.7,7.8,0.5,26.8,6.3,20.3,5.1,3.4,29.6,17.4,64.2,78.3,19.6,15.6,25.7,33.9,76.8,44.9,6.0,0,1,0,1
51083,Halifax County,VA,0.7684,0.6977,0.8365,0.7859,0.5749,6.4,34.7,8.4,0.2,27.3,3.7,17.8,2.4,1.2,24.8,20.1,40.2,76.8,24.4,14.3,23.3,34.5,75.0,40.6,6.0,0,1,0,1
51085,Hanover County,VA,0.0274,0.0185,0.0735,0.4932,0.0837,2.7,8.5,4.1,0.5,9.9,2.9,5.6,3.3,5.0,17.2,11.1,17.9,76.4,22.9,9.3,9.6,34.0,78.6,32.7,2.0,0,1,0,0
51087,Henrico County,VA,0.3414,0.266,0.4677,0.8661,0.2183,5.5,29.3,6.3,2.1,14.3,3.9,7.1,6.1,13.4,26.9,11.7,49.1,78.8,21.3,10.8,13.0,31.3,76.8,32.5,2.0,0,1,0,0
51089,Henry County,VA,0.7757,0.7553,0.7614,0.6828,0.6494,6.5,22.8,8.1,1.2,29.9,5.2,18.7,6.0,3.9,21.9,21.6,31.3,77.5,25.7,13.4,21.2,33.8,75.6,42.2,5.0,0,1,0,1
51091,Highland County,VA,0.1352,0.3901,0.1368,0.0821,0.0751,5.3,0.0,8.1,0.0,17.7,14.7,10.0,0.0,1.1,12.3,20.9,5.7,76.3,25.4,9.4,11.0,33.1,76.7,33.4,6.0,0,1,0,0
51093,Isle of Wight County,VA,0.2243,0.2733,0.2784,0.6726,0.1279,4.7,21.7,6.1,0.7,15.8,5.5,8.8,4.0,4.8,20.0,14.7,30.5,77.9,23.6,10.8,12.9,32.3,77.5,36.1,2.0,0,1,0,0
51095,James City County,VA,0.1763,0.078,0.5781,0.6249,0.1499,4.2,12.5,5.2,0.9,10.9,3.7,4.3,6.4,7.8,20.8,13.1,26.5,78.4,23.4,9.1,9.7,33.5,78.9,32.5,2.0,0,1,0,0
51097,King and Queen County,VA,0.1973,0.6382,0.0239,0.7136,0.0277,4.0,24.1,6.9,0.0,25.6,5.7,13.6,3.6,0.0,22.3,15.1,34.0,77.4,24.5,12.6,18.0,33.9,74.9,40.3,2.0,0,1,0,0
51099,King George County,VA,0.0528,0.09,0.1397,0.6647,0.0239,1.8,15.8,3.8,1.0,12.6,2.6,9.7,6.4,0.9,20.1,9.4,30.0,77.1,23.5,10.3,12.2,33.4,77.5,35.5,6.0,0,1,0,0
51101,King William County,VA,0.0334,0.1082,0.1874,0.5727,0.0022,3.2,14.9,5.8,0.4,13.1,4.0,6.5,2.9,0.7,19.4,12.7,22.8,76.6,24.7,10.3,12.2,32.8,74.5,34.3,2.0,0,1,0,0
51103,Lancaster County,VA,0.5075,0.7331,0.3907,0.7089,0.1565,4.0,27.2,7.0,0.6,23.4,9.3,13.6,2.3,2.2,23.5,19.8,33.5,77.5,23.9,11.6,17.0,33.9,75.0,36.5,6.0,0,1,0,0
51105,Lee County,VA,0.8788,0.9217,0.908,0.2062,0.8374,9.0,4.0,10.8,0.6,37.3,8.1,18.3,2.1,1.2,21.7,29.7,7.9,75.9,27.2,13.6,20.9,35.5,72.1,42.2,6.0,0,1,0,1
51107,Loudoun County,VA,0.1059,0.0197,0.3322,0.8524,0.1374,3.1,7.4,5.3,3.7,6.4,3.2,5.6,13.8,13.2,12.9,6.5,46.9,78.3,18.7,8.9,8.5,33.8,79.2,27.3,2.0,0,1,0,0
51109,Louisa County,VA,0.2542,0.5049,0.1406,0.5829,0.0885,3.5,13.5,7.1,0.5,16.8,6.4,11.4,3.6,2.8,22.6,16.5,23.5,76.8,24.4,10.9,13.9,34.0,75.0,36.1,6.0,0,1,0,0
51111,Lunenburg County,VA,0.9243,0.7661,0.9561,0.7983,0.93,7.7,32.7,10.9,1.9,25.6,4.0,21.3,6.1,0.7,24.4,21.2,41.6,77.0,24.2,14.7,22.9,34.3,72.2,45.8,6.0,0,1,0,1
51113,Madison County,VA,0.1594,0.3398,0.077,0.4518,0.125,2.9,7.9,5.6,0.1,19.9,3.7,13.0,3.4,1.1,21.7,15.5,15.9,76.4,25.2,10.2,12.7,33.5,76.4,37.7,6.0,0,1,0,0
51115,Mathews County,VA,0.1002,0.2205,0.307,0.4416,0.0127,0.6,9.0,8.4,0.4,12.2,8.2,5.7,3.1,0.5,14.5,21.2,15.6,76.9,26.1,10.1,12.0,33.5,76.8,35.3,2.0,0,1,0,0
51117,Mecklenburg County,VA,0.7308,0.5581,0.8088,0.7798,0.6812,7.5,33.2,7.4,0.5,28.1,3.6,13.5,3.1,1.6,22.6,19.7,39.6,78.0,24.7,13.6,20.0,33.9,73.1,41.5,6.0,0,1,0,0
51119,Middlesex County,VA,0.3042,0.3089,0.3115,0.5644,0.3026,2.8,14.4,6.4,0.6,16.4,4.6,10.6,3.1,0.3,21.1,17.1,22.3,77.9,25.0,10.8,13.4,33.3,82.7,38.3,6.0,0,1,0,0
51121,Montgomery County,VA,0.2873,0.3621,0.0029,0.4779,0.9017,5.5,4.0,5.3,0.5,30.0,3.3,5.0,3.5,17.7,26.8,10.3,17.3,76.6,24.9,11.0,12.6,34.8,77.4,31.4,4.0,0,1,0,0
51125,Nelson County,VA,0.2536,0.3672,0.1699,0.5202,0.2033,5.8,12.4,8.6,0.8,18.2,3.2,13.4,4.6,4.1,21.1,14.3,19.4,76.9,25.1,10.7,13.6,33.4,72.1,35.2,4.0,0,1,0,0
51127,New Kent County,VA,0.0025,0.0115,0.0111,0.574,0.0111,1.5,13.1,3.7,0.6,7.7,3.1,5.9,4.0,0.3,15.3,10.7,22.9,76.9,23.2,9.9,10.7,32.6,81.0,34.4,2.0,0,1,0,0
51131,Northampton County,VA,0.79,0.6857,0.6977,0.8272,0.7782,10.3,31.2,10.3,1.6,26.0,4.8,13.1,9.4,3.2,22.7,20.1,44.6,78.0,23.0,12.9,19.2,34.3,76.4,40.1,6.0,0,1,0,1
51133,Northumberland County,VA,0.1922,0.3805,0.0757,0.6901,0.0935,4.3,20.9,7.6,0.1,20.3,4.9,10.8,4.1,0.8,19.2,14.9,31.8,78.1,23.0,10.8,14.0,32.4,79.5,37.2,6.0,0,1,0,0
51135,Nottoway County,VA,0.8425,0.9303,0.5151,0.8438,0.6592,7.2,38.0,13.5,0.4,29.5,6.4,16.2,5.0,1.6,25.5,18.0,46.0,78.0,22.7,14.5,21.7,35.0,76.9,43.4,6.0,0,1,0,1
51137,Orange County,VA,0.2593,0.2459,0.2434,0.5797,0.3172,3.9,12.2,6.2,0.7,17.5,4.4,10.2,6.0,4.4,19.2,15.5,23.3,77.7,24.7,10.2,12.9,33.5,73.6,36.9,5.0,0,1,0,0
51139,Page County,VA,0.363,0.6602,0.3831,0.1753,0.1359,7.0,1.8,10.8,0.5,18.0,4.6,17.6,2.4,1.4,24.5,20.0,7.4,75.3,26.9,10.7,14.3,34.7,72.9,34.4,6.0,0,1,0,0
51141,Patrick County,VA,0.2558,0.2768,0.3557,0.3058,0.2956,4.2,5.6,6.2,0.5,22.9,2.3,16.4,3.3,0.9,16.8,20.4,10.5,75.1,26.2,11.4,16.0,33.3,76.1,39.8,6.0,0,1,0,0
51143,Pittsylvania County,VA,0.7054,0.6777,0.7973,0.6233,0.5126,5.2,19.5,6.7,0.6,27.4,5.4,15.8,2.9,1.7,22.3,20.1,26.4,77.3,24.8,13.0,19.6,35.2,79.6,41.6,5.0,0,1,0,0
51145,Powhatan County,VA,0.0022,0.0226,0.008,0.4248,0.0181,1.6,8.7,3.8,0.2,8.5,2.6,8.5,2.5,0.0,12.3,11.7,14.8,76.8,23.6,9.4,10.1,33.7,80.9,35.5,2.0,0,1,0,0
51147,Prince Edward County,VA,0.6106,0.5313,0.1801,0.776,0.8552,8.4,29.8,6.9,1.4,26.5,2.4,11.6,3.6,5.5,28.6,15.3,39.5,77.7,25.0,14.3,21.0,34.6,76.4,41.3,6.0,0,1,0,0
51149,Prince George County,VA,0.3805,0.4582,0.0681,0.8549,0.4158,3.0,30.2,4.0,0.4,18.4,7.5,10.6,9.7,4.7,23.3,12.7,47.4,77.4,21.8,12.3,16.6,32.4,75.3,39.7,2.0,0,1,0,0
51153,Prince William County,VA,0.4117,0.3213,0.5813,0.9195,0.2144,2.3,20.2,10.4,5.7,11.1,4.7,10.1,25.0,13.3,19.5,8.2,59.9,78.9,20.1,10.8,13.2,34.0,78.3,33.7,2.0,0,1,0,0
51155,Pulaski County,VA,0.2011,0.2304,0.1658,0.2854,0.3465,4.7,5.0,5.3,0.1,20.3,3.3,9.7,1.9,3.0,20.9,19.8,9.9,76.4,25.6,10.8,13.8,34.9,76.8,35.5,4.0,0,1,0,0
51157,Rappahannock County,VA,0.0573,0.4515,0.076,0.3824,0.0,1.6,4.4,11.1,0.4,16.5,6.5,9.4,4.3,0.0,18.6,13.7,13.2,76.2,25.3,10.1,12.0,33.6,73.2,35.2,2.0,0,1,0,0
51159,Richmond County,VA,0.5485,0.4566,0.2663,0.776,0.7289,6.3,27.2,6.2,1.0,22.4,4.0,24.9,7.5,4.2,19.1,16.4,39.5,76.1,22.7,12.7,19.4,33.7,75.2,37.4,6.0,0,1,0,0
51161,Roanoke County,VA,0.1333,0.0681,0.3134,0.4537,0.2339,4.5,6.1,4.6,0.8,13.4,2.6,6.7,3.5,11.9,20.6,12.4,16.0,77.7,26.0,9.5,10.7,32.4,75.6,34.4,3.0,0,1,0,0
51163,Rockbridge County,VA,0.125,0.1753,0.1947,0.265,0.153,4.4,3.6,6.2,0.1,19.3,3.9,9.4,2.1,2.8,16.2,17.8,9.4,75.9,25.6,10.1,11.9,34.0,77.0,34.3,6.0,0,1,0,0
51165,Rockingham County,VA,0.2526,0.2339,0.2733,0.3888,0.3808,4.5,2.2,8.8,1.9,15.9,2.8,12.8,7.8,3.3,17.7,12.6,13.4,76.1,25.1,10.1,12.8,34.0,72.7,33.5,4.0,0,1,0,0
51167,Russell County,VA,0.3468,0.6023,0.2339,0.0169,0.3242,6.6,1.9,6.0,0.0,30.4,5.9,17.1,0.7,0.9,17.7,31.7,3.9,75.1,28.3,11.8,17.3,35.0,68.5,39.3,6.0,0,1,0,0
51169,Scott County,VA,0.4712,0.4865,0.301,0.0169,0.7827,8.5,1.2,7.0,0.0,29.9,3.4,17.0,1.5,1.6,18.5,29.3,3.9,75.9,28.9,12.1,16.8,35.3,71.7,38.3,3.0,0,1,0,0
51171,Shenandoah County,VA,0.4298,0.469,0.7992,0.4146,0.1476,5.0,2.5,6.4,1.5,21.9,4.2,11.4,8.0,6.7,24.3,16.8,14.4,76.0,25.1,11.0,15.0,32.9,73.0,36.3,6.0,0,1,0,0
51173,Smyth County,VA,0.6841,0.5542,0.8931,0.1152,0.7671,8.0,1.7,7.0,0.7,31.3,3.3,15.3,2.3,3.4,21.3,22.5,6.3,75.9,27.7,11.8,16.8,34.0,74.8,38.0,6.0,0,1,0,0
51175,Southampton County,VA,0.4279,0.3942,0.287,0.7693,0.4184,5.0,30.0,6.0,0.1,14.2,5.5,13.2,2.2,0.2,21.7,18.0,39.0,77.8,23.2,12.1,16.0,33.3,78.1,37.9,6.0,0,1,0,0
51177,Spotsylvania County,VA,0.2654,0.3303,0.2994,0.7261,0.1336,3.1,16.4,7.5,1.6,12.9,5.6,9.0,11.3,7.1,20.9,10.7,35.2,76.8,23.2,11.1,13.4,33.2,79.2,40.0,2.0,0,1,0,0
51179,Stafford County,VA,0.2428,0.0904,0.4734,0.8212,0.2794,1.9,18.6,7.0,2.6,8.9,3.9,7.1,14.9,6.1,16.5,8.6,44.2,77.0,22.1,10.2,11.7,33.4,75.2,35.2,2.0,0,1,0,0
51181,Surry County,VA,0.448,0.5119,0.4031,0.8447,0.1995,5.2,41.7,6.9,0.2,21.7,6.0,12.4,2.8,0.6,20.3,17.2,46.1,78.3,23.1,12.4,17.2,33.5,78.2,39.5,2.0,0,1,0,0
51183,Sussex County,VA,0.7385,0.7012,0.2144,0.9201,0.8871,10.3,54.6,8.2,0.2,22.6,5.0,18.7,3.5,1.1,23.7,17.4,60.0,78.6,20.6,14.4,22.4,33.3,79.7,45.7,2.0,0,1,0,0
51185,Tazewell County,VA,0.5883,0.6417,0.5619,0.1409,0.665,7.6,3.5,6.3,0.1,29.8,5.7,13.6,1.2,1.8,21.2,19.1,6.8,76.7,28.6,12.4,17.3,34.8,72.7,40.5,5.0,0,1,0,0
51187,Warren County,VA,0.496,0.6061,0.2704,0.4683,0.4792,5.5,5.2,10.7,0.7,17.7,5.6,11.2,6.3,3.6,23.9,14.4,16.8,75.6,25.1,10.7,13.4,32.9,73.4,37.7,2.0,0,1,0,0
51191,Washington County,VA,0.2549,0.3124,0.3147,0.0579,0.3904,4.4,1.7,8.0,0.2,20.1,4.2,10.8,1.6,2.7,18.1,22.3,5.2,76.1,26.2,10.3,12.2,34.0,77.5,38.4,3.0,0,1,0,0
51193,Westmoreland County,VA,0.8193,0.9281,0.903,0.7537,0.2638,6.1,24.1,8.6,1.7,27.7,9.1,18.1,6.8,1.0,28.9,17.2,37.5,78.0,25.1,13.2,20.9,34.1,75.9,41.2,6.0,0,1,0,1
51195,Wise County,VA,0.8046,0.8756,0.5387,0.2587,0.8937,9.7,4.6,7.8,0.3,30.7,9.1,19.6,1.3,3.3,22.7,27.4,9.2,76.0,27.2,12.7,18.4,34.4,71.5,43.5,6.0,0,1,0,1
51197,Wythe County,VA,0.4139,0.3812,0.72,0.1339,0.3983,8.4,2.2,6.0,0.6,24.3,5.2,9.9,1.4,2.7,19.1,20.7,6.7,75.9,26.8,11.0,14.2,34.3,70.7,38.4,6.0,0,1,0,0
51199,York County,VA,0.1543,0.0633,0.5269,0.6911,0.1384,3.9,13.0,4.0,1.4,8.2,4.2,4.7,7.3,9.9,20.0,11.7,31.9,78.6,22.0,9.4,9.5,33.4,78.6,31.5,2.0,0,1,0,0
51510,Alexandria City,VA,0.3178,0.2345,0.0242,0.8651,0.7442,11.0,20.9,8.8,4.7,13.4,3.2,6.3,16.6,53.0,24.5,7.3,48.9,78.2,20.6,9.8,10.4,34.1,81.5,31.2,2.0,0,1,0,0
51520,Bristol City,VA,0.7696,0.8088,0.8381,0.3888,0.5902,10.3,6.3,13.7,0.3,31.0,4.1,13.8,2.6,8.5,25.1,21.6,13.4,76.5,27.1,11.8,16.7,34.3,76.6,39.3,3.0,0,1,0,0
51530,Buena Vista City,VA,0.4983,0.6332,0.3732,0.3961,0.4053,5.0,4.1,6.4,0.0,29.3,1.3,18.7,1.5,4.0,29.0,16.2,13.7,76.2,27.5,11.9,16.4,34.4,73.2,39.0,6.0,0,1,0,0
51540,Charlottesville City,VA,0.5727,0.6513,0.0334,0.72,0.8562,11.8,17.0,6.3,1.9,30.1,5.1,8.0,5.8,22.6,35.5,9.0,34.7,78.3,23.9,11.5,13.0,34.4,74.9,35.2,4.0,0,1,0,0
51550,Chesapeake City,VA,0.4149,0.3153,0.6125,0.8291,0.2475,4.4,28.6,6.7,1.5,13.2,5.0,6.7,7.0,7.9,25.7,11.7,44.8,79.5,21.9,11.6,13.8,31.7,79.8,39.6,1.0,0,1,0,0
51570,Colonial Heights City,VA,0.5651,0.4782,0.9443,0.678,0.1912,6.6,16.6,7.3,1.5,14.5,6.1,8.5,7.2,7.6,26.8,16.1,31.0,77.6,23.7,10.5,13.5,33.4,80.3,37.7,2.0,0,1,0,0
51580,Covington City,VA,0.3128,0.4073,0.468,0.5237,0.1352,8.5,13.2,8.4,0.3,25.7,2.6,11.4,2.4,1.0,20.8,13.1,19.7,76.3,26.9,13.4,20.8,34.6,73.5,40.7,6.0,0,1,0,0
51590,Danville City,VA,0.9796,0.9322,0.9765,0.9176,0.8979,13.9,49.9,9.1,1.4,38.7,5.8,15.6,4.9,13.1,33.7,19.2,59.5,79.5,23.1,16.6,29.1,34.2,76.5,42.3,5.0,0,1,0,1
51595,Emporia City,VA,0.9233,0.9071,0.994,0.9784,0.4228,16.0,60.3,4.7,1.1,35.8,7.0,23.1,4.7,3.1,37.1,23.1,76.5,80.1,22.1,16.6,30.3,33.2,76.7,44.9,6.0,0,1,0,1
51600,Fairfax City,VA,0.3551,0.1413,0.1117,0.8508,0.8113,6.2,5.9,6.3,5.7,14.5,3.7,7.8,18.1,22.0,19.5,7.2,46.7,77.8,19.7,10.2,10.6,33.8,76.9,31.6,2.0,0,1,0,0
51610,Falls Church City,VA,0.2189,0.055,0.4047,0.678,0.4486,5.7,4.6,0.9,2.2,3.9,6.0,2.6,11.3,44.3,15.2,7.9,31.0,78.1,20.8,7.8,5.9,32.8,81.6,28.6,2.0,0,1,0,0
51620,Franklin City,VA,0.7938,0.7241,0.7165,0.9303,0.6745,10.9,51.4,3.1,0.2,31.8,5.3,15.7,3.3,4.5,28.8,18.6,62.1,80.0,23.4,15.1,25.2,33.1,75.2,44.2,6.0,0,1,0,1
51630,Fredericksburg City,VA,0.7636,0.5851,0.3624,0.8101,0.9675,9.2,20.7,8.5,3.5,22.9,5.2,7.5,11.7,33.0,29.3,11.7,43.1,78.1,23.8,11.6,14.4,33.7,78.6,41.5,2.0,0,1,0,0
51640,Galax City,VA,0.9532,0.9249,0.9478,0.6561,0.8928,9.7,5.1,14.4,3.0,37.7,4.4,19.8,20.6,6.9,25.8,14.8,29.3,76.4,27.4,13.9,21.8,34.5,71.5,39.4,6.0,0,1,0,1
51650,Hampton City,VA,0.748,0.6277,0.58,0.937,0.7464,7.6,48.0,7.1,0.8,22.8,6.5,7.2,6.6,13.2,34.7,16.1,63.6,80.6,21.3,13.8,20.1,33.3,81.0,40.9,2.0,0,1,0,0
51660,Harrisonburg City,VA,0.8648,0.9666,0.1234,0.7378,0.9504,7.2,7.0,10.6,7.4,38.6,6.7,16.4,20.8,19.9,31.9,11.6,36.2,76.9,24.8,13.9,20.4,34.8,74.1,39.1,4.0,0,1,0,1
51670,Hopewell City,VA,0.8801,0.9138,0.8435,0.9074,0.6001,9.0,41.9,6.9,0.8,36.5,8.8,13.1,8.9,9.9,35.2,16.4,57.5,78.7,24.4,16.1,29.4,34.6,74.1,45.9,2.0,0,1,0,0
51678,Lexington City,VA,0.0474,0.0789,0.0,0.5119,0.5912,11.0,5.2,2.1,0.0,19.5,2.5,3.8,5.1,5.7,21.8,11.7,19.0,77.0,24.7,10.5,12.1,33.6,78.2,35.7,6.0,0,1,0,0
51680,Lynchburg City,VA,0.7066,0.6917,0.1429,0.7684,0.9122,10.6,27.4,6.9,0.6,27.2,5.4,9.7,4.7,19.0,30.1,12.8,38.9,78.5,24.1,12.5,17.2,33.6,74.2,40.4,3.0,0,1,0,0
51683,Manassas City,VA,0.4884,0.5173,0.3137,0.931,0.3093,3.7,13.0,19.7,13.3,10.5,3.3,14.2,38.8,16.1,23.3,8.6,62.2,75.9,19.8,11.8,16.1,34.3,78.9,35.3,2.0,0,1,0,0
51685,Manassas Park City,VA,0.6532,0.7588,0.3261,0.9593,0.4295,4.8,12.4,19.2,10.5,17.6,3.2,19.9,41.9,21.3,32.9,11.6,69.9,76.1,20.1,13.9,20.7,34.7,75.2,38.0,2.0,0,1,0,0
51690,Martinsville City,VA,0.9297,0.8661,0.9882,0.9065,0.6414,13.2,44.3,10.4,1.5,37.9,4.3,13.5,7.0,11.8,34.8,21.0,57.4,78.9,23.9,15.9,27.5,34.0,75.3,44.7,5.0,0,1,0,1
51700,Newport News City,VA,0.8406,0.6739,0.686,0.9154,0.9179,9.7,40.6,8.6,1.4,23.2,5.6,8.3,9.9,18.3,35.1,14.4,59.2,79.3,22.2,13.3,19.1,34.3,80.0,41.5,2.0,0,1,0,0
51710,Norfolk City,VA,0.8594,0.8451,0.4203,0.9084,0.9246,11.8,40.1,10.0,1.4,26.2,6.7,10.7,8.7,18.4,36.8,14.8,57.8,79.7,21.3,13.6,19.2,34.3,82.3,41.6,2.0,0,1,0,0
51720,Norton City,VA,0.769,0.8549,0.6328,0.0757,0.8307,8.1,2.0,10.5,0.1,39.5,7.3,9.8,0.0,14.5,24.2,29.7,5.6,76.5,27.8,13.1,19.2,34.9,74.8,40.7,6.0,0,1,0,1
51730,Petersburg City,VA,0.9733,0.9701,0.9389,0.9885,0.79,16.5,75.4,10.7,1.6,34.7,11.3,13.6,5.3,20.1,41.7,21.4,85.1,81.6,21.4,17.0,29.5,32.7,79.4,46.6,2.0,0,1,0,0
51735,Poquoson City,VA,0.0038,0.001,0.2386,0.3016,0.0048,1.7,1.8,2.3,0.3,8.5,1.4,3.8,3.4,3.1,16.2,12.9,10.4,76.6,24.5,8.8,8.6,33.1,74.9,32.9,2.0,0,1,0,0
51740,Portsmouth City,VA,0.8355,0.804,0.6039,0.937,0.7766,11.4,51.0,7.7,0.6,27.3,6.6,10.5,5.0,9.3,39.2,14.8,63.6,79.2,22.9,14.9,22.9,34.4,75.3,41.0,2.0,0,1,0,0
51750,Radford City,VA,0.3408,0.735,0.0032,0.4779,0.5243,4.6,8.8,5.5,0.3,42.3,7.2,6.7,3.2,21.5,32.1,11.5,17.3,77.3,27.9,13.7,19.0,35.7,75.2,40.5,4.0,0,1,0,0
51760,Richmond City,VA,0.8333,0.8575,0.3016,0.9109,0.8823,14.2,43.7,9.6,3.2,28.7,6.1,11.2,7.6,24.9,38.1,14.3,58.2,78.9,22.3,13.5,18.3,33.7,78.3,38.3,1.0,0,1,0,0
51770,Roanoke City,VA,0.8521,0.8718,0.6624,0.8088,0.7639,11.2,28.7,9.7,2.0,29.5,6.6,10.9,6.9,16.2,32.7,12.4,43.0,76.5,24.1,13.2,19.7,32.3,76.9,41.9,3.0,0,1,0,0
51775,Salem City,VA,0.3248,0.2253,0.083,0.4613,0.8046,5.8,7.8,6.1,0.6,18.6,3.5,6.1,3.8,12.4,24.1,11.4,16.5,76.9,25.7,10.4,12.4,33.8,78.2,36.2,3.0,0,1,0,0
51790,Staunton City,VA,0.6048,0.5262,0.468,0.5317,0.748,8.8,10.1,8.2,1.0,21.0,5.1,7.4,3.8,11.6,28.3,15.1,20.1,77.3,25.6,10.7,13.1,33.4,77.3,36.6,4.0,0,1,0,0
51800,Suffolk City,VA,0.4788,0.4715,0.4553,0.882,0.2806,6.0,41.0,6.1,0.7,15.8,6.3,8.8,4.8,8.4,27.0,12.6,52.3,79.6,21.6,12.1,16.2,35.1,80.9,42.0,2.0,0,1,0,0
51810,Virginia Beach City,VA,0.307,0.2743,0.3465,0.7843,0.2377,4.3,18.2,6.9,1.4,13.5,4.3,5.5,8.8,11.9,28.1,11.8,40.1,79.1,23.6,11.2,12.5,35.9,80.2,36.6,1.0,0,1,0,0
51820,Waynesboro City,VA,0.7601,0.7735,0.9042,0.6332,0.4069,7.8,9.5,9.7,1.8,26.6,4.7,11.8,9.3,11.5,34.1,16.8,27.2,76.7,25.0,11.4,15.7,33.5,73.9,38.6,4.0,0,1,0,1
51830,Williamsburg City,VA,0.3802,0.4846,0.0188,0.6962,0.6398,7.1,15.2,6.0,1.4,20.2,6.0,6.7,7.7,18.5,29.1,9.9,32.3,78.1,23.7,11.3,13.7,34.1,77.7,37.2,2.0,0,1,0,0
51840,Winchester City,VA,0.9033,0.8689,0.791,0.7366,0.9135,10.0,9.8,12.0,4.5,27.3,5.2,13.0,18.7,14.0,34.4,14.6,36.1,77.0,24.7,12.9,18.9,34.6,74.6,38.3,4.0,0,1,0,1
53001,Adams County,WA,0.98,0.9835,0.7467,0.9526,0.9621,7.4,0.2,16.4,14.4,33.1,6.3,29.0,64.5,4.7,27.2,10.9,68.1,67.1,22.3,13.1,15.8,31.4,65.8,38.3,5.0,0,0,1,1
53003,Asotin County,WA,0.4283,0.5743,0.5807,0.3535,0.1826,3.3,0.6,6.8,0.7,27.0,5.9,7.0,4.7,3.6,25.3,18.5,12.0,71.3,27.6,9.3,15.8,29.4,71.4,35.5,4.0,0,0,1,0
53005,Benton County,WA,0.6405,0.4232,0.8441,0.6993,0.6157,5.1,1.6,8.0,4.1,17.6,4.8,9.9,23.5,12.4,22.9,14.2,32.6,69.6,24.3,9.4,15.8,32.5,72.4,36.3,3.0,0,0,1,0
53007,Chelan County,WA,0.7999,0.5068,0.9542,0.7098,0.8129,5.3,0.4,10.9,7.2,17.7,3.4,14.6,28.6,9.6,23.2,17.9,33.6,67.9,25.6,8.7,15.8,29.7,68.8,29.4,4.0,0,0,1,1
53009,Clallam County,WA,0.5861,0.4753,0.6128,0.5161,0.6799,6.2,0.8,7.5,0.7,19.7,5.4,7.0,7.2,6.9,26.8,20.0,19.2,65.6,27.2,8.2,15.8,31.0,71.3,31.3,5.0,0,0,1,0
53011,Clark County,WA,0.4257,0.3264,0.5037,0.6013,0.448,4.8,1.9,6.4,2.8,14.5,5.2,7.0,10.7,11.5,25.3,12.6,24.6,66.9,27.5,8.4,15.8,29.3,74.6,35.0,2.0,0,0,1,0
53013,Columbia County,WA,0.3576,0.2549,0.9275,0.5005,0.1063,4.0,0.9,7.9,0.6,17.1,3.5,10.1,8.2,0.5,20.0,22.9,18.3,67.9,27.9,8.7,15.8,30.0,64.4,32.7,6.0,0,0,1,0
53015,Cowlitz County,WA,0.7124,0.5288,0.8514,0.504,0.7426,6.2,0.7,6.0,1.3,19.8,5.5,9.9,9.8,10.6,27.8,18.9,18.6,68.3,28.7,9.3,15.8,28.7,75.4,40.3,4.0,0,0,1,0
53017,Douglas County,WA,0.8116,0.4909,0.9911,0.7668,0.6939,4.5,0.4,12.0,9.0,15.5,4.3,18.2,33.3,5.4,19.4,18.5,38.8,68.5,23.2,9.5,15.8,29.1,66.2,36.1,4.0,0,0,1,1
53019,Ferry County,WA,0.7159,0.6443,0.5905,0.6481,0.749,6.2,0.2,5.1,0.5,31.3,7.6,8.6,1.8,1.4,24.2,26.1,28.5,66.4,27.6,10.4,15.8,30.7,61.6,40.0,6.0,0,0,1,0
53021,Franklin County,WA,0.9147,0.8909,0.8715,0.9243,0.7833,4.3,1.7,13.6,12.8,24.8,5.7,24.2,53.9,7.6,24.1,11.8,61.4,68.7,20.9,11.3,15.8,30.3,69.3,35.4,3.0,0,0,1,1
53023,Garfield County,WA,0.2456,0.1702,0.6007,0.328,0.2685,1.2,1.0,4.2,0.7,15.6,6.5,7.1,3.8,0.7,17.5,24.1,11.2,68.6,25.6,8.3,15.8,29.8,72.5,30.9,6.0,0,0,1,0
53025,Grant County,WA,0.931,0.8323,0.889,0.8657,0.9271,4.7,1.0,12.3,10.2,24.9,5.4,19.6,42.8,6.8,23.6,13.6,49.0,68.5,23.9,10.8,15.8,30.6,67.3,39.2,5.0,0,0,1,1
53027,Grays Harbor County,WA,0.8215,0.6694,0.8409,0.5654,0.8988,5.5,1.4,7.0,2.0,23.3,6.4,9.9,10.8,6.0,27.5,21.1,22.4,65.7,28.4,10.5,15.8,31.4,72.8,36.8,5.0,0,0,1,1
53029,Island County,WA,0.3032,0.2498,0.322,0.5679,0.3945,3.2,2.5,4.5,0.7,12.9,5.5,4.3,8.5,4.0,27.2,15.7,22.6,69.2,24.8,7.7,15.8,29.3,71.7,31.8,5.0,0,0,1,0
53031,Jefferson County,WA,0.3643,0.4063,0.2946,0.4085,0.3974,4.6,0.4,4.8,0.4,19.2,8.4,2.9,4.1,3.2,27.4,19.9,14.1,69.5,27.4,8.0,15.8,30.4,65.9,29.1,5.0,0,0,1,0
53033,King County,WA,0.3761,0.1938,0.0496,0.8199,0.8816,10.9,6.4,5.3,4.5,12.8,4.5,6.2,10.2,30.2,23.8,10.0,44.1,69.9,23.4,7.2,15.8,32.1,75.4,22.4,1.0,0,0,1,0
53035,Kitsap County,WA,0.3334,0.195,0.2514,0.6128,0.6236,4.3,2.5,5.1,0.8,13.4,4.7,4.8,8.5,9.8,24.6,14.7,25.4,69.6,25.9,8.3,15.8,29.3,71.5,32.0,3.0,0,0,1,0
53037,Kittitas County,WA,0.3366,0.5132,0.013,0.5202,0.6265,3.4,0.8,5.3,0.4,23.2,5.9,6.9,9.6,10.4,29.8,13.0,19.4,67.9,26.8,8.9,15.8,28.9,70.9,36.3,5.0,0,0,1,0
53039,Klickitat County,WA,0.6414,0.6389,0.7178,0.525,0.4995,5.2,0.8,7.4,3.8,23.8,6.9,10.6,12.6,1.2,23.0,16.1,19.8,66.3,25.7,8.7,15.8,28.5,71.0,32.7,6.0,0,0,1,0
53041,Lewis County,WA,0.7028,0.608,0.7887,0.5081,0.6739,4.6,0.5,6.4,1.4,21.3,6.3,10.5,11.2,5.8,26.4,19.5,18.8,64.6,27.9,9.6,15.8,32.0,64.8,38.8,5.0,0,0,1,0
53043,Lincoln County,WA,0.2113,0.1489,0.6131,0.3058,0.2132,2.8,0.3,3.7,0.4,19.2,5.3,7.6,3.9,1.3,16.0,21.4,10.5,69.7,25.2,8.3,15.8,30.5,69.7,37.8,6.0,0,0,1,0
53045,Mason County,WA,0.573,0.4776,0.7162,0.5679,0.525,3.9,1.0,6.5,2.5,19.2,6.2,9.5,11.1,1.2,23.2,19.1,22.6,67.6,26.9,9.2,15.8,31.1,70.5,35.8,5.0,0,0,1,0
53047,Okanogan County,WA,0.9453,0.8836,0.9889,0.7502,0.7595,4.1,1.3,12.8,6.1,30.3,5.8,14.0,21.8,2.0,24.6,16.5,37.3,68.2,25.9,10.4,15.8,29.4,70.7,32.7,6.0,0,0,1,1
53049,Pacific County,WA,0.7038,0.3923,0.9096,0.5371,0.8221,7.5,0.4,5.3,2.3,22.2,4.3,8.7,10.2,4.6,25.6,24.2,20.4,66.9,28.1,9.9,15.8,31.4,71.7,36.4,6.0,0,0,1,0
53051,Pend Oreille County,WA,0.4314,0.447,0.4235,0.4314,0.4279,3.1,0.2,6.5,0.0,21.7,6.1,6.6,4.7,2.7,23.6,21.5,15.1,66.8,27.0,9.3,15.8,30.0,70.8,38.6,6.0,0,0,1,0
53053,Pierce County,WA,0.5434,0.3452,0.4744,0.7391,0.735,5.0,6.8,6.0,2.4,14.8,5.0,7.6,11.9,12.6,26.8,13.3,36.3,69.5,26.7,9.9,15.8,32.3,74.2,36.8,2.0,0,0,1,0
53055,San Juan County,WA,0.1527,0.2424,0.092,0.3723,0.2179,4.6,0.4,7.5,0.6,17.4,3.2,4.2,6.8,2.1,26.3,11.7,12.7,65.4,25.5,7.0,15.8,28.2,71.7,24.8,6.0,0,0,1,0
53057,Skagit County,WA,0.5982,0.4642,0.7426,0.6402,0.5619,3.9,0.7,6.8,3.4,17.6,5.1,9.2,19.3,7.3,26.7,14.5,27.9,67.0,26.8,8.5,15.8,27.9,76.4,33.2,4.0,0,0,1,0
53059,Skamania County,WA,0.2345,0.2619,0.1432,0.5011,0.3252,4.6,0.1,5.2,0.4,16.7,5.2,6.6,8.6,1.6,23.3,12.8,18.4,68.5,27.2,8.2,15.8,28.8,68.6,32.3,2.0,0,0,1,0
53061,Snohomish County,WA,0.3557,0.2428,0.1919,0.7178,0.5832,4.6,3.4,6.2,3.7,12.2,4.4,7.2,11.1,15.5,24.3,11.7,34.5,70.7,25.2,8.3,15.8,31.9,74.2,30.1,2.0,0,0,1,0
53063,Spokane County,WA,0.5638,0.4181,0.419,0.4871,0.8457,7.3,1.8,5.2,1.0,20.2,5.8,5.9,6.5,16.4,28.5,15.5,17.6,71.2,27.1,9.1,15.8,30.5,76.4,34.8,3.0,0,0,1,0
53065,Stevens County,WA,0.4652,0.4613,0.5873,0.4248,0.4018,3.8,0.3,7.4,0.9,22.9,5.3,8.0,4.1,2.3,22.4,18.9,14.8,67.2,26.4,9.1,15.8,29.4,63.6,34.1,3.0,0,0,1,0
53067,Thurston County,WA,0.3939,0.3026,0.3443,0.6424,0.5024,4.6,3.0,5.0,1.5,16.0,5.5,5.7,9.9,10.3,26.4,14.4,28.0,66.7,28.0,8.9,15.8,31.7,75.1,31.1,3.0,0,0,1,0
53069,Wahkiakum County,WA,0.2039,0.3538,0.1514,0.4839,0.1301,3.4,1.0,4.3,0.0,25.5,3.2,7.9,7.4,1.0,27.9,20.5,17.5,67.6,28.6,9.7,15.8,31.9,69.4,39.4,6.0,0,0,1,0
53071,Walla Walla County,WA,0.8078,0.6755,0.7416,0.6634,0.8858,6.2,1.9,8.2,4.2,21.4,5.8,11.1,22.3,8.1,27.6,15.6,29.9,67.9,25.6,9.2,15.8,30.3,73.9,35.4,4.0,0,0,1,1
53073,Whatcom County,WA,0.5002,0.4203,0.1104,0.5778,0.8667,6.1,0.9,5.9,1.6,19.9,4.9,6.7,10.1,15.6,30.7,12.9,23.2,68.7,30.1,7.9,15.8,29.4,72.3,27.3,4.0,0,0,1,0
53075,Whitman County,WA,0.5186,0.6239,0.0099,0.5953,0.9154,9.0,1.9,4.5,1.3,36.1,6.7,4.2,6.7,24.7,37.0,12.2,24.2,70.1,27.1,9.9,15.8,30.5,72.5,32.9,5.0,0,0,1,0
53077,Yakima County,WA,0.9647,0.9698,0.8976,0.9154,0.8317,5.3,0.8,13.3,10.9,29.0,7.2,24.3,51.2,7.7,26.9,13.4,59.2,67.4,22.8,12.1,15.8,31.2,67.2,40.2,3.0,0,0,1,1
54001,Barbour County,WV,0.4563,0.6713,0.1782,0.2062,0.4855,6.9,1.4,5.5,0.5,32.3,10.1,12.1,1.2,1.8,20.1,15.2,7.9,78.0,33.5,13.8,19.7,37.2,73.8,43.8,6.0,0,1,0,0
54003,Berkeley County,WV,0.2704,0.3296,0.1756,0.4913,0.3159,5.5,6.6,6.2,0.6,18.4,4.6,9.4,5.2,3.2,22.2,13.7,17.8,78.7,29.9,12.0,15.5,35.6,79.3,38.1,3.0,0,1,0,0
54005,Boone County,WV,0.4003,0.5794,0.5641,0.0032,0.2603,8.1,0.3,5.8,0.3,26.0,9.8,15.6,0.3,1.0,16.2,24.0,2.7,77.5,32.9,13.1,18.6,36.8,70.4,46.2,4.0,0,1,0,0
54007,Braxton County,WV,0.6013,0.8158,0.2342,0.314,0.5768,8.2,1.0,9.7,0.0,34.4,14.4,17.4,1.1,0.9,17.3,18.5,10.8,77.8,32.4,14.4,21.6,36.0,75.1,41.3,6.0,0,1,0,0
54009,Brooke County,WV,0.378,0.2272,0.5616,0.0983,0.7124,7.0,1.5,5.4,0.8,20.9,5.7,7.5,1.0,6.1,16.1,18.5,6.0,78.0,30.8,11.7,13.9,35.2,79.5,40.3,4.0,0,1,0,0
54011,Cabell County,WV,0.7276,0.784,0.3863,0.3086,0.8635,10.3,4.3,7.5,0.3,31.9,6.1,10.2,1.5,10.6,27.8,18.9,10.6,79.2,33.4,13.2,17.2,36.1,74.1,45.7,3.0,0,1,0,0
54013,Calhoun County,WV,0.4696,0.7302,0.4028,0.021,0.3373,7.7,0.0,9.1,0.0,40.5,12.2,13.2,0.3,0.8,8.9,24.1,4.1,77.1,33.8,15.1,24.5,36.6,71.8,40.4,6.0,0,1,0,0
54015,Clay County,WV,0.538,0.6685,0.4734,0.0057,0.6052,7.9,0.1,5.0,0.0,34.6,11.2,16.7,0.1,0.4,17.0,23.2,3.0,77.4,33.8,14.2,21.9,36.8,71.2,41.6,4.0,0,1,0,0
54017,Doddridge County,WV,0.2625,0.4591,0.0366,0.1225,0.5275,2.6,1.7,8.2,0.0,25.5,4.3,18.0,1.6,0.5,10.9,18.5,6.5,77.0,30.5,13.2,18.0,36.6,75.9,41.0,5.0,0,1,0,0
54019,Fayette County,WV,0.7019,0.7922,0.5231,0.2109,0.7445,10.2,4.5,8.0,0.1,31.6,7.5,15.0,1.3,3.0,21.0,24.3,8.0,77.0,33.2,13.8,18.8,37.6,78.4,40.3,4.0,0,1,0,0
54021,Gilmer County,WV,0.4849,0.5297,0.1295,0.5542,0.6621,6.6,13.6,7.8,0.8,22.1,7.1,17.0,3.9,1.2,10.2,15.5,21.8,78.3,28.6,14.5,20.6,37.5,74.8,43.8,6.0,0,1,0,0
54023,Grant County,WV,0.2695,0.4368,0.3198,0.0299,0.2679,7.2,1.4,8.5,1.3,20.5,5.3,12.3,0.4,1.0,17.8,14.7,4.4,78.0,31.4,12.2,16.0,35.3,73.6,43.3,6.0,0,1,0,0
54025,Greenbrier County,WV,0.4537,0.5848,0.3468,0.2234,0.4477,6.7,2.1,7.1,0.1,31.2,4.3,11.9,2.0,3.1,22.3,19.5,8.3,78.0,31.6,12.9,18.7,35.1,72.8,40.2,6.0,0,1,0,0
54027,Hampshire County,WV,0.4699,0.7235,0.3,0.0821,0.3929,5.2,0.5,12.1,0.1,26.2,8.5,12.3,1.6,0.7,18.2,25.9,5.7,76.8,31.9,12.4,15.9,36.2,77.4,38.8,4.0,0,1,0,0
54029,Hancock County,WV,0.2969,0.5221,0.2622,0.1696,0.2109,6.7,2.1,9.2,0.0,21.7,8.5,9.5,1.6,3.5,18.4,18.6,7.3,78.8,31.7,12.5,16.0,34.9,71.7,43.9,4.0,0,1,0,0
54031,Hardy County,WV,0.3942,0.4874,0.3602,0.3086,0.3742,8.3,4.4,5.2,0.5,31.3,4.6,13.5,4.7,1.6,19.4,17.4,10.6,78.3,32.0,14.2,19.7,36.5,73.7,41.5,6.0,0,1,0,0
54033,Harrison County,WV,0.4703,0.476,0.2409,0.1508,0.7814,8.8,1.3,7.0,0.2,24.4,5.3,11.4,1.8,5.3,19.5,16.2,7.0,79.2,31.1,12.6,15.8,36.7,74.3,40.1,5.0,0,1,0,0
54035,Jackson County,WV,0.2934,0.3112,0.294,0.014,0.5558,9.3,0.2,5.8,0.1,29.7,3.6,9.6,1.1,1.4,18.2,21.1,3.7,78.6,32.4,13.4,16.6,37.1,73.5,42.5,6.0,0,1,0,0
54037,Jefferson County,WV,0.217,0.2164,0.0738,0.5011,0.4658,5.6,5.5,5.8,0.5,14.2,4.9,9.6,6.5,3.3,19.3,13.1,18.4,78.7,28.8,11.2,13.0,34.9,78.8,37.9,2.0,0,1,0,0
54039,Kanawha County,WV,0.5339,0.4696,0.4804,0.3824,0.6949,10.8,6.6,5.3,0.2,26.0,5.4,9.4,1.2,7.1,22.1,18.8,13.2,79.2,31.8,12.4,17.9,36.6,71.7,40.3,4.0,0,1,0,0
54041,Lewis County,WV,0.5568,0.5635,0.4356,0.1696,0.7617,10.3,0.1,6.1,0.1,28.3,8.7,12.2,1.4,4.7,16.8,17.8,7.3,77.5,32.7,13.4,18.2,36.0,73.9,39.9,6.0,0,1,0,0
54043,Lincoln County,WV,0.3983,0.5364,0.461,0.0083,0.3863,9.0,0.1,4.5,0.1,34.5,5.9,17.8,1.2,1.2,13.5,26.0,3.3,78.2,34.4,14.4,21.9,35.6,71.6,45.2,6.0,0,1,0,0
54045,Logan County,WV,0.6624,0.8069,0.5014,0.0337,0.7178,9.8,1.8,7.3,0.0,40.2,13.3,18.9,1.1,2.5,18.0,29.2,4.5,77.7,36.2,14.2,21.4,37.5,68.1,44.7,6.0,0,1,0,0
54047,McDowell County,WV,0.8721,0.9131,0.8237,0.5202,0.7601,9.9,14.1,7.2,0.6,45.7,15.1,22.5,2.0,1.3,22.1,30.0,19.4,76.9,32.6,17.4,30.2,37.1,69.8,46.1,6.0,0,1,0,1
54049,Marion County,WV,0.4394,0.4671,0.3777,0.2164,0.5632,8.0,2.9,7.2,0.2,25.6,6.4,8.6,1.4,2.9,18.7,19.2,8.1,79.0,31.4,12.6,15.3,36.6,77.2,43.0,5.0,0,1,0,0
54051,Marshall County,WV,0.2167,0.2552,0.4827,0.0675,0.2237,6.6,0.7,6.4,0.1,24.5,3.9,7.6,1.0,1.0,19.1,19.5,5.4,77.9,32.0,12.4,16.0,34.6,77.4,37.3,4.0,0,1,0,0
54053,Mason County,WV,0.2774,0.3137,0.1737,0.0229,0.6074,7.1,0.3,6.4,0.0,27.3,2.9,14.4,1.3,1.5,14.2,19.3,4.2,78.3,33.7,13.2,18.9,37.2,75.4,41.2,6.0,0,1,0,0
54055,Mercer County,WV,0.7343,0.5943,0.7856,0.314,0.8791,8.3,5.8,6.4,0.5,32.4,4.2,13.6,1.3,3.6,22.3,23.6,10.8,79.1,33.0,13.6,18.8,37.5,77.8,41.0,5.0,0,1,0,0
54057,Mineral County,WV,0.2135,0.1884,0.357,0.1654,0.3786,6.0,2.4,5.4,0.4,20.7,5.8,6.1,1.1,2.5,15.5,15.9,7.2,77.8,32.3,11.7,13.9,33.9,78.2,39.4,5.0,0,1,0,0
54059,Mingo County,WV,0.6761,0.8422,0.4687,0.0337,0.7092,11.8,2.5,7.1,0.0,41.0,11.2,23.4,0.3,3.8,19.3,33.0,4.5,77.8,36.0,15.8,26.6,37.9,72.4,43.0,6.0,0,1,0,0
54061,Monongalia County,WV,0.3325,0.525,0.0041,0.3748,0.8225,7.1,3.4,5.3,0.3,27.4,5.7,6.1,2.3,17.3,27.9,11.9,12.8,78.2,28.7,12.1,13.2,35.2,82.2,34.2,4.0,0,1,0,0
54063,Monroe County,WV,0.3901,0.5842,0.7276,0.0821,0.119,6.5,0.7,11.1,1.1,22.5,10.6,11.5,2.0,0.5,13.8,23.2,5.7,78.2,32.9,13.1,17.9,37.0,73.9,41.2,6.0,0,1,0,0
54065,Morgan County,WV,0.1759,0.4286,0.0808,0.1094,0.1779,4.3,0.2,7.3,0.2,20.3,5.1,11.8,1.9,0.2,19.8,16.3,6.2,77.7,31.5,12.2,15.6,35.7,72.0,38.8,3.0,0,1,0,0
54067,Nicholas County,WV,0.2794,0.4066,0.5638,0.0089,0.1903,6.6,0.1,5.4,0.1,25.6,6.6,10.9,1.0,1.1,15.2,20.8,3.4,77.1,33.1,12.6,17.6,36.0,76.7,40.3,6.0,0,1,0,0
54069,Ohio County,WV,0.4741,0.3983,0.4324,0.2485,0.7117,12.0,3.2,4.6,0.5,24.4,5.3,7.0,1.3,9.9,24.3,15.3,9.0,78.1,31.2,12.0,14.3,34.9,77.8,40.1,4.0,0,1,0,0
54071,Pendleton County,WV,0.2666,0.5829,0.2991,0.0757,0.1091,4.4,3.3,7.1,0.3,25.4,7.3,16.9,1.5,0.1,14.5,19.1,5.6,77.7,31.9,12.6,16.9,36.6,73.3,36.8,6.0,0,1,0,0
54073,Pleasants County,WV,0.4295,0.4893,0.3338,0.0379,0.6207,4.4,0.7,9.1,0.0,18.3,7.2,12.3,2.6,0.3,17.5,18.4,4.6,77.1,31.8,12.2,15.4,36.4,78.7,43.5,6.0,0,1,0,0
54075,Pocahontas County,WV,0.5546,0.6589,0.2001,0.0627,0.8466,7.2,0.5,5.4,0.0,31.4,8.0,16.8,0.7,15.2,18.0,24.0,5.3,76.6,32.2,13.7,20.3,36.5,72.4,40.6,6.0,0,1,0,0
54077,Preston County,WV,0.4591,0.518,0.1091,0.335,0.7429,6.4,6.0,6.6,0.2,22.0,7.2,13.2,2.3,1.1,18.7,17.9,11.4,77.0,31.7,12.6,16.9,36.3,75.6,37.3,4.0,0,1,0,0
54079,Putnam County,WV,0.077,0.084,0.1912,0.0757,0.209,4.9,0.8,5.3,0.2,18.4,3.8,6.4,1.3,3.3,15.3,11.8,5.6,79.7,31.6,11.3,12.6,36.5,74.2,37.8,3.0,0,1,0,0
54081,Raleigh County,WV,0.7887,0.7439,0.7722,0.3748,0.8447,9.3,7.1,4.8,0.1,32.3,7.1,14.7,1.6,3.5,23.3,24.4,12.8,79.3,32.2,14.2,20.5,37.4,73.9,43.1,4.0,0,1,0,1
54083,Randolph County,WV,0.5189,0.6475,0.0983,0.2399,0.7871,10.9,1.6,7.7,0.2,27.7,7.3,12.3,1.0,2.1,19.3,15.3,8.8,76.8,32.3,12.7,17.2,35.3,72.7,46.2,5.0,0,1,0,0
54085,Ritchie County,WV,0.2609,0.4419,0.5705,0.0083,0.1222,4.6,0.4,7.1,0.3,30.9,3.6,16.5,0.3,0.3,13.4,28.6,3.3,77.7,32.8,13.3,19.8,37.5,74.9,42.4,6.0,0,1,0,0
54087,Roane County,WV,0.6141,0.8953,0.5126,0.0379,0.3942,10.0,0.1,6.8,0.0,37.6,11.7,19.4,1.1,1.7,22.9,23.2,4.6,76.8,33.9,14.5,21.8,36.8,72.3,41.3,6.0,0,1,0,0
54089,Summers County,WV,0.6752,0.6236,0.4499,0.2294,0.9262,8.9,4.7,5.7,0.2,31.1,7.6,17.2,2.3,1.4,15.8,30.4,8.5,78.4,33.2,14.3,22.3,36.1,75.1,39.8,6.0,0,1,0,0
54091,Taylor County,WV,0.3538,0.5418,0.252,0.0337,0.4009,7.1,1.1,5.6,0.1,27.9,9.3,13.0,1.0,1.5,15.7,20.3,4.5,77.3,31.9,12.6,17.1,37.1,75.9,41.6,5.0,0,1,0,0
54093,Tucker County,WV,0.2615,0.3255,0.1721,0.0048,0.5399,9.8,0.1,5.2,0.0,21.0,6.6,11.1,0.1,2.0,14.1,22.0,2.9,78.0,32.2,11.9,15.2,36.0,74.9,39.0,6.0,0,1,0,0
54095,Tyler County,WV,0.1349,0.1826,0.3105,0.0115,0.2017,7.3,0.7,4.8,0.3,21.1,4.9,9.1,1.6,1.3,10.9,24.0,3.6,78.0,32.4,12.8,16.8,37.2,72.7,42.5,6.0,0,1,0,0
54097,Upshur County,WV,0.6045,0.7283,0.2762,0.1037,0.805,9.3,1.4,6.8,0.1,30.2,5.8,12.7,1.4,2.7,23.9,15.3,6.1,78.2,32.1,13.3,18.2,37.1,74.8,37.1,6.0,0,1,0,0
54099,Wayne County,WV,0.3694,0.573,0.3334,0.0169,0.343,8.6,0.9,7.8,0.1,29.7,5.0,15.8,0.7,1.5,17.0,23.3,3.9,78.4,33.3,13.1,18.2,35.9,75.2,42.6,3.0,0,1,0,0
54101,Webster County,WV,0.4916,0.7095,0.3261,0.1508,0.434,13.1,0.3,4.2,0.0,31.4,11.1,20.1,0.6,1.9,19.3,24.2,7.0,77.5,34.1,14.1,21.6,37.2,69.4,42.6,6.0,0,1,0,0
54103,Wetzel County,WV,0.3201,0.3799,0.2704,0.0264,0.5434,6.2,0.1,5.8,0.1,26.3,6.1,10.0,1.1,3.0,13.9,20.4,4.3,77.5,32.8,12.8,17.3,37.2,71.1,42.4,6.0,0,1,0,0
54105,Wirt County,WV,0.2552,0.3913,0.2774,0.0115,0.3163,9.1,1.2,3.7,0.0,34.4,2.6,14.2,0.0,1.3,20.6,24.4,3.6,77.5,32.9,13.3,18.3,36.5,74.7,42.4,4.0,0,1,0,0
54107,Wood County,WV,0.3869,0.4862,0.4658,0.0757,0.3907,8.4,1.2,6.7,0.3,25.8,5.3,9.1,1.4,5.0,21.4,17.9,5.6,79.3,33.9,13.0,16.5,35.8,77.6,43.4,4.0,0,1,0,0
54109,Wyoming County,WV,0.5173,0.7213,0.3942,0.0089,0.5084,10.4,0.5,6.5,0.3,36.4,6.4,23.6,0.9,1.3,17.2,33.6,3.4,77.3,33.7,14.3,22.1,37.8,68.3,44.1,6.0,0,1,0,0
55001,Adams County,WI,0.5259,0.5679,0.399,0.342,0.5962,5.1,2.4,5.8,0.6,23.6,5.0,11.6,4.5,2.1,25.7,21.1,11.6,74.1,25.0,11.2,16.4,30.3,76.2,40.3,6.0,0,0,0,0
55003,Ashland County,WI,0.4852,0.3252,0.3271,0.503,0.8031,6.1,1.5,6.5,0.3,25.7,4.4,4.9,3.3,5.2,22.2,16.9,18.5,74.5,26.8,10.8,15.6,28.1,76.1,41.4,6.0,0,0,0,0
55005,Barron County,WI,0.4009,0.3713,0.6198,0.2234,0.4216,5.2,1.7,7.4,0.7,21.8,3.2,9.4,3.0,4.5,23.6,14.0,8.3,74.3,25.6,9.8,13.5,28.8,78.6,38.3,5.0,0,0,0,0
55007,Bayfield County,WI,0.097,0.1199,0.1457,0.4604,0.1209,3.7,0.8,5.8,0.2,18.0,3.6,4.2,2.4,2.0,20.3,16.9,16.4,74.4,25.9,9.2,11.5,31.7,81.1,38.9,6.0,0,0,0,0
55009,Brown County,WI,0.3007,0.1492,0.4133,0.5444,0.5364,4.9,2.6,5.5,2.3,16.3,2.9,7.1,9.4,12.0,22.4,11.3,21.1,76.1,23.7,9.3,12.2,29.8,81.8,41.1,3.0,0,0,0,0
55011,Buffalo County,WI,0.0595,0.1524,0.224,0.0675,0.0525,3.7,0.3,5.2,0.5,14.5,2.3,8.1,2.6,4.3,23.5,14.2,5.4,74.6,25.4,9.4,12.3,29.3,79.3,39.4,6.0,0,0,0,0
55013,Burnett County,WI,0.1928,0.412,0.23,0.2879,0.0824,3.2,0.7,7.1,0.3,22.2,5.2,7.3,2.1,1.5,22.6,17.7,10.0,73.5,25.2,10.0,13.9,29.2,80.8,38.8,6.0,0,0,0,0
55015,Calumet County,WI,0.0115,0.0086,0.1009,0.3058,0.0391,3.8,1.0,2.9,0.9,11.4,2.3,5.2,4.7,4.7,17.6,9.5,10.5,75.0,24.3,8.5,10.0,28.5,78.4,32.8,4.0,0,0,0,0
55017,Chippewa County,WI,0.1056,0.1686,0.0675,0.1572,0.2704,4.2,1.5,5.5,0.6,18.2,3.0,7.3,1.9,4.1,22.1,11.2,7.1,73.0,25.3,9.4,11.8,29.3,77.6,41.4,4.0,0,0,0,0
55019,Clark County,WI,0.6347,0.6096,0.5584,0.2265,0.7929,9.4,0.2,20.9,2.4,22.4,3.4,17.8,5.5,3.7,19.3,11.8,8.4,71.5,23.7,10.2,16.4,30.0,75.9,38.1,6.0,0,0,0,0
55021,Columbia County,WI,0.0993,0.0668,0.1053,0.2399,0.3878,4.2,1.5,5.1,0.4,14.3,3.2,6.1,3.9,6.6,19.3,11.5,8.8,72.8,24.5,9.0,11.1,28.1,77.9,33.2,3.0,0,0,0,0
55023,Crawford County,WI,0.2905,0.2679,0.182,0.1409,0.6602,6.6,1.8,8.0,0.6,21.3,2.8,8.2,1.8,2.7,21.1,12.1,6.8,73.8,25.2,10.1,14.2,28.9,76.0,37.6,6.0,0,0,0,0
55025,Dane County,WI,0.1855,0.1053,0.0388,0.5616,0.65,7.5,5.0,3.7,1.3,15.5,2.3,4.0,6.8,26.1,26.2,8.6,22.2,73.5,24.2,8.1,9.5,27.4,79.6,33.4,3.0,0,0,0,0
55027,Dodge County,WI,0.1584,0.1613,0.0818,0.3248,0.4349,4.4,2.5,4.1,0.8,14.6,4.1,7.8,5.5,8.9,22.3,11.9,11.1,76.2,23.8,9.2,12.8,30.9,78.3,42.5,5.0,0,0,0,0
55029,Door County,WI,0.0525,0.1066,0.1499,0.1572,0.0808,3.1,0.4,4.0,0.8,14.6,3.7,4.2,3.7,5.1,23.2,12.3,7.1,75.2,23.4,8.6,9.8,28.9,79.1,36.8,6.0,0,0,0,0
55031,Douglas County,WI,0.2946,0.1654,0.3633,0.2692,0.6573,8.2,1.3,5.2,0.7,18.0,3.7,5.6,1.8,8.1,22.7,15.0,9.5,75.1,25.1,9.4,11.9,30.1,79.3,40.9,3.0,0,0,0,0
55033,Dunn County,WI,0.188,0.2195,0.0235,0.2234,0.6615,4.7,0.3,5.1,0.9,19.9,3.7,5.9,2.2,6.9,24.2,12.5,8.3,74.5,25.3,9.3,11.8,29.0,78.7,40.7,5.0,0,0,0,0
55035,Eau Claire County,WI,0.1616,0.1301,0.0487,0.3388,0.5896,5.7,1.1,6.1,0.8,17.3,3.2,3.9,2.8,9.3,21.8,12.9,11.5,74.5,26.2,8.9,11.0,29.3,80.1,31.4,4.0,0,0,0,0
55037,Florence County,WI,0.112,0.3458,0.1317,0.0379,0.0697,2.8,0.4,7.5,0.1,17.6,6.0,8.6,0.4,1.7,19.4,17.7,4.6,74.5,25.3,9.2,11.5,30.3,76.5,36.8,5.0,0,0,0,0
55039,Fond du Lac County,WI,0.1887,0.091,0.1766,0.3592,0.5597,5.7,1.6,4.2,1.0,14.5,3.3,7.5,5.8,10.6,20.3,13.0,12.2,75.4,25.6,9.3,12.2,30.2,77.4,43.8,4.0,0,0,0,0
55041,Forest County,WI,0.3799,0.4563,0.2208,0.552,0.3691,4.2,0.3,8.4,0.1,24.9,4.0,9.7,2.5,1.8,21.5,16.6,21.7,75.3,27.6,12.0,17.4,32.8,78.2,45.8,6.0,0,0,0,0
55043,Grant County,WI,0.2224,0.2685,0.0379,0.0983,0.6968,5.2,1.7,7.8,0.4,23.0,3.1,7.5,2.0,7.7,20.6,10.7,6.0,74.6,25.2,10.3,13.6,29.6,77.8,42.7,5.0,0,0,0,0
55045,Green County,WI,0.0684,0.048,0.2701,0.1276,0.1887,3.9,0.6,4.2,0.8,12.5,3.4,6.8,3.4,5.1,18.1,12.4,6.6,74.2,24.5,8.7,10.7,30.1,80.0,39.9,3.0,0,0,0,0
55047,Green Lake County,WI,0.4228,0.3261,0.6987,0.2399,0.4779,6.2,0.9,8.9,0.9,21.6,3.3,8.9,5.4,5.4,20.6,15.0,8.8,73.8,25.4,10.1,14.6,29.3,74.1,40.4,6.0,0,0,0,0
55049,Iowa County,WI,0.0051,0.0172,0.0493,0.1339,0.0328,3.2,0.8,3.1,0.2,13.4,2.4,4.5,2.1,3.9,18.5,11.8,6.7,73.9,25.0,8.6,10.5,29.1,77.0,38.2,3.0,0,0,0,0
55051,Iron County,WI,0.0926,0.2087,0.2049,0.0757,0.0834,4.2,0.1,6.2,0.4,19.8,3.9,3.8,1.6,3.1,22.8,16.6,5.6,73.8,24.5,9.6,12.3,28.5,77.8,34.6,6.0,0,0,0,0
55053,Jackson County,WI,0.5231,0.5126,0.2424,0.4146,0.7541,5.3,1.6,7.5,0.7,21.4,5.5,8.2,3.7,3.3,24.8,13.8,14.4,74.3,24.8,10.6,15.5,30.0,78.1,40.2,6.0,0,0,0,0
55055,Jefferson County,WI,0.1276,0.1107,0.0684,0.335,0.4283,4.4,0.9,4.5,1.1,12.8,3.4,7.3,7.5,6.3,21.7,11.7,11.4,74.0,23.7,8.9,11.2,27.9,77.2,40.9,5.0,0,0,0,0
55057,Juneau County,WI,0.4273,0.4489,0.2354,0.342,0.6166,3.4,2.5,6.8,0.5,23.8,4.2,10.6,3.3,3.6,22.3,16.9,11.6,73.8,25.7,10.9,15.5,30.4,75.0,41.7,6.0,0,0,0,0
55059,Kenosha County,WI,0.5215,0.4543,0.4718,0.6268,0.5546,4.9,6.4,6.4,1.8,18.1,5.4,8.7,14.0,11.4,25.9,13.0,26.6,75.1,24.7,10.0,13.4,29.1,78.6,40.1,4.0,0,0,0,0
55061,Kewaunee County,WI,0.0064,0.0118,0.1107,0.1225,0.022,3.9,0.5,4.2,0.6,11.9,2.0,5.9,3.4,2.7,16.4,12.2,6.5,75.1,24.3,9.2,11.4,29.4,77.0,41.1,3.0,0,0,0,0
55063,La Crosse County,WI,0.182,0.1514,0.0318,0.3388,0.6672,7.0,1.5,4.7,0.7,18.3,3.1,3.7,2.2,15.5,25.0,11.4,11.5,77.4,25.4,9.3,10.8,31.1,79.9,39.0,4.0,0,0,0,0
55065,Lafayette County,WI,0.1339,0.2383,0.3936,0.1508,0.0643,4.6,0.5,9.9,1.8,18.8,2.4,8.7,4.4,2.3,19.6,10.7,7.0,74.8,25.4,9.8,13.9,30.3,77.4,41.9,6.0,0,0,0,0
55067,Langlade County,WI,0.1607,0.258,0.2669,0.1572,0.1613,4.5,0.4,5.1,0.2,20.9,4.9,10.3,2.3,4.2,17.6,16.6,7.1,73.8,23.9,10.0,14.5,30.8,77.2,37.1,6.0,0,0,0,0
55069,Lincoln County,WI,0.1775,0.2485,0.1995,0.1037,0.2848,5.3,0.6,4.8,0.5,20.0,4.8,7.8,2.0,3.7,20.9,15.5,6.1,74.5,25.9,9.5,13.4,30.0,78.3,42.1,6.0,0,0,0,0
55071,Manitowoc County,WI,0.1346,0.0566,0.3993,0.3248,0.2854,5.9,1.0,4.6,1.4,17.1,2.0,7.4,4.7,7.1,17.9,12.4,11.1,74.5,23.1,9.2,12.6,28.8,75.9,38.9,5.0,0,0,0,0
55073,Marathon County,WI,0.1473,0.1161,0.3086,0.3697,0.2224,4.7,0.5,6.1,1.3,15.0,3.1,7.3,3.1,8.1,19.9,12.2,12.6,74.2,25.1,8.8,11.9,31.0,76.1,36.0,4.0,0,0,0,0
55075,Marinette County,WI,0.1088,0.118,0.1349,0.0735,0.3379,4.2,0.5,4.3,0.2,18.7,3.8,7.8,2.2,3.4,18.2,15.9,5.5,74.5,25.4,9.9,13.4,30.1,76.3,37.6,5.0,0,0,0,0
55077,Marquette County,WI,0.2227,0.2829,0.44,0.1861,0.1896,4.5,0.5,5.6,0.6,20.5,3.6,8.5,3.8,1.8,23.2,18.2,7.6,74.6,25.7,10.1,14.3,30.2,79.2,43.0,6.0,0,0,0,0
55078,Menominee County,WI,0.5743,0.5692,0.5997,0.9927,0.2749,5.2,0.2,23.8,0.0,26.8,10.7,4.5,8.4,0.1,13.8,15.9,89.1,75.7,24.1,15.3,28.9,29.1,73.9,45.4,5.0,0,0,0,0
55079,Milwaukee County,WI,0.8276,0.6942,0.7569,0.8743,0.839,12.6,25.7,7.3,3.3,27.3,4.7,10.5,16.1,20.4,33.0,12.4,50.7,77.9,23.7,12.4,19.5,30.4,82.6,38.8,1.0,0,0,0,0
55081,Monroe County,WI,0.4432,0.3315,0.3497,0.3166,0.7474,7.1,1.5,9.2,0.8,21.6,2.7,9.1,5.1,4.4,21.3,13.6,10.9,74.5,26.4,10.4,14.9,30.0,77.2,44.0,5.0,0,0,0,0
55083,Oconto County,WI,0.0204,0.0477,0.0525,0.0983,0.1005,3.3,0.2,4.1,0.1,15.4,2.0,7.6,2.1,1.7,18.5,14.3,6.0,75.2,25.1,9.4,12.6,30.1,77.8,42.0,3.0,0,0,0,0
55085,Oneida County,WI,0.036,0.0799,0.0713,0.1037,0.0974,3.7,0.4,5.0,0.2,17.9,2.2,4.6,1.7,3.4,21.0,14.8,6.1,74.8,26.1,9.3,11.0,29.0,77.7,34.9,6.0,0,0,0,0
55087,Outagamie County,WI,0.0671,0.0366,0.1094,0.3977,0.2412,4.2,1.3,4.6,1.0,12.3,3.1,5.8,4.7,9.3,18.4,10.6,13.8,77.0,24.3,8.9,10.7,30.5,80.5,36.4,4.0,0,0,0,0
55089,Ozaukee County,WI,0.0395,0.0305,0.0926,0.2816,0.1492,3.6,1.4,2.6,0.5,9.4,2.6,2.3,3.4,10.0,21.3,10.0,9.8,76.8,23.3,7.8,8.0,30.6,83.5,30.4,2.0,0,0,0,0
55091,Pepin County,WI,0.0442,0.0808,0.2603,0.0474,0.055,3.9,0.3,7.4,0.6,14.6,2.2,6.1,2.3,2.5,18.6,12.4,4.9,74.8,24.7,9.0,11.1,29.4,77.7,36.4,6.0,0,0,0,0
55093,Pierce County,WI,0.0216,0.0442,0.0051,0.1928,0.329,3.5,0.5,3.6,0.1,15.1,2.9,4.5,2.5,6.3,20.2,10.5,7.7,73.7,23.9,8.9,10.4,29.7,75.5,34.3,2.0,0,0,0,0
55095,Polk County,WI,0.0703,0.1648,0.1015,0.0932,0.1282,3.2,0.4,6.5,0.2,14.4,4.2,6.5,2.0,3.6,20.8,14.2,5.9,73.8,24.4,9.2,11.4,31.1,79.2,35.2,6.0,0,0,0,0
55097,Portage County,WI,0.1063,0.098,0.0347,0.2879,0.4613,4.7,0.9,5.1,0.8,17.4,3.3,5.3,3.6,7.4,20.5,10.8,10.0,76.1,25.1,8.7,11.9,30.3,80.2,36.5,5.0,0,0,0,0
55099,Price County,WI,0.2253,0.2138,0.2364,0.1276,0.4916,5.6,0.2,5.9,0.2,21.8,2.7,7.1,2.1,3.2,22.3,17.1,6.6,74.9,24.6,10.0,14.2,29.5,75.4,42.2,6.0,0,0,0,0
55101,Racine County,WI,0.4674,0.3163,0.6519,0.6656,0.4515,5.9,10.7,5.3,1.3,17.9,4.4,8.8,14.5,9.4,24.6,12.9,30.1,75.0,23.1,10.4,15.0,28.1,82.8,42.2,4.0,0,0,0,0
55103,Richland County,WI,0.3764,0.2892,0.4703,0.1508,0.6274,7.4,0.7,9.7,1.0,21.9,2.6,8.9,2.8,4.2,19.6,14.2,7.0,73.7,24.5,10.1,14.5,28.4,75.4,37.6,6.0,0,0,0,0
55105,Rock County,WI,0.2988,0.2176,0.5259,0.5119,0.3121,5.5,4.6,5.5,1.4,16.9,3.9,7.7,9.5,7.5,22.8,13.2,19.0,74.5,24.1,10.3,13.4,29.4,73.6,41.7,4.0,0,0,0,0
55107,Rusk County,WI,0.216,0.3627,0.329,0.0983,0.1756,3.9,0.7,6.9,0.2,22.2,4.7,8.9,2.1,1.9,20.5,16.7,6.0,75.3,25.0,10.6,14.9,29.3,77.1,40.9,6.0,0,0,0,0
55109,St. Croix County,WI,0.0086,0.0073,0.0668,0.1753,0.0474,2.9,0.7,3.6,0.4,9.9,2.2,3.8,2.6,6.8,18.1,9.8,7.4,73.9,23.3,8.1,9.1,28.1,80.2,35.5,2.0,0,0,0,0
55111,Sauk County,WI,0.2323,0.1877,0.3309,0.3217,0.3869,5.2,0.8,6.6,0.9,15.8,2.8,7.8,5.8,8.0,22.7,12.9,11.0,74.4,25.5,9.8,12.2,29.2,79.7,40.2,5.0,0,0,0,0
55113,Sawyer County,WI,0.3758,0.4731,0.3178,0.5829,0.237,4.3,0.6,7.3,0.3,22.3,6.5,7.2,2.8,1.7,22.0,15.4,23.5,75.1,25.2,10.4,15.6,28.9,77.3,34.2,6.0,0,0,0,0
55115,Shawano County,WI,0.1769,0.1639,0.1728,0.4146,0.3089,5.0,0.5,6.4,0.2,18.7,2.9,7.9,3.1,3.7,20.0,14.9,14.4,75.2,23.7,9.7,14.3,29.5,75.3,40.2,5.0,0,0,0,0
55117,Sheboygan County,WI,0.16,0.0465,0.2552,0.4871,0.4645,4.9,1.9,4.2,1.0,14.6,2.8,6.2,6.9,9.1,19.3,10.7,17.6,75.2,22.9,9.3,12.0,29.2,81.1,36.4,4.0,0,0,0,0
55119,Taylor County,WI,0.189,0.2612,0.3659,0.0579,0.2055,5.3,0.2,6.3,1.1,18.6,3.2,10.7,2.4,2.0,21.3,11.7,5.2,75.2,23.3,9.5,13.1,29.9,79.9,44.1,6.0,0,0,0,0
55121,Trempealeau County,WI,0.1989,0.1788,0.4213,0.3503,0.2074,4.8,0.4,7.8,2.1,16.2,2.6,8.3,9.2,3.7,20.4,10.5,11.9,74.5,24.5,9.8,13.4,29.4,76.5,41.1,6.0,0,0,0,0
55123,Vernon County,WI,0.4779,0.4353,0.5504,0.0544,0.6977,8.4,0.2,14.4,1.4,22.0,2.5,9.7,1.7,3.9,21.0,10.5,5.1,74.1,24.7,9.7,13.5,29.5,77.7,38.7,4.0,0,0,0,0
55125,Vilas County,WI,0.0729,0.2014,0.0913,0.4314,0.0398,4.4,0.5,7.1,0.1,17.1,4.6,4.6,2.6,1.7,20.8,15.8,15.1,73.7,25.4,8.9,12.4,30.3,79.2,38.3,6.0,0,0,0,0
55127,Walworth County,WI,0.2074,0.1995,0.1584,0.4407,0.3608,3.6,0.8,6.0,1.8,15.9,3.1,8.1,11.4,8.1,23.1,11.9,15.5,74.7,22.8,9.2,11.8,29.5,77.2,39.3,5.0,0,0,0,0
55129,Washburn County,WI,0.119,0.2762,0.1788,0.1339,0.085,3.6,0.2,6.5,0.3,20.8,4.1,6.7,1.9,1.5,22.5,16.2,6.7,74.7,24.1,9.7,13.0,30.8,74.9,35.1,6.0,0,0,0,0
55131,Washington County,WI,0.008,0.0194,0.0344,0.2294,0.0401,3.5,1.3,3.5,0.3,8.6,3.1,4.8,3.4,9.3,18.3,9.7,8.5,75.9,23.6,8.1,9.3,29.4,79.5,35.9,2.0,0,0,0,0
55133,Waukesha County,WI,0.0191,0.02,0.0541,0.3888,0.0853,3.3,1.6,3.1,0.7,8.1,2.6,3.2,5.1,13.4,19.9,9.6,13.4,76.4,21.4,8.2,8.2,29.4,83.6,33.1,2.0,0,0,0,0
55135,Waupaca County,WI,0.1142,0.1037,0.2059,0.1276,0.2937,4.5,0.7,5.9,0.4,15.2,2.7,7.2,3.4,4.7,20.1,14.2,6.6,74.6,24.5,10.0,12.8,30.0,82.7,37.8,6.0,0,0,0,0
55137,Waushara County,WI,0.3917,0.3837,0.3583,0.3322,0.51,4.9,1.9,8.4,0.8,18.2,4.1,10.8,6.5,2.7,21.8,15.9,11.3,74.1,24.1,10.2,14.4,28.5,77.4,39.5,6.0,0,0,0,0
55139,Winnebago County,WI,0.1549,0.1094,0.0853,0.3847,0.5084,5.2,2.5,4.7,0.8,18.3,2.4,5.8,4.5,12.0,22.2,12.1,13.3,76.6,23.9,9.9,11.6,29.9,81.8,40.6,4.0,0,0,0,0
55141,Wood County,WI,0.1791,0.1651,0.3487,0.2399,0.2619,4.8,0.7,5.0,0.5,18.5,4.2,6.7,3.4,8.3,20.5,14.8,8.8,73.9,24.2,9.7,12.8,28.8,80.1,39.9,5.0,0,0,0,0
56001,Albany County,WY,0.2533,0.5651,0.0006,0.5119,0.5857,4.9,0.8,7.8,0.3,31.5,4.4,3.4,9.9,9.5,34.0,10.3,19.0,70.0,22.7,9.2,15.8,30.4,64.4,30.6,5.0,0,0,1,0
56003,Big Horn County,WY,0.531,0.5447,0.7926,0.4018,0.3064,3.0,0.4,14.1,1.5,20.2,6.0,11.9,9.7,0.8,16.1,16.8,13.9,64.4,23.0,9.8,15.8,28.9,60.4,33.9,6.0,0,0,1,0
56005,Campbell County,WY,0.2367,0.2345,0.3137,0.4018,0.2819,3.0,0.4,13.8,0.8,14.4,3.0,8.0,8.9,8.1,19.0,10.4,13.9,66.2,23.0,9.1,15.8,30.3,63.2,35.3,5.0,0,0,1,0
56007,Carbon County,WY,0.5377,0.51,0.4547,0.5892,0.5539,3.6,1.4,14.2,0.6,25.3,4.8,9.9,18.7,3.8,16.5,12.6,23.8,66.3,20.6,10.7,15.8,29.9,60.1,38.3,6.0,0,0,1,0
56009,Converse County,WY,0.2781,0.2778,0.3169,0.3503,0.37,4.5,0.2,10.1,0.9,18.1,4.3,7.7,8.5,6.2,19.0,15.6,11.9,67.6,22.0,9.3,15.8,28.8,65.5,36.9,6.0,0,0,1,0
56011,Crook County,WY,0.0722,0.0881,0.3678,0.1753,0.0767,1.5,0.0,6.9,1.0,10.7,1.0,5.9,2.8,0.9,21.7,11.6,7.4,67.2,21.8,8.4,15.8,28.3,67.1,32.1,6.0,0,0,1,0
56013,Fremont County,WY,0.7642,0.7582,0.4442,0.6793,0.8193,5.2,0.5,19.4,0.1,23.5,8.2,6.9,7.8,3.7,24.0,14.7,31.1,63.1,21.7,10.1,15.8,27.7,63.0,34.1,5.0,0,0,1,1
56015,Goshen County,WY,0.2918,0.2214,0.2485,0.4445,0.5348,4.7,0.5,8.7,0.3,16.9,2.6,6.7,11.2,4.2,22.8,17.4,15.7,67.6,22.4,9.7,15.8,28.7,67.7,37.5,6.0,0,0,1,0
56017,Hot Springs County,WY,0.1938,0.2628,0.2848,0.3118,0.1769,4.2,0.0,15.0,0.1,27.3,1.4,4.9,4.1,1.7,16.6,18.9,10.7,67.4,23.2,10.0,15.8,30.2,67.1,35.5,6.0,0,0,1,0
56019,Johnson County,WY,0.1709,0.2981,0.0461,0.328,0.2946,3.1,0.2,11.5,0.0,25.9,2.3,7.2,5.5,3.4,18.3,13.3,11.2,65.6,21.8,9.3,15.8,30.1,66.3,35.6,6.0,0,0,1,0
56021,Laramie County,WY,0.2514,0.2657,0.2129,0.5759,0.272,4.9,2.1,8.6,0.5,15.8,3.5,5.7,15.5,5.8,25.2,14.0,23.0,68.4,21.7,9.3,15.8,30.0,68.5,33.9,4.0,0,0,1,0
56023,Lincoln County,WY,0.118,0.1015,0.2864,0.2323,0.2036,3.1,0.1,12.3,1.1,12.2,2.6,5.9,5.0,1.0,14.4,12.3,8.6,65.8,21.2,8.9,15.8,28.0,66.8,34.8,6.0,0,0,1,0
56025,Natrona County,WY,0.3987,0.2991,0.5775,0.42,0.4601,4.2,0.4,11.1,0.5,16.7,3.5,5.9,9.1,10.5,23.2,15.2,14.6,68.6,23.9,9.6,15.8,28.1,68.8,36.4,4.0,0,0,1,0
56027,Niobrara County,WY,0.419,0.6955,0.1623,0.3118,0.2988,3.0,0.2,8.5,0.3,27.0,5.3,8.1,5.0,3.5,31.8,16.9,10.7,66.9,24.4,9.8,15.8,29.1,62.9,36.6,6.0,0,0,1,0
56029,Park County,WY,0.1072,0.216,0.0608,0.3446,0.1527,2.5,0.6,11.7,0.1,16.6,2.7,4.6,6.0,1.9,21.6,12.4,11.7,66.2,22.7,8.7,15.8,28.8,70.4,31.8,5.0,0,0,1,0
56031,Platte County,WY,0.3309,0.3611,0.4757,0.4222,0.2507,3.4,0.5,18.2,0.9,21.2,4.0,6.5,8.4,4.8,18.5,18.6,14.7,65.5,22.0,9.6,15.8,28.7,60.8,36.0,6.0,0,0,1,0
56033,Sheridan County,WY,0.2211,0.2625,0.0872,0.265,0.49,4.0,0.3,10.5,0.4,14.6,3.0,3.7,4.7,6.1,26.3,11.8,9.4,67.8,24.6,8.4,15.8,26.5,71.5,30.5,5.0,0,0,1,0
56035,Sublette County,WY,0.1225,0.1238,0.3828,0.265,0.1308,0.8,0.0,10.4,0.2,12.8,3.9,4.1,7.0,2.1,16.7,15.0,9.4,67.3,21.9,8.4,15.8,30.1,66.4,32.9,6.0,0,0,1,0
56037,Sweetwater County,WY,0.4722,0.3703,0.6309,0.5616,0.4458,2.0,1.2,12.2,1.0,18.0,5.7,7.0,16.2,5.6,18.2,16.0,22.2,67.5,24.0,10.0,15.8,28.9,64.6,36.0,5.0,0,0,1,0
56039,Teton County,WY,0.1693,0.1005,0.0468,0.5352,0.5861,1.9,0.6,11.9,2.6,10.5,2.1,4.0,15.2,6.6,18.4,5.7,20.3,67.1,18.4,7.3,15.8,26.6,69.5,23.5,5.0,0,0,1,0
56041,Uinta County,WY,0.2803,0.1136,0.391,0.3824,0.6526,3.7,0.2,10.8,0.7,15.2,3.4,5.6,9.9,6.7,12.6,16.6,13.2,65.1,21.5,9.3,15.8,28.8,68.7,34.1,5.0,0,0,1,0
56043,Washakie County,WY,0.2192,0.2415,0.1858,0.5011,0.2717,4.7,0.0,11.5,0.4,19.1,1.8,5.3,14.3,1.1,22.1,13.5,18.4,64.7,22.0,10.3,15.8,28.7,64.6,33.4,6.0,0,0,1,0
56045,Weston County,WY,0.3331,0.3404,0.055,0.4165,0.7283,3.4,0.1,17.8,0.1,19.8,3.6,8.9,3.5,2.8,16.2,13.8,14.5,64.5,20.7,9.7,15.8,29.6,64.2,35.5,6.0,0,0,1,0
